{"type":"FeatureCollection","features":[{"type":"Feature","geometry":{"type":"Point","coordinates":[24.04737711,49.826999839]},"properties":{"address":"ген. Грицая Д. 10","name_build":"вілла","date_build":"30-ті XX ст.","num_ohor_build":"2577","moid":"9505408688925804","geom":{"type":"Point","coordinates":[24.04737710952759,49.82699983928232]},"note":null,"editor_id":null,"uid":null,"editor_date":null}},{"type":"Feature","geometry":null,"properties":{"address":"ген. Грицая Д. 11а","name_build":"вілла","date_build":"30-ті XX ст.","num_ohor_build":"2579","moid":"9505408688925806","geom":null,"note":null,"editor_id":null,"uid":null,"editor_date":null}},{"type":"Feature","geometry":null,"properties":{"address":"Краківська 28","name_build":"житл. буд.","date_build":"кін. XIX ст.","num_ohor_build":"962","moid":"9505408688926222","geom":null,"note":null,"editor_id":null,"uid":null,"editor_date":null}},{"type":"Feature","geometry":{"type":"Point","coordinates":[24.029839504,49.84394396]},"properties":{"address":"Краківська 26","name_build":"житл. буд.","date_build":"кін. XIX ст.","num_ohor_build":"962","moid":"9505408688926221","geom":{"type":"Point","coordinates":[24.02983950406767,49.84394396007853]},"note":null,"editor_id":null,"uid":null,"editor_date":null}},{"type":"Feature","geometry":{"type":"Point","coordinates":[24.029693484,49.844507966]},"properties":{"address":"Краківська 34","name_build":"житл.-адм.буд.","date_build":"XIX ст.","num_ohor_build":"2121","moid":"9505408688926223","geom":{"type":"Point","coordinates":[24.029693483666723,49.84450796591039]},"note":null,"editor_id":null,"uid":null,"editor_date":null}},{"type":"Feature","geometry":{"type":"Point","coordinates":[24.037115523,49.845148081]},"properties":{"address":"Кривоноса М. 1","name_build":"монастир школа міліції (монастир о.реформаторів костелу Казимира)","date_build":"1656-1664 рр.","num_ohor_build":"139","moid":"9505408688926230","geom":{"type":"Point","coordinates":[24.03711552263214,49.8451480805799]},"note":null,"editor_id":null,"uid":null,"editor_date":null}},{"type":"Feature","geometry":{"type":"Point","coordinates":[24.040631566,49.844728125]},"properties":{"address":"Кривоноса М. 6","name_build":"колегія Театинів","date_build":"1738-1745 рр.","num_ohor_build":"603","moid":"9505408688926231","geom":{"type":"Point","coordinates":[24.04063156572773,49.8447281247556]},"note":null,"editor_id":null,"uid":null,"editor_date":null}},{"type":"Feature","geometry":{"type":"Point","coordinates":[24.041253496,49.846937165]},"properties":{"address":"Кривоноса М. 35","name_build":"житл. буд.","date_build":"1911-1912 рр.","num_ohor_build":"957","moid":"9505408688926232","geom":{"type":"Point","coordinates":[24.041253495596465,49.84693716460303]},"note":null,"editor_id":null,"uid":null,"editor_date":null}},{"type":"Feature","geometry":{"type":"Point","coordinates":[24.041348491,49.847100168]},"properties":{"address":"Кривоноса М. 37","name_build":"житл. буд.","date_build":"1911-1913 рр.","num_ohor_build":"958","moid":"9505408688926233","geom":{"type":"Point","coordinates":[24.041348490823403,49.84710016824261]},"note":null,"editor_id":null,"uid":null,"editor_date":null}},{"type":"Feature","geometry":null,"properties":{"address":"Кривчицька дор. 123","name_build":"церква Iллі","date_build":"XVII ст.","num_ohor_build":"2432","moid":"9505408688926234","geom":null,"note":null,"editor_id":null,"uid":null,"editor_date":null}},{"type":"Feature","geometry":null,"properties":{"address":"акад. Крип'якевича І. 4","name_build":"вілла","date_build":"поч. XX ст.","num_ohor_build":"2648","moid":"9505408688926235","geom":null,"note":null,"editor_id":null,"uid":null,"editor_date":null}},{"type":"Feature","geometry":null,"properties":{"address":"акад. Крип'якевича І. 9","name_build":"вілла","date_build":"поч. XX ст.","num_ohor_build":"2649","moid":"9505408688926236","geom":null,"note":null,"editor_id":null,"uid":null,"editor_date":null}},{"type":"Feature","geometry":null,"properties":{"address":"акад. Крип'якевича І. 12","name_build":"вілла","date_build":"поч. XX ст.","num_ohor_build":"2650","moid":"9505408688926237","geom":null,"note":null,"editor_id":null,"uid":null,"editor_date":null}},{"type":"Feature","geometry":null,"properties":{"address":"акад. Крип'якевича І. 14","name_build":"вілла","date_build":"поч. XX ст.","num_ohor_build":"2651","moid":"9505408688926238","geom":null,"note":null,"editor_id":null,"uid":null,"editor_date":null}},{"type":"Feature","geometry":null,"properties":{"address":"акад. Крип'якевича І. 15","name_build":"вілла","date_build":"поч. XX ст.","num_ohor_build":"2652","moid":"9505408688926239","geom":null,"note":null,"editor_id":null,"uid":null,"editor_date":null}},{"type":"Feature","geometry":null,"properties":{"address":"Круп`ярська 15","name_build":"вілла","date_build":"30-ті XX ст.","num_ohor_build":"2653","moid":"9505408688926240","geom":null,"note":null,"editor_id":null,"uid":null,"editor_date":null}},{"type":"Feature","geometry":null,"properties":{"address":"Круп`ярська 19","name_build":"вілла","date_build":"30-ті XX ст.","num_ohor_build":"2654","moid":"9505408688926241","geom":null,"note":null,"editor_id":null,"uid":null,"editor_date":null}},{"type":"Feature","geometry":{"type":"Point","coordinates":[24.049128268,49.826151985]},"properties":{"address":"родини Крушельницьких 24","name_build":"вілла","date_build":"30-ті XX ст.","num_ohor_build":"2799","moid":"9505408688926242","geom":{"type":"Point","coordinates":[24.0491282675196,49.82615198511193]},"note":null,"editor_id":null,"uid":null,"editor_date":null}},{"type":"Feature","geometry":{"type":"Point","coordinates":[24.048956272,49.82599198]},"properties":{"address":"родини Крушельницьких 26","name_build":"вілла","date_build":"30-ті XX ст.","num_ohor_build":"2800","moid":"9505408688926243","geom":{"type":"Point","coordinates":[24.04895627155311,49.8259919804188]},"note":null,"editor_id":null,"uid":null,"editor_date":null}},{"type":"Feature","geometry":{"type":"Point","coordinates":[24.022772636,49.838378781]},"properties":{"address":"Крушельницької С. 1","name_build":"житл. буд.","date_build":"1878-1894 рр.","num_ohor_build":"734","moid":"9505408688926244","geom":{"type":"Point","coordinates":[24.02277263572144,49.83837878139106]},"note":null,"editor_id":null,"uid":null,"editor_date":null}},{"type":"Feature","geometry":{"type":"Point","coordinates":[24.02243264,49.838166774]},"properties":{"address":"Крушельницької С. 3","name_build":"житл. буд.","date_build":"1878-1894 рр.","num_ohor_build":"377","moid":"9505408688926245","geom":{"type":"Point","coordinates":[24.02243264015748,49.838166773576305]},"note":null,"editor_id":null,"uid":null,"editor_date":null}},{"type":"Feature","geometry":{"type":"Point","coordinates":[24.022118644,49.837981767]},"properties":{"address":"Крушельницької С. 5","name_build":"житл. буд.","date_build":"XIX ст.","num_ohor_build":"378","moid":"9505408688926246","geom":{"type":"Point","coordinates":[24.022118643887026,49.837981766510474]},"note":null,"editor_id":null,"uid":null,"editor_date":null}},{"type":"Feature","geometry":{"type":"Point","coordinates":[24.021825648,49.83778776]},"properties":{"address":"Крушельницької С. 7","name_build":"житл. буд.","date_build":"XIX ст.","num_ohor_build":"379","moid":"9505408688926247","geom":{"type":"Point","coordinates":[24.021825648094733,49.83778775961748]},"note":null,"editor_id":null,"uid":null,"editor_date":null}},{"type":"Feature","geometry":{"type":"Point","coordinates":[24.021671651,49.837655756]},"properties":{"address":"Крушельницької С. 9","name_build":"житл. буд.","date_build":"XIX ст.","num_ohor_build":"1081","moid":"9505408688926248","geom":{"type":"Point","coordinates":[24.02167165132872,49.83765575557334]},"note":null,"editor_id":null,"uid":null,"editor_date":null}},{"type":"Feature","geometry":{"type":"Point","coordinates":[24.021413653,49.83753175]},"properties":{"address":"Крушельницької С. 11","name_build":"житл. буд.","date_build":"XIX ст.","num_ohor_build":"1082","moid":"9505408688926249","geom":{"type":"Point","coordinates":[24.021413653439726,49.83753175016047]},"note":null,"editor_id":null,"uid":null,"editor_date":null}},{"type":"Feature","geometry":{"type":"Point","coordinates":[24.021213655,49.837423746]},"properties":{"address":"Крушельницької С. 13","name_build":"житл. буд.","date_build":"1878-1894 рр.","num_ohor_build":"1083","moid":"9505408688926250","geom":{"type":"Point","coordinates":[24.02121365548046,49.83742374579788]},"note":null,"editor_id":null,"uid":null,"editor_date":null}},{"type":"Feature","geometry":{"type":"Point","coordinates":[24.020987659,49.83726774]},"properties":{"address":"Крушельницької С. 15","name_build":"житл. буд.","date_build":"кін. XIX ст.","num_ohor_build":"1084","moid":"9505408688926251","geom":{"type":"Point","coordinates":[24.02098765894255,49.83726774039194]},"note":null,"editor_id":null,"uid":null,"editor_date":null}},{"type":"Feature","geometry":{"type":"Point","coordinates":[24.020775661,49.837155736]},"properties":{"address":"Крушельницької С. 17","name_build":"житл. буд.","date_build":"1878-1894 рр.","num_ohor_build":"1408","moid":"9505408688926252","geom":{"type":"Point","coordinates":[24.020775661021315,49.83715573580241]},"note":null,"editor_id":null,"uid":null,"editor_date":null}},{"type":"Feature","geometry":{"type":"Point","coordinates":[24.020529665,49.83699173]},"properties":{"address":"Крушельницької С. 19","name_build":"житл. буд.","date_build":"1892-1893 рр.","num_ohor_build":"1085","moid":"9505408688926253","geom":{"type":"Point","coordinates":[24.020529664592154,49.8369917299995]},"note":null,"editor_id":null,"uid":null,"editor_date":null}},{"type":"Feature","geometry":{"type":"Point","coordinates":[24.020323667,49.836871725]},"properties":{"address":"Крушельницької С. 19а","name_build":"житл. буд.","date_build":"1892-1893 рр.","num_ohor_build":"1086","moid":"9505408688926254","geom":{"type":"Point","coordinates":[24.02032366699233,49.83687172538323]},"note":null,"editor_id":null,"uid":null,"editor_date":null}},{"type":"Feature","geometry":{"type":"Point","coordinates":[24.020103668,49.836775721]},"properties":{"address":"Крушельницької С. 21","name_build":"житл. буд.","date_build":"1893-1894 рр.","num_ohor_build":"1087","moid":"9505408688926255","geom":{"type":"Point","coordinates":[24.02010366846103,49.8367757209042]},"note":null,"editor_id":null,"uid":null,"editor_date":null}},{"type":"Feature","geometry":{"type":"Point","coordinates":[24.01991767,49.836687717]},"properties":{"address":"Крушельницької С. 23","name_build":"музей музично-меморіальний музей С.Крушельницької (житл. буд.)","date_build":"1884 р.","num_ohor_build":"1088","moid":"9505408688926256","geom":{"type":"Point","coordinates":[24.019917669935477,49.836687717021505]},"note":null,"editor_id":null,"uid":null,"editor_date":null}},{"type":"Feature","geometry":{"type":"Point","coordinates":[24.019769675,49.836511712]},"properties":{"address":"Крушельницької С. 25","name_build":"житл. буд.","date_build":"XIX ст.","num_ohor_build":"1089","moid":"9505408688926257","geom":{"type":"Point","coordinates":[24.019769674716244,49.83651171244582]},"note":null,"editor_id":null,"uid":null,"editor_date":null}},{"type":"Feature","geometry":{"type":"Point","coordinates":[24.039964259,49.824195827]},"properties":{"address":"Кубанська 12","name_build":"гром.буд. дитячий екологічний центр (житл. буд.)","date_build":"1913 р.","num_ohor_build":"1281","moid":"9505408688926259","geom":{"type":"Point","coordinates":[24.039964259011995,49.82419582722032]},"note":null,"editor_id":null,"uid":null,"editor_date":null}},{"type":"Feature","geometry":{"type":"Point","coordinates":[24.039596237,49.82475183]},"properties":{"address":"Кубанська 15","name_build":"житл. буд.","date_build":"1908-1909 рр.","num_ohor_build":"1282","moid":"9505408688926260","geom":{"type":"Point","coordinates":[24.039596237088215,49.8247518297808]},"note":null,"editor_id":null,"uid":null,"editor_date":null}},{"type":"Feature","geometry":{"type":"Point","coordinates":[24.039918239,49.824775835]},"properties":{"address":"Кубанська 17","name_build":"житл. буд.","date_build":"1909-1910 рр.","num_ohor_build":"1283","moid":"9505408688926261","geom":{"type":"Point","coordinates":[24.039918238907735,49.82477583470131]},"note":null,"editor_id":null,"uid":null,"editor_date":null}},{"type":"Feature","geometry":{"type":"Point","coordinates":[24.034976086,49.828087811]},"properties":{"address":"Кубійовича В. 2","name_build":"житл. буд.","date_build":"30-ті XX ст.","num_ohor_build":"2451","moid":"9505408688926262","geom":{"type":"Point","coordinates":[24.03497608579133,49.82808781080345]},"note":null,"editor_id":null,"uid":null,"editor_date":null}},{"type":"Feature","geometry":{"type":"Point","coordinates":[24.036140122,49.827295816]},"properties":{"address":"Кубійовича В. 22","name_build":"житл. буд.","date_build":"1937 р.","num_ohor_build":"2079","moid":"9505408688926263","geom":{"type":"Point","coordinates":[24.036140122261934,49.82729581626573]},"note":null,"editor_id":null,"uid":null,"editor_date":null}},{"type":"Feature","geometry":{"type":"Point","coordinates":[24.038952225,49.824947823]},"properties":{"address":"Кубійовича В. 39","name_build":"житл. буд.","date_build":"поч. XX ст.","num_ohor_build":"2452","moid":"9505408688926264","geom":{"type":"Point","coordinates":[24.038952225149878,49.82494782336236]},"note":null,"editor_id":null,"uid":null,"editor_date":null}},{"type":"Feature","geometry":{"type":"Point","coordinates":[24.039053231,49.824800823]},"properties":{"address":"Кубійовича В. 41","name_build":"вілла","date_build":"поч. XX ст.","num_ohor_build":"2453","moid":"9505408688926265","geom":{"type":"Point","coordinates":[24.039053230976712,49.82480082273819]},"note":null,"editor_id":null,"uid":null,"editor_date":null}},{"type":"Feature","geometry":{"type":"Point","coordinates":[24.024456345,49.847307931]},"properties":{"address":"Куліша П. 18","name_build":"житл. буд.","date_build":"1909 р.","num_ohor_build":"2024","moid":"9505408688926266","geom":{"type":"Point","coordinates":[24.02445634545061,49.84730793060283]},"note":null,"editor_id":null,"uid":null,"editor_date":null}},{"type":"Feature","geometry":{"type":"Point","coordinates":[24.024670343,49.847431935]},"properties":{"address":"Куліша П. 20","name_build":"житл. буд.","date_build":"1912 р.","num_ohor_build":"2025","moid":"9505408688926267","geom":{"type":"Point","coordinates":[24.024670342978176,49.84743193538972]},"note":null,"editor_id":null,"uid":null,"editor_date":null}},{"type":"Feature","geometry":{"type":"Point","coordinates":[24.024014334,49.847539928]},"properties":{"address":"Куліша П. 31","name_build":"житл. буд.","date_build":"1911 р.","num_ohor_build":"2026","moid":"9505408688926268","geom":{"type":"Point","coordinates":[24.02401433393203,49.84753992756197]},"note":null,"editor_id":null,"uid":null,"editor_date":null}},{"type":"Feature","geometry":{"type":"Point","coordinates":[24.024056329,49.84769593]},"properties":{"address":"Куліша П. 33","name_build":"житл. буд.","date_build":"1908 р.","num_ohor_build":"725","moid":"9505408688926269","geom":{"type":"Point","coordinates":[24.02405632896219,49.84769593034811]},"note":null,"editor_id":null,"uid":null,"editor_date":null}},{"type":"Feature","geometry":{"type":"Point","coordinates":[24.024634302,49.848611951]},"properties":{"address":"Куліша П. 34","name_build":"житл. буд.","date_build":"1913 р.","num_ohor_build":"2027","moid":"9505408688926270","geom":{"type":"Point","coordinates":[24.02463430249103,49.84861195142737]},"note":null,"editor_id":null,"uid":null,"editor_date":null}},{"type":"Feature","geometry":{"type":"Point","coordinates":[24.024002325,49.847807931]},"properties":{"address":"Куліша П. 35","name_build":"житл. буд.","date_build":"1907 р.","num_ohor_build":"861","moid":"9505408688926271","geom":{"type":"Point","coordinates":[24.024002324705503,49.84780793114992]},"note":null,"editor_id":null,"uid":null,"editor_date":null}},{"type":"Feature","geometry":{"type":"Point","coordinates":[24.023928321,49.847911932]},"properties":{"address":"Куліша П. 37","name_build":"житл. буд.","date_build":"1907 р.","num_ohor_build":"1293","moid":"9505408688926272","geom":{"type":"Point","coordinates":[24.02392832055765,49.8479119315547]},"note":null,"editor_id":null,"uid":null,"editor_date":null}},{"type":"Feature","geometry":{"type":"Point","coordinates":[24.024688284,49.84917196]},"properties":{"address":"Куліша П. 40","name_build":"житл. буд.","date_build":"1909 р.","num_ohor_build":"1409","moid":"9505408688926273","geom":{"type":"Point","coordinates":[24.02468828385753,49.8491719600509]},"note":null,"editor_id":null,"uid":null,"editor_date":null}},{"type":"Feature","geometry":{"type":"Point","coordinates":[24.023756284,49.848947944]},"properties":{"address":"Куліша П. 47","name_build":"житл. буд.","date_build":"1909 р.","num_ohor_build":"1578","moid":"9505408688926274","geom":{"type":"Point","coordinates":[24.023756283861612,49.8489479436356]},"note":null,"editor_id":null,"uid":null,"editor_date":null}},{"type":"Feature","geometry":{"type":"Point","coordinates":[23.991233113,49.81678803]},"properties":{"address":"Кульпарківська 95","name_build":"обласна психіатрична лікарня (лікарня)","date_build":"1870-1875 рр.","num_ohor_build":"1618","moid":"9505408688926275","geom":{"type":"Point","coordinates":[23.991233112657135,49.81678802959816]},"note":null,"editor_id":null,"uid":null,"editor_date":null}},{"type":"Feature","geometry":{"type":"Point","coordinates":[24.02546853,49.842143873]},"properties":{"address":"Курбаса Л. 5","name_build":"житл. буд.","date_build":"1907 р.","num_ohor_build":"180","moid":"9505408688926278","geom":{"type":"Point","coordinates":[24.025468529591407,49.84214387258675]},"note":null,"editor_id":null,"uid":null,"editor_date":null}},{"type":"Feature","geometry":{"type":"Point","coordinates":[24.025848529,49.842239879]},"properties":{"address":"Курбаса Л. 8","name_build":"торг.пасаж","date_build":"1902 р.","num_ohor_build":"1619","moid":"9505408688926279","geom":{"type":"Point","coordinates":[24.02584852943176,49.842239879344575]},"note":null,"editor_id":null,"uid":null,"editor_date":null}},{"type":"Feature","geometry":null,"properties":{"address":"Крива Липа пр-д 3,3а","name_build":"житл. буд.","date_build":"XIX ст.","num_ohor_build":"914","moid":"9505408688926225","geom":null,"note":null,"editor_id":null,"uid":null,"editor_date":null}},{"type":"Feature","geometry":null,"properties":{"address":"Крива Липа пр-д 6","name_build":"житл. буд.","date_build":"XIX ст.","num_ohor_build":"916","moid":"9505408688926226","geom":null,"note":null,"editor_id":null,"uid":null,"editor_date":null}},{"type":"Feature","geometry":null,"properties":{"address":"Крива Липа пр-д 7","name_build":"житл. буд.","date_build":"XIX ст.","num_ohor_build":"917","moid":"9505408688926227","geom":null,"note":null,"editor_id":null,"uid":null,"editor_date":null}},{"type":"Feature","geometry":null,"properties":{"address":"Крива Липа пр-д 9","name_build":"житл. буд.","date_build":"XIX ст.","num_ohor_build":"919","moid":"9505408688926229","geom":null,"note":null,"editor_id":null,"uid":null,"editor_date":null}},{"type":"Feature","geometry":null,"properties":{"address":"Кубанська 5","name_build":"житл. буд.","date_build":"поч. XX ст.","num_ohor_build":"938","moid":"9505408688926258","geom":null,"note":null,"editor_id":null,"uid":null,"editor_date":null}},{"type":"Feature","geometry":null,"properties":{"address":"акад. Кучера Р. 13","name_build":"житл. буд.","date_build":"1907 р.","num_ohor_build":"925","moid":"9505408688926282","geom":null,"note":null,"editor_id":null,"uid":null,"editor_date":null}},{"type":"Feature","geometry":null,"properties":{"address":"акад. Кучера Р. 15","name_build":"житл. буд.","date_build":"1907 р.","num_ohor_build":"926","moid":"9505408688926283","geom":null,"note":null,"editor_id":null,"uid":null,"editor_date":null}},{"type":"Feature","geometry":{"type":"Point","coordinates":[24.047768712,49.827217855]},"properties":{"address":"ген. Грицая Д. 9","name_build":"вілла","date_build":"1910 р.","num_ohor_build":"2077","moid":"9505408688925803","geom":{"type":"Point","coordinates":[24.047768712043762,49.82721785493207]},"note":null,"editor_id":null,"uid":null,"editor_date":null}},{"type":"Feature","geometry":{"type":"Point","coordinates":[24.038617015,49.843659632]},"properties":{"address":"Гуцульська 2","name_build":"палац","date_build":"кін. XIX ст.","num_ohor_build":"892","moid":"9505408688925826","geom":{"type":"Point","coordinates":[24.03861701488495,49.84365963172456]},"note":null,"editor_id":null,"uid":null,"editor_date":null}},{"type":"Feature","geometry":null,"properties":{"address":"Дудаєва Дж. 2","name_build":"житл. буд.","date_build":"1886 р.","num_ohor_build":"627","moid":"9505408688925887","geom":null,"note":null,"editor_id":null,"uid":null,"editor_date":null}},{"type":"Feature","geometry":null,"properties":{"address":"Дудаєва Дж. 8","name_build":"уч.корпус ін-ту фізкультури (адм.буд. товариства \"Сокіл\")","date_build":"1885-1900 рр.","num_ohor_build":"155","moid":"9505408688925888","geom":null,"note":null,"editor_id":null,"uid":null,"editor_date":null}},{"type":"Feature","geometry":null,"properties":{"address":"Дудаєва Дж. 17","name_build":"навч. закл. скульптурні майстерні Академії мистецтв (адм.буд. Педагогічного товариства)","date_build":"1910-1911 рр.","num_ohor_build":"1620","moid":"9505408688925891","geom":null,"note":null,"editor_id":null,"uid":null,"editor_date":null}},{"type":"Feature","geometry":null,"properties":{"address":"акад. Кравчука М. 2","name_build":"житл. буд.","date_build":"1905-1906 рр.","num_ohor_build":"1070","moid":"9505408688926209","geom":null,"note":null,"editor_id":null,"uid":null,"editor_date":null}},{"type":"Feature","geometry":null,"properties":{"address":"акад. Кравчука М. 6","name_build":"житл. буд.","date_build":"1905 р.","num_ohor_build":"1072","moid":"9505408688926211","geom":null,"note":null,"editor_id":null,"uid":null,"editor_date":null}},{"type":"Feature","geometry":{"type":"Point","coordinates":[24.025474218,49.851288001]},"properties":{"address":"Кушевича С. 1","name_build":"міський палац культури ім.Хоткевича (клуб трамвайників)","date_build":"1933-1934 рр.","num_ohor_build":"1613","moid":"9505408688926284","geom":{"type":"Point","coordinates":[24.025474218206575,49.851288000924235]},"note":null,"editor_id":null,"uid":null,"editor_date":null}},{"type":"Feature","geometry":{"type":"Point","coordinates":[24.036737824,49.83619595]},"properties":{"address":"Левицького К. 11","name_build":"житл. буд. (житл. буд. Атласа)","date_build":"1912 р.","num_ohor_build":"171","moid":"9505408688926288","geom":{"type":"Point","coordinates":[24.036737824308315,49.836195949620475]},"note":null,"editor_id":null,"uid":null,"editor_date":null}},{"type":"Feature","geometry":{"type":"Point","coordinates":[24.037031829,49.836135953]},"properties":{"address":"Левицького К. 11а","name_build":"житл. буд.","date_build":"1912 р.","num_ohor_build":"172","moid":"9505408688926289","geom":{"type":"Point","coordinates":[24.03703182875735,49.836135952964874]},"note":null,"editor_id":null,"uid":null,"editor_date":null}},{"type":"Feature","geometry":{"type":"Point","coordinates":[24.036629837,49.835800943]},"properties":{"address":"Левицького К. 12","name_build":"житл. буд.","date_build":"1913 р.","num_ohor_build":"170","moid":"9505408688926290","geom":{"type":"Point","coordinates":[24.03662983686843,49.835800942541916]},"note":null,"editor_id":null,"uid":null,"editor_date":null}},{"type":"Feature","geometry":{"type":"Point","coordinates":[24.036818841,49.835718944]},"properties":{"address":"Левицького К. 14","name_build":"житл. буд.","date_build":"1907 р.","num_ohor_build":"173","moid":"9505408688926291","geom":{"type":"Point","coordinates":[24.03681884120658,49.835718944082686]},"note":null,"editor_id":null,"uid":null,"editor_date":null}},{"type":"Feature","geometry":{"type":"Point","coordinates":[24.037292835,49.836015955]},"properties":{"address":"Левицького К. 15","name_build":"житл. буд.","date_build":"1912-1913 рр.","num_ohor_build":"174","moid":"9505408688926292","geom":{"type":"Point","coordinates":[24.037292834978416,49.83601595499775]},"note":null,"editor_id":null,"uid":null,"editor_date":null}},{"type":"Feature","geometry":{"type":"Point","coordinates":[24.037049847,49.835591946]},"properties":{"address":"Левицького К. 16","name_build":"житл. буд.","date_build":"1906-1907 рр.","num_ohor_build":"990","moid":"9505408688926293","geom":{"type":"Point","coordinates":[24.037049847420153,49.835591945590195]},"note":null,"editor_id":null,"uid":null,"editor_date":null}},{"type":"Feature","geometry":{"type":"Point","coordinates":[24.038203878,49.834959953]},"properties":{"address":"Левицького К. 22","name_build":"житл. буд.","date_build":"1911 р.","num_ohor_build":"176","moid":"9505408688926295","geom":{"type":"Point","coordinates":[24.03820387837751,49.83495995315543]},"note":null,"editor_id":null,"uid":null,"editor_date":null}},{"type":"Feature","geometry":{"type":"Point","coordinates":[24.038755886,49.83486396]},"properties":{"address":"Левицького К. 26","name_build":"житл. буд.","date_build":"1913 р.","num_ohor_build":"1333","moid":"9505408688926297","geom":{"type":"Point","coordinates":[24.038755886164047,49.83486395966808]},"note":null,"editor_id":null,"uid":null,"editor_date":null}},{"type":"Feature","geometry":{"type":"Point","coordinates":[24.039667896,49.834795972]},"properties":{"address":"Левицького К. 27","name_build":"житл. буд.","date_build":"поч. XX ст.","num_ohor_build":"178","moid":"9505408688926298","geom":{"type":"Point","coordinates":[24.03966789594532,49.83479597169901]},"note":null,"editor_id":null,"uid":null,"editor_date":null}},{"type":"Feature","geometry":{"type":"Point","coordinates":[24.041851956,49.833567986]},"properties":{"address":"Левицького К. 47","name_build":"житл. буд.","date_build":"поч. XX ст.","num_ohor_build":"2159","moid":"9505408688926299","geom":{"type":"Point","coordinates":[24.04185195561935,49.833567985567164]},"note":null,"editor_id":null,"uid":null,"editor_date":null}},{"type":"Feature","geometry":{"type":"Point","coordinates":[24.04101995,49.833543973]},"properties":{"address":"Левицького К. 52","name_build":"житл. буд.","date_build":"поч. XX ст.","num_ohor_build":"2160","moid":"9505408688926300","geom":{"type":"Point","coordinates":[24.041019949623326,49.83354397338505]},"note":null,"editor_id":null,"uid":null,"editor_date":null}},{"type":"Feature","geometry":{"type":"Point","coordinates":[24.043396017,49.832143988]},"properties":{"address":"Левицького К. 76","name_build":"житл. буд.","date_build":"1906 р.","num_ohor_build":"2161","moid":"9505408688926301","geom":{"type":"Point","coordinates":[24.043396016720113,49.8321439875727]},"note":null,"editor_id":null,"uid":null,"editor_date":null}},{"type":"Feature","geometry":{"type":"Point","coordinates":[24.045814051,49.831710016]},"properties":{"address":"Левицького К. 81","name_build":"житл. буд.","date_build":"поч. XX ст.","num_ohor_build":"2162","moid":"9505408688926302","geom":{"type":"Point","coordinates":[24.045814051290424,49.83171001590861]},"note":null,"editor_id":null,"uid":null,"editor_date":null}},{"type":"Feature","geometry":{"type":"Point","coordinates":[24.045680064,49.831296008]},"properties":{"address":"Левицького К. 98","name_build":"вілла","date_build":"20-ті XX ст.","num_ohor_build":"2656","moid":"9505408688926303","geom":{"type":"Point","coordinates":[24.04568006427958,49.83129600819289]},"note":null,"editor_id":null,"uid":null,"editor_date":null}},{"type":"Feature","geometry":{"type":"Point","coordinates":[24.050136136,49.830268057]},"properties":{"address":"Левицького К. 107","name_build":"вілла","date_build":"поч. XX ст.","num_ohor_build":"2163","moid":"9505408688926304","geom":{"type":"Point","coordinates":[24.050136135756006,49.83026805720725]},"note":null,"editor_id":null,"uid":null,"editor_date":null}},{"type":"Feature","geometry":{"type":"Point","coordinates":[24.047200105,49.830476018]},"properties":{"address":"Левицького К. 112а","name_build":"вілла","date_build":"20-ті XX ст.","num_ohor_build":"2657","moid":"9505408688926305","geom":{"type":"Point","coordinates":[24.04720010462905,49.830476018328284]},"note":null,"editor_id":null,"uid":null,"editor_date":null}},{"type":"Feature","geometry":{"type":"Point","coordinates":[24.035468219,49.824297765]},"properties":{"address":"Лемика М. 32","name_build":"житл. буд.","date_build":"1899 р.","num_ohor_build":"1358","moid":"9505408689057379","geom":{"type":"Point","coordinates":[24.035468218744004,49.82429776464764]},"note":null,"editor_id":null,"uid":null,"editor_date":null}},{"type":"Feature","geometry":{"type":"Point","coordinates":[24.035780229,49.824067766]},"properties":{"address":"Лемика М. 34","name_build":"житл. буд. (вілла Долинського)","date_build":"1898-1899 рр.","num_ohor_build":"764","moid":"9505408689057380","geom":{"type":"Point","coordinates":[24.035780229120423,49.82406776586315]},"note":null,"editor_id":null,"uid":null,"editor_date":null}},{"type":"Feature","geometry":{"type":"Point","coordinates":[24.018330446,49.842871781]},"properties":{"address":"Леонтовича М. 1","name_build":"житл. буд.","date_build":"1909 р.","num_ohor_build":"2456","moid":"9505408689057381","geom":{"type":"Point","coordinates":[24.018330446412072,49.842871781146094]},"note":null,"editor_id":null,"uid":null,"editor_date":null}},{"type":"Feature","geometry":{"type":"Point","coordinates":[24.01856643,49.843415792]},"properties":{"address":"Леонтовича М. 2","name_build":"правнича гімназія (школа св.Анни)","date_build":"1876 р.","num_ohor_build":"626","moid":"9505408689057382","geom":{"type":"Point","coordinates":[24.018566429817227,49.84341579213609]},"note":null,"editor_id":null,"uid":null,"editor_date":null}},{"type":"Feature","geometry":{"type":"Point","coordinates":[24.018242438,49.843095783]},"properties":{"address":"Леонтовича М. 3","name_build":"житл. буд.","date_build":"поч. XX ст.","num_ohor_build":"2457","moid":"9505408689057383","geom":{"type":"Point","coordinates":[24.0182424380645,49.843095783034244]},"note":null,"editor_id":null,"uid":null,"editor_date":null}},{"type":"Feature","geometry":{"type":"Point","coordinates":[24.018178433,49.843223784]},"properties":{"address":"Леонтовича М. 5","name_build":"житл. буд.","date_build":"1909-1910 рр.","num_ohor_build":"983","moid":"9505408689057384","geom":{"type":"Point","coordinates":[24.018178433182253,49.84322378391788]},"note":null,"editor_id":null,"uid":null,"editor_date":null}},{"type":"Feature","geometry":{"type":"Point","coordinates":[24.017896424,49.843431783]},"properties":{"address":"Леонтовича М. 7","name_build":"житл. буд.","date_build":"1909-1910 рр.","num_ohor_build":"983","moid":"9505408689057385","geom":{"type":"Point","coordinates":[24.0178964237928,49.84343178281883]},"note":null,"editor_id":null,"uid":null,"editor_date":null}},{"type":"Feature","geometry":{"type":"Point","coordinates":[24.018056418,49.843643788]},"properties":{"address":"Леонтовича М. 9","name_build":"житл. буд.","date_build":"1909-1910 рр.","num_ohor_build":"984","moid":"9505408689057386","geom":{"type":"Point","coordinates":[24.01805641788186,49.84364378807052]},"note":null,"editor_id":null,"uid":null,"editor_date":null}},{"type":"Feature","geometry":{"type":"Point","coordinates":[24.020092472,49.842535802]},"properties":{"address":"Лепкого Б. 4","name_build":"житл. буд.","date_build":"1911 р.","num_ohor_build":"56","moid":"9505408689057387","geom":{"type":"Point","coordinates":[24.020092472264725,49.842535801526665]},"note":null,"editor_id":null,"uid":null,"editor_date":null}},{"type":"Feature","geometry":{"type":"Point","coordinates":[24.020108478,49.842359799]},"properties":{"address":"Лепкого Б. 6","name_build":"житл. буд.","date_build":"1885-1888 рр.","num_ohor_build":"57","moid":"9505408689057388","geom":{"type":"Point","coordinates":[24.020108478388675,49.84235979928624]},"note":null,"editor_id":null,"uid":null,"editor_date":null}},{"type":"Feature","geometry":{"type":"Point","coordinates":[24.020527493,49.842023801]},"properties":{"address":"Лепкого Б. 7","name_build":"житл. буд.","date_build":"1892 р.","num_ohor_build":"890","moid":"9505408689057389","geom":{"type":"Point","coordinates":[24.020527493256957,49.84202380054096]},"note":null,"editor_id":null,"uid":null,"editor_date":null}},{"type":"Feature","geometry":{"type":"Point","coordinates":[24.020113486,49.842151796]},"properties":{"address":"Лепкого Б. 8","name_build":"лікарня, поліклініка (житл. буд.)","date_build":"1885-1887 рр.","num_ohor_build":"58","moid":"9505408689057390","geom":{"type":"Point","coordinates":[24.020113485512233,49.842151796440376]},"note":null,"editor_id":null,"uid":null,"editor_date":null}},{"type":"Feature","geometry":{"type":"Point","coordinates":[24.01994649,49.841971792]},"properties":{"address":"Лепкого Б. 10","name_build":"житл. буд.","date_build":"1885-1888 рр.","num_ohor_build":"59","moid":"9505408689057391","geom":{"type":"Point","coordinates":[24.01994649027548,49.84197179153778]},"note":null,"editor_id":null,"uid":null,"editor_date":null}},{"type":"Feature","geometry":{"type":"Point","coordinates":[24.019925499,49.841715788]},"properties":{"address":"Лепкого Б. 12","name_build":"житл. буд.","date_build":"1885-1888 рр.","num_ohor_build":"60","moid":"9505408689057392","geom":{"type":"Point","coordinates":[24.019925498820648,49.8417157876485]},"note":null,"editor_id":null,"uid":null,"editor_date":null}},{"type":"Feature","geometry":{"type":"Point","coordinates":[24.020031505,49.841551787]},"properties":{"address":"Лепкого Б. 14","name_build":"житл. буд.","date_build":"1889 р.","num_ohor_build":"61","moid":"9505408689057393","geom":{"type":"Point","coordinates":[24.020031505271824,49.84155178685804]},"note":null,"editor_id":null,"uid":null,"editor_date":null}},{"type":"Feature","geometry":{"type":"Point","coordinates":[24.020712521,49.841263793]},"properties":{"address":"Лепкого Б. 15","name_build":"житл. буд.","date_build":"кін. XIX ст.","num_ohor_build":"581","moid":"9505408689057394","geom":{"type":"Point","coordinates":[24.02071252064811,49.84126379251693]},"note":null,"editor_id":null,"uid":null,"editor_date":null}},{"type":"Feature","geometry":{"type":"Point","coordinates":[24.042463734,49.840240088]},"properties":{"address":"Личаківська 31","name_build":"житл. буд.","date_build":"1935 р.","num_ohor_build":"2149","moid":"9505408689057465","geom":{"type":"Point","coordinates":[24.04246373353788,49.84024008788001]},"note":null,"editor_id":null,"uid":null,"editor_date":null}},{"type":"Feature","geometry":{"type":"Point","coordinates":[24.020777528,49.841065791]},"properties":{"address":"Лепкого Б. 17","name_build":"банк укрсоцбанк (банк)","date_build":"1913 р.","num_ohor_build":"582","moid":"9505408689057395","geom":{"type":"Point","coordinates":[24.020777527921474,49.84106579066574]},"note":null,"editor_id":null,"uid":null,"editor_date":null}},{"type":"Feature","geometry":{"type":"Point","coordinates":[24.020311524,49.841055784]},"properties":{"address":"Лепкого Б. 20","name_build":"житл. буд.","date_build":"1898 р.","num_ohor_build":"583","moid":"9505408689057396","geom":{"type":"Point","coordinates":[24.02031152445046,49.84105578388938]},"note":null,"editor_id":null,"uid":null,"editor_date":null}},{"type":"Feature","geometry":{"type":"Point","coordinates":[24.028819497,49.843907945]},"properties":{"address":"Лесі Українки 5","name_build":"житл.- адм.буд. (житл. буд.)","date_build":"XVIII ст.","num_ohor_build":"1040","moid":"9505408689057397","geom":{"type":"Point","coordinates":[24.028819496945687,49.84390794504828]},"note":null,"editor_id":null,"uid":null,"editor_date":null}},{"type":"Feature","geometry":{"type":"Point","coordinates":[24.0292915,49.843943952]},"properties":{"address":"Лесі Українки 7","name_build":"житл. буд.","date_build":"XIX ст.","num_ohor_build":"1041","moid":"9505408689057398","geom":{"type":"Point","coordinates":[24.02929149958266,49.84394395227475]},"note":null,"editor_id":null,"uid":null,"editor_date":null}},{"type":"Feature","geometry":{"type":"Point","coordinates":[24.030013505,49.843951963]},"properties":{"address":"Лесі Українки 11","name_build":"житл. буд.","date_build":"1913 р.","num_ohor_build":"1042","moid":"9505408689057399","geom":{"type":"Point","coordinates":[24.030013505219355,49.84395196266858]},"note":null,"editor_id":null,"uid":null,"editor_date":null}},{"type":"Feature","geometry":{"type":"Point","coordinates":[24.03024451,49.843870965]},"properties":{"address":"Лесі Українки 15","name_build":"житл. буд.","date_build":"1912 р.","num_ohor_build":"1043","moid":"9505408689057400","geom":{"type":"Point","coordinates":[24.030244509868254,49.84387096482196]},"note":null,"editor_id":null,"uid":null,"editor_date":null}},{"type":"Feature","geometry":{"type":"Point","coordinates":[24.030584511,49.84390797]},"properties":{"address":"Лесі Українки 17","name_build":"житл. буд.","date_build":"XVIII ст.","num_ohor_build":"1044","moid":"9505408689057401","geom":{"type":"Point","coordinates":[24.030584511391123,49.84390797018268]},"note":null,"editor_id":null,"uid":null,"editor_date":null}},{"type":"Feature","geometry":{"type":"Point","coordinates":[24.007675856,49.828292425]},"properties":{"address":"Моршинська 7","name_build":"вілла","date_build":"1936 р.","num_ohor_build":"2164","moid":"9505408689188625","geom":{"type":"Point","coordinates":[24.00767585558001,49.82829242498713]},"note":null,"editor_id":null,"uid":null,"editor_date":null}},{"type":"Feature","geometry":{"type":"Point","coordinates":[24.03143253,49.843575978]},"properties":{"address":"Лесі Українки 18","name_build":"житл. буд.","date_build":"XVIII ст.","num_ohor_build":"304","moid":"9505408689057402","geom":{"type":"Point","coordinates":[24.031432529637303,49.843575977601596]},"note":null,"editor_id":null,"uid":null,"editor_date":null}},{"type":"Feature","geometry":{"type":"Point","coordinates":[24.049420953,49.826622635]},"properties":{"address":"ген. Грицая Д. 19","name_build":"вілла","date_build":"30-ті XX ст.","num_ohor_build":"2582","moid":"9505408688925809","geom":{"type":"Point","coordinates":[24.049420952796936,49.826622635281886]},"note":null,"editor_id":null,"uid":null,"editor_date":null}},{"type":"Feature","geometry":{"type":"Point","coordinates":[24.028810859,49.844150861]},"properties":{"address":"Жижки Я. 4","name_build":"житл. буд.","date_build":"XVIII ст.","num_ohor_build":"909","moid":"9505408688925834","geom":{"type":"Point","coordinates":[24.028810858726505,49.8441508614268]},"note":null,"editor_id":null,"uid":null,"editor_date":null}},{"type":"Feature","geometry":{"type":"Point","coordinates":[24.027190804,49.840082499]},"properties":{"address":"Дорошенка П. 5","name_build":"житл. буд.","date_build":"1907 р.","num_ohor_build":"1591","moid":"9505408688925848","geom":{"type":"Point","coordinates":[24.027190804481506,49.8400824987381]},"note":null,"editor_id":null,"uid":null,"editor_date":null}},{"type":"Feature","geometry":{"type":"Point","coordinates":[24.026691914,49.840141313]},"properties":{"address":"Дорошенка П. 6","name_build":"адмін. буд. НДІ \"Укрпроектреконструкція\" (житл. буд.)","date_build":"поч. XIX ст.","num_ohor_build":"911","moid":"9505408688925849","geom":{"type":"Point","coordinates":[24.02669191360474,49.84014131254222]},"note":null,"editor_id":null,"uid":null,"editor_date":null}},{"type":"Feature","geometry":null,"properties":{"address":"акад. Кравчука М. 14","name_build":"житл. буд.","date_build":"1906-1907 рр.","num_ohor_build":"1076","moid":"9505408688926215","geom":null,"note":null,"editor_id":null,"uid":null,"editor_date":null}},{"type":"Feature","geometry":null,"properties":{"address":"Крива Липа пр-д 1","name_build":"житл. буд.","date_build":"XIX ст.","num_ohor_build":"913","moid":"9505408688926224","geom":null,"note":null,"editor_id":null,"uid":null,"editor_date":null}},{"type":"Feature","geometry":null,"properties":{"address":"Крива Липа пр-д 8","name_build":"житл. буд.","date_build":"XIX ст.","num_ohor_build":"918","moid":"9505408688926228","geom":null,"note":null,"editor_id":null,"uid":null,"editor_date":null}},{"type":"Feature","geometry":null,"properties":{"address":"Левицького К. 25-25а","name_build":"житл. буд.","date_build":"1937-1938 рр.","num_ohor_build":"177","moid":"9505408688926296","geom":null,"note":null,"editor_id":null,"uid":null,"editor_date":null}},{"type":"Feature","geometry":{"type":"Point","coordinates":[24.030710513,49.843895972]},"properties":{"address":"Лесі Українки 19","name_build":"житл. буд.","date_build":"XVIII ст.","num_ohor_build":"1045","moid":"9505408689057403","geom":{"type":"Point","coordinates":[24.03071051283105,49.84389597180866]},"note":null,"editor_id":null,"uid":null,"editor_date":null}},{"type":"Feature","geometry":{"type":"Point","coordinates":[24.030920515,49.843883975]},"properties":{"address":"Лесі Українки 21","name_build":"житл. буд. гуртожиток (житл. буд.)","date_build":"XVIII ст.","num_ohor_build":"1046","moid":"9505408689057404","geom":{"type":"Point","coordinates":[24.030920514958517,49.843883974630806]},"note":null,"editor_id":null,"uid":null,"editor_date":null}},{"type":"Feature","geometry":{"type":"Point","coordinates":[24.031123518,49.843847977]},"properties":{"address":"Лесі Українки 23","name_build":"житл. буд.","date_build":"XIX ст.","num_ohor_build":"305","moid":"9505408689057405","geom":{"type":"Point","coordinates":[24.031123517845963,49.843847977016644]},"note":null,"editor_id":null,"uid":null,"editor_date":null}},{"type":"Feature","geometry":{"type":"Point","coordinates":[24.031312518,49.84387598]},"properties":{"address":"Лесі Українки 25","name_build":"житл. буд.","date_build":"XIX ст.","num_ohor_build":"306","moid":"9505408689057406","geom":{"type":"Point","coordinates":[24.031312518439496,49.84387598010081]},"note":null,"editor_id":null,"uid":null,"editor_date":null}},{"type":"Feature","geometry":{"type":"Point","coordinates":[24.031540521,49.843851983]},"properties":{"address":"Лесі Українки 27","name_build":"житл. буд.","date_build":"XVIII ст.","num_ohor_build":"1047","moid":"9505408689057407","geom":{"type":"Point","coordinates":[24.03154052112298,49.84385198301095]},"note":null,"editor_id":null,"uid":null,"editor_date":null}},{"type":"Feature","geometry":{"type":"Point","coordinates":[24.032319531,49.843735992]},"properties":{"address":"Лесі Українки 35","name_build":"житл. буд.","date_build":"XVIII ст.","num_ohor_build":"307","moid":"9505408689057408","geom":{"type":"Point","coordinates":[24.032319531449513,49.843735992476994]},"note":null,"editor_id":null,"uid":null,"editor_date":null}},{"type":"Feature","geometry":{"type":"Point","coordinates":[24.032783536,49.843703999]},"properties":{"address":"Лесі Українки 39","name_build":"житл. буд. гуртожиток (житл. буд.)","date_build":"XVIII ст.","num_ohor_build":"308","moid":"9505408689057409","geom":{"type":"Point","coordinates":[24.03278353633738,49.84370399863559]},"note":null,"editor_id":null,"uid":null,"editor_date":null}},{"type":"Feature","geometry":{"type":"Point","coordinates":[24.033661546,49.84364101]},"properties":{"address":"Лесі Українки 43","name_build":"житл. буд.","date_build":"XIX ст.","num_ohor_build":"1048","moid":"9505408689057410","geom":{"type":"Point","coordinates":[24.033661545670046,49.8436410102547]},"note":null,"editor_id":null,"uid":null,"editor_date":null}},{"type":"Feature","geometry":null,"properties":{"address":"Лижв’ярська 26","name_build":"вілла","date_build":"30-ті XX ст.","num_ohor_build":"2658","moid":"9505408689057411","geom":null,"note":null,"editor_id":null,"uid":null,"editor_date":null}},{"type":"Feature","geometry":null,"properties":{"address":"Лижв’ярська 28","name_build":"вілла","date_build":"30-ті XX ст.","num_ohor_build":"2659","moid":"9505408689057412","geom":null,"note":null,"editor_id":null,"uid":null,"editor_date":null}},{"type":"Feature","geometry":null,"properties":{"address":"Лижв’ярська 34","name_build":"вілла","date_build":"30-ті XX ст.","num_ohor_build":"2660","moid":"9505408689057413","geom":null,"note":null,"editor_id":null,"uid":null,"editor_date":null}},{"type":"Feature","geometry":{"type":"Point","coordinates":[24.036801595,49.842960045]},"properties":{"address":"Лисенка М. 2","name_build":"житл. буд.","date_build":"XIX ст.","num_ohor_build":"974","moid":"9505408689057414","geom":{"type":"Point","coordinates":[24.03680159456582,49.84296004541515]},"note":null,"editor_id":null,"uid":null,"editor_date":null}},{"type":"Feature","geometry":null,"properties":{"address":"Левинського Ів. 12","name_build":"вілла","date_build":"поч. XX ст.","num_ohor_build":"2210","moid":"9505408688926285","geom":null,"note":null,"editor_id":null,"uid":null,"editor_date":null}},{"type":"Feature","geometry":null,"properties":{"address":"Левицького К. 21-21а","name_build":"житл. буд.","date_build":"1905 р.","num_ohor_build":"175","moid":"9505408688926294","geom":null,"note":null,"editor_id":null,"uid":null,"editor_date":null}},{"type":"Feature","geometry":null,"properties":{"address":"Лемика М. 24","name_build":"вілла","date_build":"поч. XX ст.","num_ohor_build":"1007","moid":"9505408688926306","geom":null,"note":null,"editor_id":null,"uid":null,"editor_date":null}},{"type":"Feature","geometry":{"type":"Point","coordinates":[24.037023595,49.842992049]},"properties":{"address":"Лисенка М. 4","name_build":"житл. буд.","date_build":"XIX ст.","num_ohor_build":"976","moid":"9505408689057416","geom":{"type":"Point","coordinates":[24.037023595293945,49.84299204902526]},"note":null,"editor_id":null,"uid":null,"editor_date":null}},{"type":"Feature","geometry":{"type":"Point","coordinates":[24.037239596,49.843016052]},"properties":{"address":"Лисенка М. 6","name_build":"житл. буд.","date_build":"XIX ст.","num_ohor_build":"977","moid":"9505408689057417","geom":{"type":"Point","coordinates":[24.03723959624536,49.8430160524377]},"note":null,"editor_id":null,"uid":null,"editor_date":null}},{"type":"Feature","geometry":{"type":"Point","coordinates":[24.037475597,49.843048056]},"properties":{"address":"Лисенка М. 8","name_build":"житл. буд.","date_build":"XIX ст.","num_ohor_build":"978","moid":"9505408689057418","geom":{"type":"Point","coordinates":[24.037475597088175,49.84304805624716]},"note":null,"editor_id":null,"uid":null,"editor_date":null}},{"type":"Feature","geometry":{"type":"Point","coordinates":[24.037731598,49.84308006]},"properties":{"address":"Лисенка М. 10","name_build":"житл. буд.","date_build":"XIX ст.","num_ohor_build":"979","moid":"9505408689057419","geom":{"type":"Point","coordinates":[24.037731598094787,49.84308006034141]},"note":null,"editor_id":null,"uid":null,"editor_date":null}},{"type":"Feature","geometry":null,"properties":{"address":"Лисенка М. 14, 14а","name_build":"бібл. кабінет рідкісної книги (нар. дім бурса учнів ремісничих шкіл)","date_build":"1907 р.","num_ohor_build":"1327","moid":"9505408689057420","geom":null,"note":null,"editor_id":null,"uid":null,"editor_date":null}},{"type":"Feature","geometry":null,"properties":{"address":"Лисенка М. 15/17","name_build":"адм.буд. військова частина (палац Дзєдушицьких)","date_build":"1873-1902 рр.","num_ohor_build":"157","moid":"9505408689057421","geom":null,"note":null,"editor_id":null,"uid":null,"editor_date":null}},{"type":"Feature","geometry":{"type":"Point","coordinates":[24.041569632,49.843004114]},"properties":{"address":"Лисенка М. 23","name_build":"житл. буд.","date_build":"1899 р.","num_ohor_build":"158","moid":"9505408689057422","geom":{"type":"Point","coordinates":[24.04156963211298,49.84300411392641]},"note":null,"editor_id":null,"uid":null,"editor_date":null}},{"type":"Feature","geometry":{"type":"Point","coordinates":[24.042287644,49.842828122]},"properties":{"address":"Лисенка М. 23а","name_build":"садиба (садиба стрілецького братства)","date_build":"1786-1789 рр.","num_ohor_build":"980","moid":"9505408689057423","geom":{"type":"Point","coordinates":[24.04228764398622,49.8428281216811]},"note":null,"editor_id":null,"uid":null,"editor_date":null}},{"type":"Feature","geometry":{"type":"Point","coordinates":[24.043035653,49.842732131]},"properties":{"address":"Лисенка М. 25","name_build":"житл. буд.","date_build":"поч. XIX ст.","num_ohor_build":"981","moid":"9505408689057424","geom":{"type":"Point","coordinates":[24.04303565338152,49.84273213098521]},"note":null,"editor_id":null,"uid":null,"editor_date":null}},{"type":"Feature","geometry":{"type":"Point","coordinates":[24.044091665,49.842647145]},"properties":{"address":"Лисенка М. 31","name_build":"лікарня Охмадиту (сан. Товариства соціального страхування)","date_build":"1926-1930 рр.","num_ohor_build":"1623","moid":"9505408689057425","geom":{"type":"Point","coordinates":[24.044091664925496,49.84264714482921]},"note":null,"editor_id":null,"uid":null,"editor_date":null}},{"type":"Feature","geometry":{"type":"Point","coordinates":[24.045091687,49.842240153]},"properties":{"address":"Лисенка М. 41","name_build":"церква церква Івана Золотоустого семінарія УАПС (костел Францисканок)","date_build":"1876-1888 рр.","num_ohor_build":"1624","moid":"9505408689057426","geom":{"type":"Point","coordinates":[24.045091686974292,49.84224015335816]},"note":null,"editor_id":null,"uid":null,"editor_date":null}},{"type":"Feature","geometry":{"type":"Point","coordinates":[24.046465703,49.842096171]},"properties":{"address":"Лисенка М. 45","name_build":"лікарня 1-а інфекційна (монастир костьолу)","date_build":"XVII ст.","num_ohor_build":"1625","moid":"9505408689057427","geom":{"type":"Point","coordinates":[24.046465703133087,49.842096170901996]},"note":null,"editor_id":null,"uid":null,"editor_date":null}},{"type":"Feature","geometry":{"type":"Point","coordinates":[24.048755718,49.842224205]},"properties":{"address":"Лисенка М. 46","name_build":"житл. буд.","date_build":"1913 р.","num_ohor_build":"2148","moid":"9505408689057428","geom":{"type":"Point","coordinates":[24.04875571753757,49.84222420530443]},"note":null,"editor_id":null,"uid":null,"editor_date":null}},{"type":"Feature","geometry":{"type":"Point","coordinates":[24.047493702,49.842368189]},"properties":{"address":"Лисенка М. 53","name_build":"навч. закл. школа-інтернат № 53","date_build":"1896 р.","num_ohor_build":"1328","moid":"9505408689057429","geom":{"type":"Point","coordinates":[24.0474937022948,49.84236818935562]},"note":null,"editor_id":null,"uid":null,"editor_date":null}},{"type":"Feature","geometry":null,"properties":{"address":"Листопадового Чину 3/5","name_build":"житл. буд.","date_build":"1897 р.","num_ohor_build":"643","moid":"9505408689057431","geom":null,"note":null,"editor_id":null,"uid":null,"editor_date":null}},{"type":"Feature","geometry":null,"properties":{"address":"Листопадового Чину 4","name_build":"лікарня поліклініка (житл. буд.)","date_build":"сер. XIX ст.","num_ohor_build":"993","moid":"9505408689057432","geom":null,"note":null,"editor_id":null,"uid":null,"editor_date":null}},{"type":"Feature","geometry":null,"properties":{"address":"Листопадового Чину 6","name_build":"адм.буд. будинок вчених (казино шляхетське)","date_build":"1897-1898 рр.","num_ohor_build":"181","moid":"9505408689057433","geom":null,"note":null,"editor_id":null,"uid":null,"editor_date":null}},{"type":"Feature","geometry":null,"properties":{"address":"Листопадового Чину 7","name_build":"житл. буд. музей О.Кульчицької (житл. буд.)","date_build":"1890 р.","num_ohor_build":"182","moid":"9505408689057434","geom":null,"note":null,"editor_id":null,"uid":null,"editor_date":null}},{"type":"Feature","geometry":null,"properties":{"address":"Листопадового Чину 10","name_build":"адм.буд. військова частина (адм.буд.)","date_build":"1891-1892 рр.","num_ohor_build":"644","moid":"9505408689057435","geom":null,"note":null,"editor_id":null,"uid":null,"editor_date":null}},{"type":"Feature","geometry":null,"properties":{"address":"Листопадового Чину 11","name_build":"житл. буд. художньо-меморіальний музей О.Новаківського (житл. буд. Я.Стики)","date_build":"1889-1890 рр.","num_ohor_build":"183","moid":"9505408689057436","geom":null,"note":null,"editor_id":null,"uid":null,"editor_date":null}},{"type":"Feature","geometry":null,"properties":{"address":"Листопадового Чину 12","name_build":"житл. буд.","date_build":"1896 р.","num_ohor_build":"184","moid":"9505408689057437","geom":null,"note":null,"editor_id":null,"uid":null,"editor_date":null}},{"type":"Feature","geometry":null,"properties":{"address":"Листопадового Чину 14","name_build":"житл. буд.","date_build":"1880 р.","num_ohor_build":"1633","moid":"9505408689057438","geom":null,"note":null,"editor_id":null,"uid":null,"editor_date":null}},{"type":"Feature","geometry":null,"properties":{"address":"Листопадового Чину 26","name_build":"житл. буд.","date_build":"1896 р.","num_ohor_build":"645","moid":"9505408689057439","geom":null,"note":null,"editor_id":null,"uid":null,"editor_date":null}},{"type":"Feature","geometry":{"type":"Point","coordinates":[24.035440444,49.817655671]},"properties":{"address":"Литовська 1","name_build":"вілла","date_build":"30-ті XX ст.","num_ohor_build":"2661","moid":"9505408689057440","geom":{"type":"Point","coordinates":[24.035440444391988,49.81765567108794]},"note":null,"editor_id":null,"uid":null,"editor_date":null}},{"type":"Feature","geometry":{"type":"Point","coordinates":[24.035274447,49.817539667]},"properties":{"address":"Литовська 3","name_build":"вілла","date_build":"30-ті XX ст.","num_ohor_build":"2662","moid":"9505408689057441","geom":{"type":"Point","coordinates":[24.035274446977837,49.81753966709804]},"note":null,"editor_id":null,"uid":null,"editor_date":null}},{"type":"Feature","geometry":{"type":"Point","coordinates":[24.034760441,49.81757966]},"properties":{"address":"Литовська 4","name_build":"вілла","date_build":"30-ті XX ст.","num_ohor_build":"2663","moid":"9505408689057442","geom":{"type":"Point","coordinates":[24.03476044141219,49.817579660342574]},"note":null,"editor_id":null,"uid":null,"editor_date":null}},{"type":"Feature","geometry":{"type":"Point","coordinates":[24.035184451,49.817411664]},"properties":{"address":"Литовська 5","name_build":"вілла","date_build":"30-ті XX ст.","num_ohor_build":"2664","moid":"9505408689057443","geom":{"type":"Point","coordinates":[24.035184450593526,49.81741166402165]},"note":null,"editor_id":null,"uid":null,"editor_date":null}},{"type":"Feature","geometry":{"type":"Point","coordinates":[24.034340447,49.817327651]},"properties":{"address":"Литовська 6","name_build":"вілла","date_build":"30-ті XX ст.","num_ohor_build":"2665","moid":"9505408689057444","geom":{"type":"Point","coordinates":[24.034340446544004,49.81732765082966]},"note":null,"editor_id":null,"uid":null,"editor_date":null}},{"type":"Feature","geometry":{"type":"Point","coordinates":[24.035048455,49.81723966]},"properties":{"address":"Литовська 7","name_build":"вілла","date_build":"30-ті XX ст.","num_ohor_build":"2666","moid":"9505408689057445","geom":{"type":"Point","coordinates":[24.03504845532883,49.81723965967335]},"note":null,"editor_id":null,"uid":null,"editor_date":null}},{"type":"Feature","geometry":{"type":"Point","coordinates":[24.03493846,49.817067656]},"properties":{"address":"Литовська 9","name_build":"вілла","date_build":"30-ті XX ст.","num_ohor_build":"2667","moid":"9505408689057446","geom":{"type":"Point","coordinates":[24.034938460276827,49.81706765569516]},"note":null,"editor_id":null,"uid":null,"editor_date":null}},{"type":"Feature","geometry":{"type":"Point","coordinates":[24.034832465,49.816915652]},"properties":{"address":"Литовська 11","name_build":"вілла","date_build":"30-ті XX ст.","num_ohor_build":"2668","moid":"9505408689057447","geom":{"type":"Point","coordinates":[24.034832464577516,49.81691565205442]},"note":null,"editor_id":null,"uid":null,"editor_date":null}},{"type":"Feature","geometry":{"type":"Point","coordinates":[24.033491495,49.815706616]},"properties":{"address":"Литовська 14","name_build":"вілла","date_build":"30-ті XX ст.","num_ohor_build":"2669","moid":"9505408689057448","geom":{"type":"Point","coordinates":[24.033491494710585,49.815706616009564]},"note":null,"editor_id":null,"uid":null,"editor_date":null}},{"type":"Feature","geometry":{"type":"Point","coordinates":[24.033718516,49.815127611]},"properties":{"address":"Литовська 15","name_build":"вілла","date_build":"30-ті XX ст.","num_ohor_build":"2670","moid":"9505408689057449","geom":{"type":"Point","coordinates":[24.033718516251962,49.81512761112007]},"note":null,"editor_id":null,"uid":null,"editor_date":null}},{"type":"Feature","geometry":{"type":"Point","coordinates":[24.033283505,49.815347608]},"properties":{"address":"Литовська 16","name_build":"вілла","date_build":"30-ті XX ст.","num_ohor_build":"2671","moid":"9505408689057450","geom":{"type":"Point","coordinates":[24.033283505213987,49.8153476080138]},"note":null,"editor_id":null,"uid":null,"editor_date":null}},{"type":"Feature","geometry":{"type":"Point","coordinates":[24.033759523,49.814927609]},"properties":{"address":"Литовська 17","name_build":"вілла","date_build":"30-ті XX ст.","num_ohor_build":"2672","moid":"9505408689057451","geom":{"type":"Point","coordinates":[24.03375952338664,49.8149276088986]},"note":null,"editor_id":null,"uid":null,"editor_date":null}},{"type":"Feature","geometry":{"type":"Point","coordinates":[24.033855532,49.814707607]},"properties":{"address":"Литовська 19","name_build":"вілла","date_build":"30-ті XX ст.","num_ohor_build":"2673","moid":"9505408689057452","geom":{"type":"Point","coordinates":[24.033855531651103,49.814707607179514]},"note":null,"editor_id":null,"uid":null,"editor_date":null}},{"type":"Feature","geometry":null,"properties":{"address":"акад. Кучера Р. 6","name_build":"житл. буд.","date_build":"1907 р.","num_ohor_build":"2131","moid":"9505408688926281","geom":null,"note":null,"editor_id":null,"uid":null,"editor_date":null}},{"type":"Feature","geometry":{"type":"Point","coordinates":[24.0368617,49.839872003]},"properties":{"address":"Личаківська 1","name_build":"житл. буд.","date_build":"XVIII ст.","num_ohor_build":"616","moid":"9505408689057453","geom":{"type":"Point","coordinates":[24.036861700192578,49.83987200295151]},"note":null,"editor_id":null,"uid":null,"editor_date":null}},{"type":"Feature","geometry":{"type":"Point","coordinates":[24.033886424,49.817867652]},"properties":{"address":"Мишуги О. 24","name_build":"вілла","date_build":"1936 р.","num_ohor_build":"2036","moid":"9505408689057454","geom":{"type":"Point","coordinates":[24.033886424468914,49.81786765194098]},"note":null,"editor_id":null,"uid":null,"editor_date":null}},{"type":"Feature","geometry":{"type":"Point","coordinates":[24.03547742,49.818386682]},"properties":{"address":"Мишуги О. 34","name_build":"вілла","date_build":"30-ті XX ст.","num_ohor_build":"2712","moid":"9505408689057455","geom":{"type":"Point","coordinates":[24.035477419839488,49.81838668186752]},"note":null,"editor_id":null,"uid":null,"editor_date":null}},{"type":"Feature","geometry":{"type":"Point","coordinates":[24.037411703,49.839912011]},"properties":{"address":"Личаківська 3","name_build":"житл.-адм. буд. виробничі майстерні Академії Друкарства (друкарня Піллера)","date_build":"1893 р.","num_ohor_build":"617","moid":"9505408689057456","geom":{"type":"Point","coordinates":[24.037411703333913,49.83991201134408]},"note":null,"editor_id":null,"uid":null,"editor_date":null}},{"type":"Feature","geometry":{"type":"Point","coordinates":[24.037995717,49.839639016]},"properties":{"address":"Личаківська 4","name_build":"житл. буд.","date_build":"1887 р.","num_ohor_build":"618","moid":"9505408689057457","geom":{"type":"Point","coordinates":[24.037995717409295,49.83963901583001]},"note":null,"editor_id":null,"uid":null,"editor_date":null}},{"type":"Feature","geometry":{"type":"Point","coordinates":[24.037857707,49.839904018]},"properties":{"address":"Личаківська 5","name_build":"житл. буд.","date_build":"1888 р.","num_ohor_build":"619","moid":"9505408689057458","geom":{"type":"Point","coordinates":[24.03785770725796,49.83990401758245]},"note":null,"editor_id":null,"uid":null,"editor_date":null}},{"type":"Feature","geometry":{"type":"Point","coordinates":[24.038555711,49.839960028]},"properties":{"address":"Личаківська 9","name_build":"житл. буд.","date_build":"1887 р.","num_ohor_build":"620","moid":"9505408689057459","geom":{"type":"Point","coordinates":[24.038555711066728,49.839960028306805]},"note":null,"editor_id":null,"uid":null,"editor_date":null}},{"type":"Feature","geometry":{"type":"Point","coordinates":[24.039261712,49.840117041]},"properties":{"address":"Личаківська 15","name_build":"гром. буд. (фліґель)","date_build":"1847-1849 рр.","num_ohor_build":"621","moid":"9505408689057460","geom":{"type":"Point","coordinates":[24.03926171150288,49.84011704056189]},"note":null,"editor_id":null,"uid":null,"editor_date":null}},{"type":"Feature","geometry":{"type":"Point","coordinates":[24.040371726,49.839972054]},"properties":{"address":"Личаківська 19","name_build":"житл. буд.","date_build":"поч. XIX ст.","num_ohor_build":"987","moid":"9505408689057461","geom":{"type":"Point","coordinates":[24.040371725528722,49.83997205433289]},"note":null,"editor_id":null,"uid":null,"editor_date":null}},{"type":"Feature","geometry":{"type":"Point","coordinates":[24.041651744,49.839728069]},"properties":{"address":"Личаківська 24","name_build":"житл. буд.","date_build":"1908 р.","num_ohor_build":"622","moid":"9505408689057462","geom":{"type":"Point","coordinates":[24.04165174431753,49.839728069135454]},"note":null,"editor_id":null,"uid":null,"editor_date":null}},{"type":"Feature","geometry":{"type":"Point","coordinates":[24.052743786,49.841176247]},"properties":{"address":"Острозького К. 5","name_build":"вілла","date_build":"поч. XX ст.","num_ohor_build":"2470","moid":"9505408689319793","geom":{"type":"Point","coordinates":[24.05274378589646,49.841176247382556]},"note":null,"editor_id":null,"uid":null,"editor_date":null}},{"type":"Feature","geometry":{"type":"Point","coordinates":[24.043575759,49.839746097]},"properties":{"address":"Личаківська 26","name_build":"шпиталь (костел св.Лаврентія монастиря боніфратрів)","date_build":"1539 р.","num_ohor_build":"1621","moid":"9505408689057463","geom":{"type":"Point","coordinates":[24.043575759462655,49.839746096782946]},"note":null,"editor_id":null,"uid":null,"editor_date":null}},{"type":"Feature","geometry":{"type":"Point","coordinates":[24.042163734,49.840164083]},"properties":{"address":"Личаківська 29","name_build":"житл. буд. (шпиталь гарнізонний)","date_build":"XVII ст.","num_ohor_build":"623","moid":"9505408689057464","geom":{"type":"Point","coordinates":[24.042163733668126,49.840164082542216]},"note":null,"editor_id":null,"uid":null,"editor_date":null}},{"type":"Feature","geometry":{"type":"Point","coordinates":[24.042683733,49.840304092]},"properties":{"address":"Личаківська 33","name_build":"житл. буд.","date_build":"1935 р.","num_ohor_build":"2150","moid":"9505408689057466","geom":{"type":"Point","coordinates":[24.042683733160974,49.84030409191036]},"note":null,"editor_id":null,"uid":null,"editor_date":null}},{"type":"Feature","geometry":null,"properties":{"address":"Личаківська 34-36","name_build":"житл. буд.","date_build":"1912-1913 рр.","num_ohor_build":"2151","moid":"9505408689057467","geom":null,"note":null,"editor_id":null,"uid":null,"editor_date":null}},{"type":"Feature","geometry":{"type":"Point","coordinates":[24.045079737,49.840768133]},"properties":{"address":"Личаківська 39","name_build":"житл. буд.","date_build":"поч. XX ст.","num_ohor_build":"988","moid":"9505408689057468","geom":{"type":"Point","coordinates":[24.045079736990353,49.84076813253569]},"note":null,"editor_id":null,"uid":null,"editor_date":null}},{"type":"Feature","geometry":{"type":"Point","coordinates":[24.046967743,49.841048163]},"properties":{"address":"Личаківська 49","name_build":"житл. буд.","date_build":"поч. XX ст.","num_ohor_build":"989","moid":"9505408689057469","geom":{"type":"Point","coordinates":[24.046967742924835,49.84104816334637]},"note":null,"editor_id":null,"uid":null,"editor_date":null}},{"type":"Feature","geometry":{"type":"Point","coordinates":[24.051083836,49.839304197]},"properties":{"address":"Личаківська 70","name_build":"житл. буд.","date_build":"1905-1906 рр.","num_ohor_build":"1622","moid":"9505408689057470","geom":{"type":"Point","coordinates":[24.0510838360182,49.83930419748162]},"note":null,"editor_id":null,"uid":null,"editor_date":null}},{"type":"Feature","geometry":{"type":"Point","coordinates":[24.052963852,49.839300224]},"properties":{"address":"Личаківська 99","name_build":"адм.буд.","date_build":"поч. XX ст.","num_ohor_build":"2152","moid":"9505408689057471","geom":{"type":"Point","coordinates":[24.05296385156071,49.83930022419242]},"note":null,"editor_id":null,"uid":null,"editor_date":null}},{"type":"Feature","geometry":{"type":"Point","coordinates":[24.054624874,49.839038244]},"properties":{"address":"Личаківська 107","name_build":"шпиталь прикордонних військ (санаторій Червоного Хреста)","date_build":"1907-1909 рр.","num_ohor_build":"624","moid":"9505408689057472","geom":{"type":"Point","coordinates":[24.05462487409205,49.83903824416476]},"note":null,"editor_id":null,"uid":null,"editor_date":null}},{"type":"Feature","geometry":{"type":"Point","coordinates":[24.063000029,49.836496328]},"properties":{"address":"Личаківська 134а","name_build":"житл. буд.","date_build":"сер. XIX ст.","num_ohor_build":"2454","moid":"9505408689057473","geom":{"type":"Point","coordinates":[24.063000029268316,49.83649632772838]},"note":null,"editor_id":null,"uid":null,"editor_date":null}},{"type":"Feature","geometry":{"type":"Point","coordinates":[24.063110005,49.83724434]},"properties":{"address":"Личаківська 171","name_build":"школа № 63 (школа)","date_build":"XIX ст.","num_ohor_build":"625","moid":"9505408689057474","geom":{"type":"Point","coordinates":[24.063110004713806,49.837244339791134]},"note":null,"editor_id":null,"uid":null,"editor_date":null}},{"type":"Feature","geometry":{"type":"Point","coordinates":[24.028621693,49.838095861]},"properties":{"address":"Ліста Ф. 2","name_build":"житл. буд.","date_build":"1912 р.","num_ohor_build":"259","moid":"9505408689057475","geom":{"type":"Point","coordinates":[24.028621693207743,49.83809586070914]},"note":null,"editor_id":null,"uid":null,"editor_date":null}},{"type":"Feature","geometry":{"type":"Point","coordinates":[24.028379685,49.83827586]},"properties":{"address":"Ліста Ф. 4","name_build":"пром. буд. (пром. буд. Спілчанська друкарня)","date_build":"1895 р.","num_ohor_build":"260","moid":"9505408689188548","geom":{"type":"Point","coordinates":[24.028379685100006,49.83827585978788]},"note":null,"editor_id":null,"uid":null,"editor_date":null}},{"type":"Feature","geometry":{"type":"Point","coordinates":[24.028163677,49.838451859]},"properties":{"address":"Ліста Ф. 6","name_build":"лікарня міська (житл. буд.)","date_build":"поч. XX ст.","num_ohor_build":"1372","moid":"9505408689188549","geom":{"type":"Point","coordinates":[24.028163677341134,49.83845185918071]},"note":null,"editor_id":null,"uid":null,"editor_date":null}},{"type":"Feature","geometry":{"type":"Point","coordinates":[24.027587674,49.83841185]},"properties":{"address":"Ліста Ф. 9","name_build":"житл. буд. (пром. буд.)","date_build":"1912 р.","num_ohor_build":"261","moid":"9505408689188550","geom":{"type":"Point","coordinates":[24.02758767398976,49.83841185041776]},"note":null,"editor_id":null,"uid":null,"editor_date":null}},{"type":"Feature","geometry":{"type":"Point","coordinates":[24.026080081,49.826099656]},"properties":{"address":"Літня 4","name_build":"вілла Дзиндри (вілла)","date_build":"поч. XX ст.","num_ohor_build":"2147","moid":"9505408689188551","geom":{"type":"Point","coordinates":[24.026080080639463,49.826099656270166]},"note":null,"editor_id":null,"uid":null,"editor_date":null}},{"type":"Feature","geometry":{"type":"Point","coordinates":[24.025780066,49.826463657]},"properties":{"address":"Літня 10","name_build":"вілла","date_build":"30-ті XX ст.","num_ohor_build":"2674","moid":"9505408689188552","geom":{"type":"Point","coordinates":[24.02578006580267,49.82646365710396]},"note":null,"editor_id":null,"uid":null,"editor_date":null}},{"type":"Feature","geometry":null,"properties":{"address":"Лобачевського М. 8","name_build":"житл. буд.","date_build":"1910 р.","num_ohor_build":"159","moid":"9505408689188553","geom":null,"note":null,"editor_id":null,"uid":null,"editor_date":null}},{"type":"Feature","geometry":{"type":"Point","coordinates":[24.019690805,49.832658657]},"properties":{"address":"Лукіяновича Д. 9","name_build":"лікарня (житл. буд.)","date_build":"1897 р.","num_ohor_build":"724","moid":"9505408689188554","geom":{"type":"Point","coordinates":[24.01969080521303,49.83265865728761]},"note":null,"editor_id":null,"uid":null,"editor_date":null}},{"type":"Feature","geometry":{"type":"Point","coordinates":[23.997920156,49.846499541]},"properties":{"address":"Луцького О. 13","name_build":"вілла","date_build":"30-ті XX ст.","num_ohor_build":"2675","moid":"9505408689188555","geom":{"type":"Point","coordinates":[23.997920156026773,49.84649954133184]},"note":null,"editor_id":null,"uid":null,"editor_date":null}},{"type":"Feature","geometry":{"type":"Point","coordinates":[23.997464146,49.846671537]},"properties":{"address":"Луцького О. 22","name_build":"вілла","date_build":"30-ті XX ст.","num_ohor_build":"2676","moid":"9505408689188556","geom":{"type":"Point","coordinates":[23.997464146442912,49.846671537248184]},"note":null,"editor_id":null,"uid":null,"editor_date":null}},{"type":"Feature","geometry":{"type":"Point","coordinates":[24.034490064,49.828619811]},"properties":{"address":"Людкевича С. 1","name_build":"вілла","date_build":"30-ті XX ст.","num_ohor_build":"2677","moid":"9505408689188557","geom":{"type":"Point","coordinates":[24.034490063714347,49.82861981134645]},"note":null,"editor_id":null,"uid":null,"editor_date":null}},{"type":"Feature","geometry":{"type":"Point","coordinates":[24.034672064,49.828659814]},"properties":{"address":"Людкевича С. 3","name_build":"вілла","date_build":"30-ті XX ст.","num_ohor_build":"2678","moid":"9505408689188558","geom":{"type":"Point","coordinates":[24.03467206384294,49.828659814498614]},"note":null,"editor_id":null,"uid":null,"editor_date":null}},{"type":"Feature","geometry":{"type":"Point","coordinates":[24.010386354,49.843663679]},"properties":{"address":"Магазинова 1","name_build":"житл. буд.","date_build":"1904 р.","num_ohor_build":"1626","moid":"9505408689188559","geom":{"type":"Point","coordinates":[24.010386354487313,49.8436636791177]},"note":null,"editor_id":null,"uid":null,"editor_date":null}},{"type":"Feature","geometry":{"type":"Point","coordinates":[24.010537349,49.843869684]},"properties":{"address":"Магазинова 2","name_build":"житл. буд.","date_build":"1906 р.","num_ohor_build":"1627","moid":"9505408689188560","geom":{"type":"Point","coordinates":[24.010537348706134,49.843869684156836]},"note":null,"editor_id":null,"uid":null,"editor_date":null}},{"type":"Feature","geometry":{"type":"Point","coordinates":[24.010091354,49.843616674]},"properties":{"address":"Магазинова 3","name_build":"житл. буд.","date_build":"1906 р.","num_ohor_build":"1629","moid":"9505408689188561","geom":{"type":"Point","coordinates":[24.01009135367648,49.843616674257284]},"note":null,"editor_id":null,"uid":null,"editor_date":null}},{"type":"Feature","geometry":{"type":"Point","coordinates":[24.010199343,49.84394468]},"properties":{"address":"Магазинова 4","name_build":"житл. буд.","date_build":"1906-1907 рр.","num_ohor_build":"1630","moid":"9505408689188562","geom":{"type":"Point","coordinates":[24.010199343388926,49.843944680394735]},"note":null,"editor_id":null,"uid":null,"editor_date":null}},{"type":"Feature","geometry":null,"properties":{"address":"гетьмана Мазепи І. -1","name_build":"костел с. Франціска","date_build":"кін. XIX ст.","num_ohor_build":"2679","moid":"9505408689188563","geom":null,"note":null,"editor_id":null,"uid":null,"editor_date":null}},{"type":"Feature","geometry":null,"properties":{"address":"Маланюка Є. пл. 7","name_build":"житл. буд.","date_build":"1897 р.","num_ohor_build":"718","moid":"9505408689188564","geom":null,"note":null,"editor_id":null,"uid":null,"editor_date":null}},{"type":"Feature","geometry":{"type":"Point","coordinates":[24.030463797,49.83549585]},"properties":{"address":"Мартовича Л. 2","name_build":"адм.буд. (житл. буд.)","date_build":"кін. XIX ст.","num_ohor_build":"634","moid":"9505408689188565","geom":{"type":"Point","coordinates":[24.030463796782037,49.83549585046981]},"note":null,"editor_id":null,"uid":null,"editor_date":null}},{"type":"Feature","geometry":{"type":"Point","coordinates":[24.030255804,49.835235844]},"properties":{"address":"Мартовича Л. 3","name_build":"житл. буд.","date_build":"поч. XX ст.","num_ohor_build":"165","moid":"9505408689188566","geom":{"type":"Point","coordinates":[24.030255803929325,49.83523584386142]},"note":null,"editor_id":null,"uid":null,"editor_date":null}},{"type":"Feature","geometry":{"type":"Point","coordinates":[24.030223792,49.835575848]},"properties":{"address":"Мартовича Л. 4","name_build":"житл. буд.","date_build":"1907 р.","num_ohor_build":"635","moid":"9505408689188567","geom":{"type":"Point","coordinates":[24.030223792095168,49.83557584817463]},"note":null,"editor_id":null,"uid":null,"editor_date":null}},{"type":"Feature","geometry":{"type":"Point","coordinates":[24.030055798,49.835347843]},"properties":{"address":"Мартовича Л. 5","name_build":"житл. буд.","date_build":"поч. XX ст.","num_ohor_build":"166","moid":"9505408689188568","geom":{"type":"Point","coordinates":[24.030055798480692,49.83534784258462]},"note":null,"editor_id":null,"uid":null,"editor_date":null}},{"type":"Feature","geometry":{"type":"Point","coordinates":[24.030007787,49.835675847]},"properties":{"address":"Мартовича Л. 6","name_build":"житл. буд.","date_build":"1907 р.","num_ohor_build":"636","moid":"9505408689188569","geom":{"type":"Point","coordinates":[24.03000778692398,49.83567584650169]},"note":null,"editor_id":null,"uid":null,"editor_date":null}},{"type":"Feature","geometry":{"type":"Point","coordinates":[24.029861794,49.835439841]},"properties":{"address":"Мартовича Л. 7","name_build":"житл. буд.","date_build":"поч. XX ст.","num_ohor_build":"167","moid":"9505408689188570","geom":{"type":"Point","coordinates":[24.029861793761885,49.83543984111271]},"note":null,"editor_id":null,"uid":null,"editor_date":null}},{"type":"Feature","geometry":{"type":"Point","coordinates":[24.029803782,49.835783845]},"properties":{"address":"Мартовича Л. 8","name_build":"житл. буд.","date_build":"1907 р.","num_ohor_build":"637","moid":"9505408689188571","geom":{"type":"Point","coordinates":[24.029803781578682,49.8357838451118]},"note":null,"editor_id":null,"uid":null,"editor_date":null}},{"type":"Feature","geometry":{"type":"Point","coordinates":[24.029595788,49.835535839]},"properties":{"address":"Мартовича Л. 9","name_build":"житл. буд.","date_build":"1899 р.","num_ohor_build":"638","moid":"9505408689188572","geom":{"type":"Point","coordinates":[24.029595788317764,49.83553583867171]},"note":null,"editor_id":null,"uid":null,"editor_date":null}},{"type":"Feature","geometry":{"type":"Point","coordinates":[24.029485779,49.835795841]},"properties":{"address":"Мартовича Л. 10","name_build":"житл. буд.","date_build":"кін. XIX ст.","num_ohor_build":"639","moid":"9505408689188573","geom":{"type":"Point","coordinates":[24.0294857785681,49.83579584075219]},"note":null,"editor_id":null,"uid":null,"editor_date":null}},{"type":"Feature","geometry":{"type":"Point","coordinates":[24.015885599,49.837799675]},"properties":{"address":"Матейка Я. 2","name_build":"житл. буд.","date_build":"1895 р.","num_ohor_build":"633","moid":"9505408689188574","geom":{"type":"Point","coordinates":[24.015885599110604,49.837799675200074]},"note":null,"editor_id":null,"uid":null,"editor_date":null}},{"type":"Feature","geometry":{"type":"Point","coordinates":[24.016103605,49.837671677]},"properties":{"address":"Матейка Я. 4","name_build":"адм.буд. західного наукового центру НАН України (вілла Пінінського)","date_build":"1891-1894 рр.","num_ohor_build":"168","moid":"9505408689188575","geom":{"type":"Point","coordinates":[24.016103605250574,49.83767167650948]},"note":null,"editor_id":null,"uid":null,"editor_date":null}},{"type":"Feature","geometry":{"type":"Point","coordinates":[24.017572638,49.837053689]},"properties":{"address":"Матейка Я. 8","name_build":"адм.буд. (житл. буд.)","date_build":"1892-1894 рр.","num_ohor_build":"169","moid":"9505408689188576","geom":{"type":"Point","coordinates":[24.017572638300233,49.83705368876178]},"note":null,"editor_id":null,"uid":null,"editor_date":null}},{"type":"Feature","geometry":{"type":"Point","coordinates":[24.003305709,49.831536408]},"properties":{"address":"Мельника А. 7","name_build":"вілла","date_build":"1905 р.","num_ohor_build":"2680","moid":"9505408689188577","geom":{"type":"Point","coordinates":[24.003305709485513,49.83153640824295]},"note":null,"editor_id":null,"uid":null,"editor_date":null}},{"type":"Feature","geometry":{"type":"Point","coordinates":[24.005085788,49.829660407]},"properties":{"address":"Мельника А. 20","name_build":"вілла","date_build":"30-ті XX ст.","num_ohor_build":"2681","moid":"9505408689188578","geom":{"type":"Point","coordinates":[24.00508578786981,49.82966040728781]},"note":null,"editor_id":null,"uid":null,"editor_date":null}},{"type":"Feature","geometry":null,"properties":{"address":"Мендєлєєва Д. 2","name_build":"житл. буд.","date_build":"1909 р.","num_ohor_build":"1334","moid":"9505408689188579","geom":null,"note":null,"editor_id":null,"uid":null,"editor_date":null}},{"type":"Feature","geometry":null,"properties":{"address":"Мендєлєєва Д. 3","name_build":"житл. буд.","date_build":"1910 р.","num_ohor_build":"1335","moid":"9505408689188580","geom":null,"note":null,"editor_id":null,"uid":null,"editor_date":null}},{"type":"Feature","geometry":null,"properties":{"address":"Мендєлєєва Д. 4","name_build":"житл. буд.","date_build":"1909 р.","num_ohor_build":"1336","moid":"9505408689188581","geom":null,"note":null,"editor_id":null,"uid":null,"editor_date":null}},{"type":"Feature","geometry":null,"properties":{"address":"Мендєлєєва Д. 5","name_build":"житл. буд.","date_build":"1910 р.","num_ohor_build":"200","moid":"9505408689188582","geom":null,"note":null,"editor_id":null,"uid":null,"editor_date":null}},{"type":"Feature","geometry":null,"properties":{"address":"Левинського Ів. 14","name_build":"житл. буд.","date_build":"поч. XX ст.","num_ohor_build":"2211","moid":"9505408688926286","geom":null,"note":null,"editor_id":null,"uid":null,"editor_date":null}},{"type":"Feature","geometry":null,"properties":{"address":"﻿Азовська 2","name_build":"вілла","date_build":"30-ті XX ст.","num_ohor_build":"2535","moid":"9505408688926527","geom":null,"note":null,"editor_id":null,"uid":null,"editor_date":null}},{"type":"Feature","geometry":null,"properties":{"address":"Мендєлєєва Д. 6","name_build":"житл. буд.","date_build":"1908 р.","num_ohor_build":"1337","moid":"9505408689188583","geom":null,"note":null,"editor_id":null,"uid":null,"editor_date":null}},{"type":"Feature","geometry":null,"properties":{"address":"Мендєлєєва Д. 7","name_build":"житл. буд.","date_build":"1910 р.","num_ohor_build":"201","moid":"9505408689188584","geom":null,"note":null,"editor_id":null,"uid":null,"editor_date":null}},{"type":"Feature","geometry":null,"properties":{"address":"Мендєлєєва Д. 8","name_build":"житл. буд.","date_build":"1937 р.","num_ohor_build":"1338","moid":"9505408689188585","geom":null,"note":null,"editor_id":null,"uid":null,"editor_date":null}},{"type":"Feature","geometry":null,"properties":{"address":"Мендєлєєва Д. 9","name_build":"житл. буд.","date_build":"1910 р.","num_ohor_build":"202","moid":"9505408689188586","geom":null,"note":null,"editor_id":null,"uid":null,"editor_date":null}},{"type":"Feature","geometry":null,"properties":{"address":"Мендєлєєва Д. 10","name_build":"житл. буд.","date_build":"поч. XX ст.","num_ohor_build":"1339","moid":"9505408689188587","geom":null,"note":null,"editor_id":null,"uid":null,"editor_date":null}},{"type":"Feature","geometry":null,"properties":{"address":"Мендєлєєва Д. 11","name_build":"житл. буд.","date_build":"1910 р.","num_ohor_build":"203","moid":"9505408689188588","geom":null,"note":null,"editor_id":null,"uid":null,"editor_date":null}},{"type":"Feature","geometry":null,"properties":{"address":"Мендєлєєва Д. 12","name_build":"житл. буд.","date_build":"1938 р.","num_ohor_build":"1340","moid":"9505408689188589","geom":null,"note":null,"editor_id":null,"uid":null,"editor_date":null}},{"type":"Feature","geometry":null,"properties":{"address":"Мендєлєєва Д. 13","name_build":"житл. буд.","date_build":"поч. XX ст.","num_ohor_build":"1341","moid":"9505408689188590","geom":null,"note":null,"editor_id":null,"uid":null,"editor_date":null}},{"type":"Feature","geometry":null,"properties":{"address":"Мендєлєєва Д. 15","name_build":"житл. буд.","date_build":"1906 р.","num_ohor_build":"1342","moid":"9505408689188591","geom":null,"note":null,"editor_id":null,"uid":null,"editor_date":null}},{"type":"Feature","geometry":{"type":"Point","coordinates":[24.0219475,49.842159823]},"properties":{"address":"Менцинського М. 3","name_build":"житл. буд.","date_build":"сер. XIX ст.","num_ohor_build":"768","moid":"9505408689188592","geom":{"type":"Point","coordinates":[24.02194750024129,49.84215982267014]},"note":null,"editor_id":null,"uid":null,"editor_date":null}},{"type":"Feature","geometry":{"type":"Point","coordinates":[24.022848497,49.84247884]},"properties":{"address":"Менцинського М. 8","name_build":"навч. закл. (адм.буд. єврейська купецька гімназія)","date_build":"1912-1914 рр.","num_ohor_build":"769","moid":"9505408689188593","geom":{"type":"Point","coordinates":[24.022848496749546,49.84247883997494]},"note":null,"editor_id":null,"uid":null,"editor_date":null}},{"type":"Feature","geometry":{"type":"Point","coordinates":[24.009019833,49.829272458]},"properties":{"address":"Метрологічна 2","name_build":"житл. буд. (вілла Вербицького)","date_build":"1905 р.","num_ohor_build":"1343","moid":"9505408689188594","geom":{"type":"Point","coordinates":[24.009019833214417,49.82927245786469]},"note":null,"editor_id":null,"uid":null,"editor_date":null}},{"type":"Feature","geometry":{"type":"Point","coordinates":[24.009093824,49.829568463]},"properties":{"address":"Метрологічна 3","name_build":"житл. буд.","date_build":"1911 р.","num_ohor_build":"1344","moid":"9505408689188595","geom":{"type":"Point","coordinates":[24.009093823746607,49.829568463068604]},"note":null,"editor_id":null,"uid":null,"editor_date":null}},{"type":"Feature","geometry":{"type":"Point","coordinates":[24.009319839,49.829172461]},"properties":{"address":"Метрологічна 4","name_build":"житл. буд.","date_build":"1905-1911 рр.","num_ohor_build":"1345","moid":"9505408689188596","geom":{"type":"Point","coordinates":[24.009319839068585,49.82917246073427]},"note":null,"editor_id":null,"uid":null,"editor_date":null}},{"type":"Feature","geometry":{"type":"Point","coordinates":[24.009475842,49.829132462]},"properties":{"address":"Метрологічна 6","name_build":"житл. буд.","date_build":"1913 р.","num_ohor_build":"1346","moid":"9505408689188597","geom":{"type":"Point","coordinates":[24.009475841704425,49.82913246239469]},"note":null,"editor_id":null,"uid":null,"editor_date":null}},{"type":"Feature","geometry":{"type":"Point","coordinates":[24.009795847,49.829056466]},"properties":{"address":"Метрологічна 8","name_build":"вілла","date_build":"1910 р.","num_ohor_build":"1347","moid":"9505408689188598","geom":{"type":"Point","coordinates":[24.009795846905387,49.82905646588552]},"note":null,"editor_id":null,"uid":null,"editor_date":null}},{"type":"Feature","geometry":{"type":"Point","coordinates":[24.009935848,49.829052468]},"properties":{"address":"Метрологічна 10","name_build":"вілла","date_build":"20-ті XX ст.","num_ohor_build":"2682","moid":"9505408689188599","geom":{"type":"Point","coordinates":[24.009935848185506,49.82905246782288]},"note":null,"editor_id":null,"uid":null,"editor_date":null}},{"type":"Feature","geometry":{"type":"Point","coordinates":[24.010061836,49.829436475]},"properties":{"address":"Метрологічна 14","name_build":"вілла (вілла \"Юлієтка\")","date_build":"1891-1893 рр.","num_ohor_build":"646","moid":"9505408689188600","geom":{"type":"Point","coordinates":[24.01006183614833,49.82943647500114]},"note":null,"editor_id":null,"uid":null,"editor_date":null}},{"type":"Feature","geometry":null,"properties":{"address":"Мечнікова І. 14","name_build":"лікарня інфекційна (лікарня)","date_build":"поч. XX ст.","num_ohor_build":"2462","moid":"9505408689188601","geom":null,"note":null,"editor_id":null,"uid":null,"editor_date":null}},{"type":"Feature","geometry":null,"properties":{"address":"Михальчука 3,4","name_build":"торг.пасаж","date_build":"поч. XX ст.","num_ohor_build":"991","moid":"9505408689188602","geom":null,"note":null,"editor_id":null,"uid":null,"editor_date":null}},{"type":"Feature","geometry":null,"properties":{"address":"Михальчука 3-4","name_build":"житл. буд.","date_build":"поч. XX ст.","num_ohor_build":"1635","moid":"9505408689188603","geom":null,"note":null,"editor_id":null,"uid":null,"editor_date":null}},{"type":"Feature","geometry":{"type":"Point","coordinates":[24.013740165,49.850023816]},"properties":{"address":"Клепарівська 35","name_build":"навч. закл. (буд. інв.)","date_build":"1855-1863 рр.","num_ohor_build":"1280","moid":"9505408689188203","geom":{"type":"Point","coordinates":[24.0137401652777,49.85002381607302]},"note":null,"editor_id":null,"uid":null,"editor_date":null}},{"type":"Feature","geometry":null,"properties":{"address":"Михальчука 5,6,7","name_build":"житл. буд., торговий пасаж","date_build":"поч. XX ст.","num_ohor_build":"992","moid":"9505408689188604","geom":null,"note":null,"editor_id":null,"uid":null,"editor_date":null}},{"type":"Feature","geometry":{"type":"Point","coordinates":[24.03334842,49.817855644]},"properties":{"address":"Мишуги О. 11","name_build":"вілла","date_build":"30-ті XX ст.","num_ohor_build":"2710","moid":"9505408689188605","geom":{"type":"Point","coordinates":[24.0333484204753,49.817855644114466]},"note":null,"editor_id":null,"uid":null,"editor_date":null}},{"type":"Feature","geometry":{"type":"Point","coordinates":[24.033592439,49.817355641]},"properties":{"address":"Мишуги О. 16","name_build":"вілла","date_build":"30-ті XX ст.","num_ohor_build":"2711","moid":"9505408689188606","geom":{"type":"Point","coordinates":[24.033592439472198,49.817355640575]},"note":null,"editor_id":null,"uid":null,"editor_date":null}},{"type":"Feature","geometry":{"type":"Point","coordinates":[24.035524426,49.81820368]},"properties":{"address":"Мишуги О. 36","name_build":"вілла","date_build":"30-ті XX ст.","num_ohor_build":"2713","moid":"9505408689188608","geom":{"type":"Point","coordinates":[24.035524426446475,49.8182036799698]},"note":null,"editor_id":null,"uid":null,"editor_date":null}},{"type":"Feature","geometry":{"type":"Point","coordinates":[24.03581644,49.81788768]},"properties":{"address":"Мишуги О. 38","name_build":"вілла","date_build":"30-ті XX ст.","num_ohor_build":"2714","moid":"9505408689188609","geom":{"type":"Point","coordinates":[24.03581643958032,49.81788767969409]},"note":null,"editor_id":null,"uid":null,"editor_date":null}},{"type":"Feature","geometry":{"type":"Point","coordinates":[24.036018453,49.817543678]},"properties":{"address":"Мишуги О. 40","name_build":"вілла","date_build":"30-ті XX ст.","num_ohor_build":"2715","moid":"9505408689188610","geom":{"type":"Point","coordinates":[24.036018452929564,49.81754367774451]},"note":null,"editor_id":null,"uid":null,"editor_date":null}},{"type":"Feature","geometry":{"type":"Point","coordinates":[24.03791152,49.816031683]},"properties":{"address":"Мишуги О. 43","name_build":"вілла","date_build":"30-ті XX ст.","num_ohor_build":"2716","moid":"9505408689188611","geom":{"type":"Point","coordinates":[24.037911519826483,49.816031683482244]},"note":null,"editor_id":null,"uid":null,"editor_date":null}},{"type":"Feature","geometry":{"type":"Point","coordinates":[24.038137527,49.815883685]},"properties":{"address":"Мишуги О. 45","name_build":"вілла","date_build":"30-ті XX ст.","num_ohor_build":"2717","moid":"9505408689188612","geom":{"type":"Point","coordinates":[24.03813752670751,49.81588368462321]},"note":null,"editor_id":null,"uid":null,"editor_date":null}},{"type":"Feature","geometry":{"type":"Point","coordinates":[24.03778353,49.815695677]},"properties":{"address":"Мишуги О. 54","name_build":"вілла","date_build":"1934 р.","num_ohor_build":"2037","moid":"9505408689188613","geom":{"type":"Point","coordinates":[24.037783530202052,49.815695676947506]},"note":null,"editor_id":null,"uid":null,"editor_date":null}},{"type":"Feature","geometry":{"type":"Point","coordinates":[24.038031537,49.815563679]},"properties":{"address":"Мишуги О. 56","name_build":"вілла","date_build":"1910 р.","num_ohor_build":"2038","moid":"9505408689188614","geom":{"type":"Point","coordinates":[24.038031536719046,49.81556367862602]},"note":null,"editor_id":null,"uid":null,"editor_date":null}},{"type":"Feature","geometry":{"type":"Point","coordinates":[24.038259544,49.81540768]},"properties":{"address":"Мишуги О. 58","name_build":"вілла","date_build":"1933-1935 рр.","num_ohor_build":"1654","moid":"9505408689188615","geom":{"type":"Point","coordinates":[24.03825954388827,49.81540767968321]},"note":null,"editor_id":null,"uid":null,"editor_date":null}},{"type":"Feature","geometry":null,"properties":{"address":"братів Міхновських 2","name_build":"житл. буд.","date_build":"1910 р.","num_ohor_build":"2458","moid":"9505408689188616","geom":null,"note":null,"editor_id":null,"uid":null,"editor_date":null}},{"type":"Feature","geometry":null,"properties":{"address":"братів Міхновських 4","name_build":"синаґоґа (синаґоґа \"Цорі Ґілот\")","date_build":"1923-1925 рр.","num_ohor_build":"1638","moid":"9505408689188617","geom":null,"note":null,"editor_id":null,"uid":null,"editor_date":null}},{"type":"Feature","geometry":null,"properties":{"address":"братів Міхновських 33","name_build":"житл. буд.","date_build":"1912 р.","num_ohor_build":"2459","moid":"9505408689188618","geom":null,"note":null,"editor_id":null,"uid":null,"editor_date":null}},{"type":"Feature","geometry":null,"properties":{"address":"Міцкевича А. пл. 1","name_build":"готель (готель \"Жорж\")","date_build":"1900 р.","num_ohor_build":"185","moid":"9505408689188619","geom":null,"note":null,"editor_id":null,"uid":null,"editor_date":null}},{"type":"Feature","geometry":null,"properties":{"address":"Міцкевича А. пл. 4","name_build":"готель (готель \"Європейський\")","date_build":"1826 р.","num_ohor_build":"186","moid":"9505408689188620","geom":null,"note":null,"editor_id":null,"uid":null,"editor_date":null}},{"type":"Feature","geometry":null,"properties":{"address":"Міцкевича А. пл. 5","name_build":"адм.буд. \"Роксоляна\" (готель Французький)","date_build":"1804 р.","num_ohor_build":"187","moid":"9505408689188621","geom":null,"note":null,"editor_id":null,"uid":null,"editor_date":null}},{"type":"Feature","geometry":null,"properties":{"address":"Міцкевича А. пл. 6/7","name_build":"житл.-адм.буд. (житл. буд. \"Авеню\")","date_build":"1908-1910 рр.","num_ohor_build":"188","moid":"9505408689188622","geom":null,"note":null,"editor_id":null,"uid":null,"editor_date":null}},{"type":"Feature","geometry":null,"properties":{"address":"Міцкевича А. пл. 6/7","name_build":"житл. буд.","date_build":"1908-1910 рр.","num_ohor_build":"189","moid":"9505408689188623","geom":null,"note":null,"editor_id":null,"uid":null,"editor_date":null}},{"type":"Feature","geometry":null,"properties":{"address":"Міцкевича А. пл. 8","name_build":"адм.буд. (адм.буд. будинок Шпрехера, нафтовий концерн \"Малопольска\")","date_build":"1913-1922 рр.","num_ohor_build":"190","moid":"9505408689188624","geom":null,"note":null,"editor_id":null,"uid":null,"editor_date":null}},{"type":"Feature","geometry":{"type":"Point","coordinates":[24.008279862,49.828260433]},"properties":{"address":"Моршинська 9а","name_build":"вілла","date_build":"поч. XX ст.","num_ohor_build":"2165","moid":"9505408689188626","geom":{"type":"Point","coordinates":[24.00827986160377,49.828260433138745]},"note":null,"editor_id":null,"uid":null,"editor_date":null}},{"type":"Feature","geometry":null,"properties":{"address":"Мстислава Удатного 5","name_build":"житл. буд.","date_build":"сер. XIX ст.","num_ohor_build":"2461","moid":"9505408689188627","geom":null,"note":null,"editor_id":null,"uid":null,"editor_date":null}},{"type":"Feature","geometry":{"type":"Point","coordinates":[24.02822038,49.847199983]},"properties":{"address":"Мулярська 9","name_build":"житл. буд.","date_build":"сер. XIX ст.","num_ohor_build":"2460","moid":"9505408689188628","geom":{"type":"Point","coordinates":[24.02822037993102,49.84719998269281]},"note":null,"editor_id":null,"uid":null,"editor_date":null}},{"type":"Feature","geometry":{"type":"Point","coordinates":[24.020050526,49.840959779]},"properties":{"address":"Мурави М. 4","name_build":"житл. буд.","date_build":"кін. XIX ст.","num_ohor_build":"1628","moid":"9505408689188629","geom":{"type":"Point","coordinates":[24.020050525584438,49.84095977882626]},"note":null,"editor_id":null,"uid":null,"editor_date":null}},{"type":"Feature","geometry":{"type":"Point","coordinates":[24.058947861,49.840464326]},"properties":{"address":"Мучна 43","name_build":"вілла","date_build":"30-ті XX ст.","num_ohor_build":"2718","moid":"9505408689188630","geom":{"type":"Point","coordinates":[24.058947860989004,49.84046432572281]},"note":null,"editor_id":null,"uid":null,"editor_date":null}},{"type":"Feature","geometry":{"type":"Point","coordinates":[24.058711855,49.840576324]},"properties":{"address":"Мучна 47","name_build":"вілла","date_build":"30-ті XX ст.","num_ohor_build":"2719","moid":"9505408689188631","geom":{"type":"Point","coordinates":[24.0587118552416,49.84057632393441]},"note":null,"editor_id":null,"uid":null,"editor_date":null}},{"type":"Feature","geometry":{"type":"Point","coordinates":[24.059223851,49.840816335]},"properties":{"address":"Мучна 48","name_build":"вілла","date_build":"30-ті XX ст.","num_ohor_build":"2720","moid":"9505408689188632","geom":{"type":"Point","coordinates":[24.059223851269497,49.84081633459179]},"note":null,"editor_id":null,"uid":null,"editor_date":null}},{"type":"Feature","geometry":{"type":"Point","coordinates":[24.058563853,49.840620322]},"properties":{"address":"Мучна 49","name_build":"вілла","date_build":"30-ті XX ст.","num_ohor_build":"2721","moid":"9505408689188633","geom":{"type":"Point","coordinates":[24.058563852530433,49.8406203224447]},"note":null,"editor_id":null,"uid":null,"editor_date":null}},{"type":"Feature","geometry":{"type":"Point","coordinates":[24.058867845,49.840928331]},"properties":{"address":"Мучна 50","name_build":"вілла","date_build":"30-ті XX ст.","num_ohor_build":"2722","moid":"9505408689188634","geom":{"type":"Point","coordinates":[24.05886784453813,49.840928331094894]},"note":null,"editor_id":null,"uid":null,"editor_date":null}},{"type":"Feature","geometry":{"type":"Point","coordinates":[24.05841585,49.840660321]},"properties":{"address":"Мучна 51","name_build":"вілла","date_build":"30-ті XX ст.","num_ohor_build":"2723","moid":"9505408689188635","geom":{"type":"Point","coordinates":[24.058415849955427,49.840660320898834]},"note":null,"editor_id":null,"uid":null,"editor_date":null}},{"type":"Feature","geometry":{"type":"Point","coordinates":[24.058099847,49.840676317]},"properties":{"address":"Мучна 53","name_build":"вілла","date_build":"30-ті XX ст.","num_ohor_build":"2724","moid":"9505408689188636","geom":{"type":"Point","coordinates":[24.058099846820102,49.840676316624304]},"note":null,"editor_id":null,"uid":null,"editor_date":null}},{"type":"Feature","geometry":{"type":"Point","coordinates":[24.056363811,49.841312301]},"properties":{"address":"Мучна 65","name_build":"вілла","date_build":"30-ті XX ст.","num_ohor_build":"2725","moid":"9505408689188637","geom":{"type":"Point","coordinates":[24.056363810938073,49.84131230083218]},"note":null,"editor_id":null,"uid":null,"editor_date":null}},{"type":"Feature","geometry":null,"properties":{"address":"Мушака Ю. 38","name_build":"житл. буд.","date_build":"1911 р.","num_ohor_build":"1639","moid":"9505408689188638","geom":null,"note":null,"editor_id":null,"uid":null,"editor_date":null}},{"type":"Feature","geometry":{"type":"Point","coordinates":[24.036680258,49.82343577]},"properties":{"address":"Мушака Ю. 46","name_build":"житл. буд.","date_build":"1899 р.","num_ohor_build":"1359","moid":"9505408689188639","geom":{"type":"Point","coordinates":[24.03668025798189,49.82343576981053]},"note":null,"editor_id":null,"uid":null,"editor_date":null}},{"type":"Feature","geometry":{"type":"Point","coordinates":[24.036780266,49.823227768]},"properties":{"address":"Мушака Ю. 48","name_build":"житл. буд.","date_build":"1913 р.","num_ohor_build":"1360","moid":"9505408689188640","geom":{"type":"Point","coordinates":[24.036780265874725,49.82322776831656]},"note":null,"editor_id":null,"uid":null,"editor_date":null}},{"type":"Feature","geometry":{"type":"Point","coordinates":[24.037036279,49.822907767]},"properties":{"address":"Мушака Ю. 50","name_build":"житл. буд.","date_build":"1913-1914 рр.","num_ohor_build":"1361","moid":"9505408689188641","geom":{"type":"Point","coordinates":[24.037036278853428,49.822907767472344]},"note":null,"editor_id":null,"uid":null,"editor_date":null}},{"type":"Feature","geometry":{"type":"Point","coordinates":[24.037172284,49.822783768]},"properties":{"address":"Мушака Ю. 52","name_build":"житл. буд.","date_build":"1914 р.","num_ohor_build":"1362","moid":"9505408689188642","geom":{"type":"Point","coordinates":[24.037172284183793,49.82278376766905]},"note":null,"editor_id":null,"uid":null,"editor_date":null}},{"type":"Feature","geometry":{"type":"Point","coordinates":[24.024770516,49.842364866]},"properties":{"address":"Наливайка С. 6","name_build":"готель (житл.-адм.буд.)","date_build":"1912 р.","num_ohor_build":"1004","moid":"9505408689188643","geom":{"type":"Point","coordinates":[24.02477051635543,49.84236486574652]},"note":null,"editor_id":null,"uid":null,"editor_date":null}},{"type":"Feature","geometry":{"type":"Point","coordinates":[24.024224504,49.842591861]},"properties":{"address":"Наливайка С. 9","name_build":"житл. буд.","date_build":"1905-1906 рр.","num_ohor_build":"1353","moid":"9505408689188644","geom":{"type":"Point","coordinates":[24.02422450415881,49.84259186115492]},"note":null,"editor_id":null,"uid":null,"editor_date":null}},{"type":"Feature","geometry":{"type":"Point","coordinates":[24.0238515,49.842623856]},"properties":{"address":"Наливайка С. 11","name_build":"житл. буд.","date_build":"1905-1906 рр.","num_ohor_build":"1354","moid":"9505408689188645","geom":{"type":"Point","coordinates":[24.02385150001756,49.842623856291965]},"note":null,"editor_id":null,"uid":null,"editor_date":null}},{"type":"Feature","geometry":{"type":"Point","coordinates":[24.023896479,49.843247866]},"properties":{"address":"Наливайка С. 18","name_build":"житл. буд.","date_build":"1912-1913 рр.","num_ohor_build":"1355","moid":"9505408689188646","geom":{"type":"Point","coordinates":[24.023896479137367,49.843247865684525]},"note":null,"editor_id":null,"uid":null,"editor_date":null}},{"type":"Feature","geometry":null,"properties":{"address":"Невського О. 12","name_build":"житл. буд.","date_build":"1906 р.","num_ohor_build":"1640","moid":"9505408689188647","geom":null,"note":null,"editor_id":null,"uid":null,"editor_date":null}},{"type":"Feature","geometry":{"type":"Point","coordinates":[24.017199793,49.832407618]},"properties":{"address":"Нечуя-Левицького І. 3","name_build":"житл. буд.","date_build":"1899 р.","num_ohor_build":"1312","moid":"9505408689188648","geom":{"type":"Point","coordinates":[24.017199793387583,49.8324076182986]},"note":null,"editor_id":null,"uid":null,"editor_date":null}},{"type":"Feature","geometry":{"type":"Point","coordinates":[24.016765793,49.832319611]},"properties":{"address":"Нечуя-Левицького І. 5","name_build":"житл. буд.","date_build":"1911 р.","num_ohor_build":"1313","moid":"9505408689188649","geom":{"type":"Point","coordinates":[24.0167657928342,49.83231961088486]},"note":null,"editor_id":null,"uid":null,"editor_date":null}},{"type":"Feature","geometry":{"type":"Point","coordinates":[24.017111781,49.832763622]},"properties":{"address":"Нечуя-Левицького І. 8","name_build":"житл. буд.","date_build":"1910 р.","num_ohor_build":"160","moid":"9505408689319722","geom":{"type":"Point","coordinates":[24.01711178055229,49.83276362203776]},"note":null,"editor_id":null,"uid":null,"editor_date":null}},{"type":"Feature","geometry":{"type":"Point","coordinates":[24.016677784,49.832561613]},"properties":{"address":"Нечуя-Левицького І. 9","name_build":"житл. буд.","date_build":"1900 р.","num_ohor_build":"1314","moid":"9505408689319723","geom":{"type":"Point","coordinates":[24.01667778387876,49.832561613025355]},"note":null,"editor_id":null,"uid":null,"editor_date":null}},{"type":"Feature","geometry":{"type":"Point","coordinates":[24.016895777,49.83282362]},"properties":{"address":"Нечуя-Левицького І. 10","name_build":"житл. буд.","date_build":"1904 р.","num_ohor_build":"606","moid":"9505408689319724","geom":{"type":"Point","coordinates":[24.016895776744295,49.83282361980349]},"note":null,"editor_id":null,"uid":null,"editor_date":null}},{"type":"Feature","geometry":{"type":"Point","coordinates":[24.016471781,49.832605611]},"properties":{"address":"Нечуя-Левицького І. 11","name_build":"житл. буд.","date_build":"1908 р.","num_ohor_build":"607","moid":"9505408689319725","geom":{"type":"Point","coordinates":[24.016471780697135,49.83260561070911]},"note":null,"editor_id":null,"uid":null,"editor_date":null}},{"type":"Feature","geometry":{"type":"Point","coordinates":[24.016229776,49.832682608]},"properties":{"address":"Нечуя-Левицького І. 11а","name_build":"житл. буд.","date_build":"1908 р.","num_ohor_build":"608","moid":"9505408689319726","geom":{"type":"Point","coordinates":[24.01622977609809,49.83268260834302]},"note":null,"editor_id":null,"uid":null,"editor_date":null}},{"type":"Feature","geometry":{"type":"Point","coordinates":[24.016701773,49.832883618]},"properties":{"address":"Нечуя-Левицького І. 12","name_build":"житл. буд.","date_build":"1898 р.","num_ohor_build":"609","moid":"9505408689319727","geom":{"type":"Point","coordinates":[24.016701773116182,49.83288361788247]},"note":null,"editor_id":null,"uid":null,"editor_date":null}},{"type":"Feature","geometry":{"type":"Point","coordinates":[24.016017774,49.832687605]},"properties":{"address":"Нечуя-Левицького І. 13","name_build":"житл. буд.","date_build":"1909 р.","num_ohor_build":"1315","moid":"9505408689319728","geom":{"type":"Point","coordinates":[24.01601777419475,49.83268760539442]},"note":null,"editor_id":null,"uid":null,"editor_date":null}},{"type":"Feature","geometry":{"type":"Point","coordinates":[24.016495772,49.832880615]},"properties":{"address":"Нечуя-Левицького І. 14","name_build":"житл. буд.","date_build":"1899 р.","num_ohor_build":"610","moid":"9505408689319729","geom":{"type":"Point","coordinates":[24.0164957715341,49.832880614907154]},"note":null,"editor_id":null,"uid":null,"editor_date":null}},{"type":"Feature","geometry":{"type":"Point","coordinates":[24.052735789,49.841079246]},"properties":{"address":"Острозького К. 3","name_build":"вілла","date_build":"поч. XX ст.","num_ohor_build":"2469","moid":"9505408689319792","geom":{"type":"Point","coordinates":[24.052735789133056,49.84107924590764]},"note":null,"editor_id":null,"uid":null,"editor_date":null}},{"type":"Feature","geometry":{"type":"Point","coordinates":[24.015471761,49.832935601]},"properties":{"address":"Нечуя-Левицького І. 15","name_build":"житл. буд.","date_build":"1906 р.","num_ohor_build":"1316","moid":"9505408689319730","geom":{"type":"Point","coordinates":[24.015471761290694,49.83293560109746]},"note":null,"editor_id":null,"uid":null,"editor_date":null}},{"type":"Feature","geometry":{"type":"Point","coordinates":[24.016223767,49.832959612]},"properties":{"address":"Нечуя-Левицького І. 16","name_build":"житл. буд.","date_build":"1896 р.","num_ohor_build":"1317","moid":"9505408689319731","geom":{"type":"Point","coordinates":[24.016223766621675,49.83295961214189]},"note":null,"editor_id":null,"uid":null,"editor_date":null}},{"type":"Feature","geometry":{"type":"Point","coordinates":[24.015255754,49.8330876]},"properties":{"address":"Нечуя-Левицького І. 17","name_build":"житл. буд.","date_build":"поч. XX ст.","num_ohor_build":"1641","moid":"9505408689319732","geom":{"type":"Point","coordinates":[24.015255754351667,49.83308760015323]},"note":null,"editor_id":null,"uid":null,"editor_date":null}},{"type":"Feature","geometry":{"type":"Point","coordinates":[24.01515975,49.8331796]},"properties":{"address":"Нечуя-Левицького І. 19","name_build":"житл. буд.","date_build":"1907 р.","num_ohor_build":"1318","moid":"9505408689319733","geom":{"type":"Point","coordinates":[24.01515975043569,49.833179600076335]},"note":null,"editor_id":null,"uid":null,"editor_date":null}},{"type":"Feature","geometry":{"type":"Point","coordinates":[24.015515745,49.833415608]},"properties":{"address":"Нечуя-Левицького І. 20","name_build":"житл. буд. (вілла \"Марія\")","date_build":"1890-1891 рр.","num_ohor_build":"611","moid":"9505408689319734","geom":{"type":"Point","coordinates":[24.01551574531378,49.833415608454885]},"note":null,"editor_id":null,"uid":null,"editor_date":null}},{"type":"Feature","geometry":{"type":"Point","coordinates":[24.015007744,49.8333196]},"properties":{"address":"Нечуя-Левицького І. 21","name_build":"житл. буд.","date_build":"1899 р.","num_ohor_build":"1642","moid":"9505408689319735","geom":{"type":"Point","coordinates":[24.015007744428214,49.83331959987512]},"note":null,"editor_id":null,"uid":null,"editor_date":null}},{"type":"Feature","geometry":{"type":"Point","coordinates":[24.014843738,49.8334596]},"properties":{"address":"Нечуя-Левицького І. 23","name_build":"житл. буд.","date_build":"1899 р.","num_ohor_build":"612","moid":"9505408689319736","geom":{"type":"Point","coordinates":[24.014843738322607,49.833459599503016]},"note":null,"editor_id":null,"uid":null,"editor_date":null}},{"type":"Feature","geometry":{"type":"Point","coordinates":[24.032592764,49.836976902]},"properties":{"address":"Нижанківського О. 5","name_build":"навч. закл. (адм.буд. Технологічний інститут)","date_build":"1907-1912 рр.","num_ohor_build":"729","moid":"9505408689319737","geom":{"type":"Point","coordinates":[24.03259276379595,49.83697690155697]},"note":null,"editor_id":null,"uid":null,"editor_date":null}},{"type":"Feature","geometry":{"type":"Point","coordinates":[24.0554248,49.841419289]},"properties":{"address":"Ніжинська 27","name_build":"вілла","date_build":"30-ті XX ст.","num_ohor_build":"2726","moid":"9505408689319738","geom":{"type":"Point","coordinates":[24.055424799598285,49.84141928896426]},"note":null,"editor_id":null,"uid":null,"editor_date":null}},{"type":"Feature","geometry":{"type":"Point","coordinates":[24.055267813,49.840984281]},"properties":{"address":"Ніжинська 28","name_build":"вілла","date_build":"30-ті XX ст.","num_ohor_build":"2727","moid":"9505408689319739","geom":{"type":"Point","coordinates":[24.05526781311989,49.84098428062508]},"note":null,"editor_id":null,"uid":null,"editor_date":null}},{"type":"Feature","geometry":{"type":"Point","coordinates":[24.05596381,49.841256294]},"properties":{"address":"Ніжинська 32","name_build":"вілла","date_build":"30-ті XX ст.","num_ohor_build":"2728","moid":"9505408689319740","geom":{"type":"Point","coordinates":[24.055963809565508,49.84125629435126]},"note":null,"editor_id":null,"uid":null,"editor_date":null}},{"type":"Feature","geometry":{"type":"Point","coordinates":[24.063831881,49.841064404]},"properties":{"address":"Ніщинського П. 4","name_build":"вілла","date_build":"30-ті XX ст.","num_ohor_build":"2729","moid":"9505408689319741","geom":{"type":"Point","coordinates":[24.06383188061303,49.84106440367755]},"note":null,"editor_id":null,"uid":null,"editor_date":null}},{"type":"Feature","geometry":{"type":"Point","coordinates":[24.063719879,49.841076402]},"properties":{"address":"Ніщинського П. 4а","name_build":"вілла","date_build":"30-ті XX ст.","num_ohor_build":"2730","moid":"9505408689319742","geom":{"type":"Point","coordinates":[24.06371987928601,49.841076402251375]},"note":null,"editor_id":null,"uid":null,"editor_date":null}},{"type":"Feature","geometry":{"type":"Point","coordinates":[24.064197872,49.841412414]},"properties":{"address":"Ніщинського П. 5","name_build":"вілла","date_build":"1934 р.","num_ohor_build":"2168","moid":"9505408689319743","geom":{"type":"Point","coordinates":[24.06419787176846,49.84141241377206]},"note":null,"editor_id":null,"uid":null,"editor_date":null}},{"type":"Feature","geometry":{"type":"Point","coordinates":[24.064087885,49.840992406]},"properties":{"address":"Ніщинського П. 6","name_build":"вілла","date_build":"30-ті XX ст.","num_ohor_build":"2731","moid":"9505408689319744","geom":{"type":"Point","coordinates":[24.064087885163485,49.84099240631183]},"note":null,"editor_id":null,"uid":null,"editor_date":null}},{"type":"Feature","geometry":{"type":"Point","coordinates":[24.06470888,49.841289419]},"properties":{"address":"Ніщинського П. 7","name_build":"вілла","date_build":"30-ті XX ст.","num_ohor_build":"2732","moid":"9505408689319745","geom":{"type":"Point","coordinates":[24.064708880146526,49.84128941932111]},"note":null,"editor_id":null,"uid":null,"editor_date":null}},{"type":"Feature","geometry":{"type":"Point","coordinates":[24.064243887,49.840968408]},"properties":{"address":"Ніщинського П. 8","name_build":"вілла","date_build":"30-ті XX ст.","num_ohor_build":"2733","moid":"9505408689319746","geom":{"type":"Point","coordinates":[24.06424388725987,49.84096840819601]},"note":null,"editor_id":null,"uid":null,"editor_date":null}},{"type":"Feature","geometry":{"type":"Point","coordinates":[24.064543892,49.840900412]},"properties":{"address":"Ніщинського П. 10","name_build":"вілла","date_build":"30-ті XX ст.","num_ohor_build":"2734","moid":"9505408689319747","geom":{"type":"Point","coordinates":[24.06454389203505,49.84090041151285]},"note":null,"editor_id":null,"uid":null,"editor_date":null}},{"type":"Feature","geometry":{"type":"Point","coordinates":[24.064859883,49.841241421]},"properties":{"address":"Ніщинського П. 11","name_build":"вілла","date_build":"30-ті XX ст.","num_ohor_build":"2735","moid":"9505408689319748","geom":{"type":"Point","coordinates":[24.06485988301895,49.84124142079728]},"note":null,"editor_id":null,"uid":null,"editor_date":null}},{"type":"Feature","geometry":{"type":"Point","coordinates":[24.064715894,49.840872414]},"properties":{"address":"Ніщинського П. 12","name_build":"вілла","date_build":"30-ті XX ст.","num_ohor_build":"2736","moid":"9505408689319749","geom":{"type":"Point","coordinates":[24.064715894398848,49.840872413568675]},"note":null,"editor_id":null,"uid":null,"editor_date":null}},{"type":"Feature","geometry":{"type":"Point","coordinates":[24.066025905,49.840884432]},"properties":{"address":"Ніщинського П. 15","name_build":"вілла","date_build":"30-ті XX ст.","num_ohor_build":"2737","moid":"9505408689319750","geom":{"type":"Point","coordinates":[24.066025904734936,49.84088443238755]},"note":null,"editor_id":null,"uid":null,"editor_date":null}},{"type":"Feature","geometry":{"type":"Point","coordinates":[24.065911929,49.84014442]},"properties":{"address":"Ніщинського П. 24","name_build":"вілла","date_build":"30-ті XX ст.","num_ohor_build":"2738","moid":"9505408689319751","geom":{"type":"Point","coordinates":[24.065911928988918,49.84014442037939]},"note":null,"editor_id":null,"uid":null,"editor_date":null}},{"type":"Feature","geometry":{"type":"Point","coordinates":[24.06726398,49.838968423]},"properties":{"address":"Ніщинського П. 31","name_build":"вілла","date_build":"30-ті XX ст.","num_ohor_build":"2739","moid":"9505408689319752","geom":{"type":"Point","coordinates":[24.06726398010629,49.83896842312325]},"note":null,"editor_id":null,"uid":null,"editor_date":null}},{"type":"Feature","geometry":{"type":"Point","coordinates":[24.066713979,49.838880414]},"properties":{"address":"Ніщинського П. 32","name_build":"вілла","date_build":"30-ті XX ст.","num_ohor_build":"2740","moid":"9505408689319753","geom":{"type":"Point","coordinates":[24.066713978590133,49.838880414058195]},"note":null,"editor_id":null,"uid":null,"editor_date":null}},{"type":"Feature","geometry":{"type":"Point","coordinates":[24.067391989,49.838748422]},"properties":{"address":"Ніщинського П. 33","name_build":"вілла","date_build":"30-ті XX ст.","num_ohor_build":"2741","moid":"9505408689319754","geom":{"type":"Point","coordinates":[24.067391988644093,49.838748421857986]},"note":null,"editor_id":null,"uid":null,"editor_date":null}},{"type":"Feature","geometry":null,"properties":{"address":"Новаківського О. 8/10","name_build":"житл. буд.","date_build":"поч. XX ст.","num_ohor_build":"204","moid":"9505408689319755","geom":null,"note":null,"editor_id":null,"uid":null,"editor_date":null}},{"type":"Feature","geometry":null,"properties":{"address":"Новаківського О. 12/14","name_build":"житл. буд.","date_build":"поч. XX ст.","num_ohor_build":"205","moid":"9505408689319756","geom":null,"note":null,"editor_id":null,"uid":null,"editor_date":null}},{"type":"Feature","geometry":{"type":"Point","coordinates":[24.011659699,49.833839559]},"properties":{"address":"Новий Світ 11","name_build":"житл. буд.","date_build":"поч. XX ст.","num_ohor_build":"897","moid":"9505408689319757","geom":{"type":"Point","coordinates":[24.011659699362678,49.83383955949268]},"note":null,"editor_id":null,"uid":null,"editor_date":null}},{"type":"Feature","geometry":{"type":"Point","coordinates":[24.012417706,49.83383157]},"properties":{"address":"Новий Світ 12","name_build":"житл. буд.","date_build":"поч. XX ст.","num_ohor_build":"898","moid":"9505408689319758","geom":{"type":"Point","coordinates":[24.012417705830476,49.83383157017421]},"note":null,"editor_id":null,"uid":null,"editor_date":null}},{"type":"Feature","geometry":{"type":"Point","coordinates":[24.011451695,49.833923558]},"properties":{"address":"Новий Світ 13","name_build":"житл. буд.","date_build":"поч. XX ст.","num_ohor_build":"899","moid":"9505408689319759","geom":{"type":"Point","coordinates":[24.011451694803554,49.83392355770866]},"note":null,"editor_id":null,"uid":null,"editor_date":null}},{"type":"Feature","geometry":{"type":"Point","coordinates":[24.011261689,49.834059557]},"properties":{"address":"Новий Світ 15","name_build":"житл. буд.","date_build":"поч. XX ст.","num_ohor_build":"900","moid":"9505408689319760","geom":{"type":"Point","coordinates":[24.011261688621616,49.83405955691006]},"note":null,"editor_id":null,"uid":null,"editor_date":null}},{"type":"Feature","geometry":{"type":"Point","coordinates":[24.011903691,49.834135567]},"properties":{"address":"Новий Світ 18","name_build":"житл. буд.","date_build":"поч. XX ст.","num_ohor_build":"901","moid":"9505408689319761","geom":{"type":"Point","coordinates":[24.011903691282065,49.83413556711769]},"note":null,"editor_id":null,"uid":null,"editor_date":null}},{"type":"Feature","geometry":{"type":"Point","coordinates":[24.011783688,49.834191566]},"properties":{"address":"Новий Світ 20","name_build":"житл. буд.","date_build":"поч. XX ст.","num_ohor_build":"902","moid":"9505408689319762","geom":{"type":"Point","coordinates":[24.011783688395163,49.83419156619414]},"note":null,"editor_id":null,"uid":null,"editor_date":null}},{"type":"Feature","geometry":{"type":"Point","coordinates":[24.032228105,49.826847754]},"properties":{"address":"Паркова 3","name_build":"вілла","date_build":"кін. XIX ст.","num_ohor_build":"593","moid":"9505408689319763","geom":{"type":"Point","coordinates":[24.0322281054888,49.826847754288714]},"note":null,"editor_id":null,"uid":null,"editor_date":null}},{"type":"Feature","geometry":{"type":"Point","coordinates":[24.019137529,49.840631761]},"properties":{"address":"Огієнка І. 1","name_build":"лікарня, діагностичний центр лікарні залізниці (палац Голухівського)","date_build":"1865 р.","num_ohor_build":"605","moid":"9505408689319764","geom":{"type":"Point","coordinates":[24.019137529285242,49.840631761224685]},"note":null,"editor_id":null,"uid":null,"editor_date":null}},{"type":"Feature","geometry":{"type":"Point","coordinates":[24.019412525,49.840822768]},"properties":{"address":"Огієнка І. 6","name_build":"житл. буд.","date_build":"1908-1909 рр.","num_ohor_build":"1310","moid":"9505408689319765","geom":{"type":"Point","coordinates":[24.01941252503106,49.840822767819446]},"note":null,"editor_id":null,"uid":null,"editor_date":null}},{"type":"Feature","geometry":null,"properties":{"address":"Огієнка І. 18/18а","name_build":"адм.буд. обласний науково-методичний інститут освіти (готель)","date_build":"1910-1911 рр.","num_ohor_build":"1311","moid":"9505408689319766","geom":null,"note":null,"editor_id":null,"uid":null,"editor_date":null}},{"type":"Feature","geometry":null,"properties":{"address":"Ожешко 4","name_build":"вілла","date_build":"кін. XIX ст.","num_ohor_build":"2742","moid":"9505408689319767","geom":null,"note":null,"editor_id":null,"uid":null,"editor_date":null}},{"type":"Feature","geometry":null,"properties":{"address":"Ожешко 9","name_build":"вілла","date_build":"1905 р.","num_ohor_build":"2170","moid":"9505408689319769","geom":null,"note":null,"editor_id":null,"uid":null,"editor_date":null}},{"type":"Feature","geometry":null,"properties":{"address":"Ожешко 11","name_build":"житл. буд. (вілла Венца)","date_build":"1906-1907 рр.","num_ohor_build":"1645","moid":"9505408689319770","geom":null,"note":null,"editor_id":null,"uid":null,"editor_date":null}},{"type":"Feature","geometry":{"type":"Point","coordinates":[24.011069514,49.839147626]},"properties":{"address":"Озаркевича Є. 2","name_build":"поліклініка 3-ої міської лікарні. (адм.буд.","date_build":"1903-1904 рр.","num_ohor_build":"232","moid":"9505408689319771","geom":{"type":"Point","coordinates":[24.011069513846355,49.83914762551998]},"note":null,"editor_id":null,"uid":null,"editor_date":null}},{"type":"Feature","geometry":null,"properties":{"address":null,"name_build":"Дяківська бурса)","date_build":null,"num_ohor_build":null,"moid":"9505408689319772","geom":null,"note":null,"editor_id":null,"uid":null,"editor_date":null}},{"type":"Feature","geometry":{"type":"Point","coordinates":[24.011137523,49.838907623]},"properties":{"address":"Озаркевича Є. 4","name_build":"адм.буд. (шпит. Народна лічниця ім.Шептицького)","date_build":"1931-1937 рр.","num_ohor_build":"233","moid":"9505408689319773","geom":{"type":"Point","coordinates":[24.0111375225734,49.838907623123035]},"note":null,"editor_id":null,"uid":null,"editor_date":null}},{"type":"Feature","geometry":{"type":"Point","coordinates":[24.052379217,49.828430063]},"properties":{"address":"Олеся О. 7","name_build":"вілла","date_build":"кін. XIX ст.","num_ohor_build":"2743","moid":"9505408689319774","geom":{"type":"Point","coordinates":[24.052379216661723,49.8284300633506]},"note":null,"editor_id":null,"uid":null,"editor_date":null}},{"type":"Feature","geometry":{"type":"Point","coordinates":[24.052476229,49.82810006]},"properties":{"address":"Олеся О. 8","name_build":"вілла","date_build":"кін. XIX ст.","num_ohor_build":"2744","moid":"9505408689319775","geom":{"type":"Point","coordinates":[24.05247622868245,49.82810006010145]},"note":null,"editor_id":null,"uid":null,"editor_date":null}},{"type":"Feature","geometry":{"type":"Point","coordinates":[24.052752234,49.828012063]},"properties":{"address":"Олеся О. 10","name_build":"вілла","date_build":"кін. XIX ст.","num_ohor_build":"2745","moid":"9505408689319776","geom":{"type":"Point","coordinates":[24.052752233937298,49.828012062795736]},"note":null,"editor_id":null,"uid":null,"editor_date":null}},{"type":"Feature","geometry":{"type":"Point","coordinates":[24.053083228,49.828262071]},"properties":{"address":"Олеся О. 13","name_build":"вілла","date_build":"кін. XIX ст.","num_ohor_build":"2746","moid":"9505408689319777","geom":{"type":"Point","coordinates":[24.053083228144782,49.82826207101518]},"note":null,"editor_id":null,"uid":null,"editor_date":null}},{"type":"Feature","geometry":{"type":"Point","coordinates":[24.053460234,49.828176075]},"properties":{"address":"Олеся О. 15","name_build":"вілла","date_build":"кін. XIX ст.","num_ohor_build":"2747","moid":"9505408689319778","geom":{"type":"Point","coordinates":[24.053460234159243,49.82817607517525]},"note":null,"editor_id":null,"uid":null,"editor_date":null}},{"type":"Feature","geometry":{"type":"Point","coordinates":[24.054632265,49.827560083]},"properties":{"address":"Олеся О. 20","name_build":"вілла","date_build":"кін. XIX ст.","num_ohor_build":"2748","moid":"9505408689319779","geom":{"type":"Point","coordinates":[24.05463226471687,49.82756008321601]},"note":null,"editor_id":null,"uid":null,"editor_date":null}},{"type":"Feature","geometry":{"type":"Point","coordinates":[24.053332293,49.826412049]},"properties":{"address":"Ольжича О. 5","name_build":"вілла","date_build":"кін. XIX ст.","num_ohor_build":"2749","moid":"9505408689319780","geom":{"type":"Point","coordinates":[24.053332293115005,49.82641204860362]},"note":null,"editor_id":null,"uid":null,"editor_date":null}},{"type":"Feature","geometry":{"type":"Point","coordinates":[24.0529563,49.826116039]},"properties":{"address":"Ольжича О. 6","name_build":"вілла","date_build":"кін. XIX ст.","num_ohor_build":"2750","moid":"9505408689319781","geom":{"type":"Point","coordinates":[24.052956300102657,49.826116039098395]},"note":null,"editor_id":null,"uid":null,"editor_date":null}},{"type":"Feature","geometry":{"type":"Point","coordinates":[24.053860307,49.826128052]},"properties":{"address":"Ольжича О. 11","name_build":"вілла","date_build":"кін. XIX ст.","num_ohor_build":"2751","moid":"9505408689319782","geom":{"type":"Point","coordinates":[24.05386030710104,49.82612805213502]},"note":null,"editor_id":null,"uid":null,"editor_date":null}},{"type":"Feature","geometry":{"type":"Point","coordinates":[24.053820318,49.825792047]},"properties":{"address":"Ольжича О. 14","name_build":"вілла","date_build":"кін. XIX ст.","num_ohor_build":"2752","moid":"9505408689319783","geom":{"type":"Point","coordinates":[24.053820318201847,49.82579204685143]},"note":null,"editor_id":null,"uid":null,"editor_date":null}},{"type":"Feature","geometry":{"type":"Point","coordinates":[24.004655635,49.834059463]},"properties":{"address":"Опільського Ю. 2","name_build":"житл. буд.","date_build":"1909 р.","num_ohor_build":"2203","moid":"9505408689319784","geom":{"type":"Point","coordinates":[24.004655634640923,49.83405946284011]},"note":null,"editor_id":null,"uid":null,"editor_date":null}},{"type":"Feature","geometry":{"type":"Point","coordinates":[24.004183633,49.834008455]},"properties":{"address":"Опільського Ю. 5","name_build":"житл. буд.","date_build":"1910 р.","num_ohor_build":"2204","moid":"9505408689319785","geom":{"type":"Point","coordinates":[24.004183632520803,49.83400845540363]},"note":null,"editor_id":null,"uid":null,"editor_date":null}},{"type":"Feature","geometry":{"type":"Point","coordinates":[24.003985628,49.834104454]},"properties":{"address":"Опільського Ю. 7","name_build":"житл. буд.","date_build":"1910 р.","num_ohor_build":"2205","moid":"9505408689319786","geom":{"type":"Point","coordinates":[24.00398562763555,49.83410445393]},"note":null,"editor_id":null,"uid":null,"editor_date":null}},{"type":"Feature","geometry":null,"properties":{"address":"пл. кн. Яр.Осмомисла 7","name_build":"житл. буд.","date_build":"XVIII ст.","num_ohor_build":"864","moid":"9505408689319787","geom":null,"note":null,"editor_id":null,"uid":null,"editor_date":null}},{"type":"Feature","geometry":null,"properties":{"address":"пл. кн. Яр.Осмомисла 8","name_build":"житл. буд.","date_build":"XVIII ст.","num_ohor_build":"865","moid":"9505408689319788","geom":null,"note":null,"editor_id":null,"uid":null,"editor_date":null}},{"type":"Feature","geometry":null,"properties":{"address":"пл. кн. Яр.Осмомисла 9","name_build":"житл. буд.","date_build":"XVIII ст.","num_ohor_build":"866","moid":"9505408689319789","geom":null,"note":null,"editor_id":null,"uid":null,"editor_date":null}},{"type":"Feature","geometry":null,"properties":{"address":"пл. кн. Яр.Осмомисла 10","name_build":"житл. буд.","date_build":"XVIII ст.","num_ohor_build":"867","moid":"9505408689319790","geom":null,"note":null,"editor_id":null,"uid":null,"editor_date":null}},{"type":"Feature","geometry":null,"properties":{"address":"пл. кн. Яр.Осмомисла 11","name_build":"житл. буд.","date_build":"XVIII ст.","num_ohor_build":"868","moid":"9505408689319791","geom":null,"note":null,"editor_id":null,"uid":null,"editor_date":null}},{"type":"Feature","geometry":{"type":"Point","coordinates":[24.040279872,49.835647992]},"properties":{"address":"Павлика М. 5","name_build":"житл. буд.","date_build":"поч. XX ст.","num_ohor_build":"2187","moid":"9505408689319794","geom":{"type":"Point","coordinates":[24.040279871959438,49.83564799236446]},"note":null,"editor_id":null,"uid":null,"editor_date":null}},{"type":"Feature","geometry":null,"properties":{"address":"акад. Павлова 1","name_build":"житл. буд.","date_build":"1905-1907 рр.","num_ohor_build":"220","moid":"9505408689319795","geom":null,"note":null,"editor_id":null,"uid":null,"editor_date":null}},{"type":"Feature","geometry":null,"properties":{"address":"акад. Павлова 2","name_build":"житл. буд.","date_build":"1905-1907 рр.","num_ohor_build":"653","moid":"9505408689319796","geom":null,"note":null,"editor_id":null,"uid":null,"editor_date":null}},{"type":"Feature","geometry":null,"properties":{"address":"акад. Павлова 3","name_build":"житл. буд.","date_build":"1910 р.","num_ohor_build":"221","moid":"9505408689319797","geom":null,"note":null,"editor_id":null,"uid":null,"editor_date":null}},{"type":"Feature","geometry":null,"properties":{"address":"акад. Павлова 4","name_build":"житл. буд.","date_build":"1905-1907 рр.","num_ohor_build":"222","moid":"9505408689319798","geom":null,"note":null,"editor_id":null,"uid":null,"editor_date":null}},{"type":"Feature","geometry":null,"properties":{"address":"акад. Павлова 5","name_build":"житл. буд.","date_build":"1912 р.","num_ohor_build":"223","moid":"9505408689319799","geom":null,"note":null,"editor_id":null,"uid":null,"editor_date":null}},{"type":"Feature","geometry":null,"properties":{"address":"акад. Павлова 6","name_build":"житл. буд.","date_build":"1939 р.","num_ohor_build":"224","moid":"9505408689319800","geom":null,"note":null,"editor_id":null,"uid":null,"editor_date":null}},{"type":"Feature","geometry":null,"properties":{"address":"акад. Павлова 6а","name_build":"житл. буд.","date_build":"1939 р.","num_ohor_build":"225","moid":"9505408689319801","geom":null,"note":null,"editor_id":null,"uid":null,"editor_date":null}},{"type":"Feature","geometry":null,"properties":{"address":"акад. Павлова 6б","name_build":"житл. буд.","date_build":"1939 р.","num_ohor_build":"226","moid":"9505408689319802","geom":null,"note":null,"editor_id":null,"uid":null,"editor_date":null}},{"type":"Feature","geometry":null,"properties":{"address":"акад. Павлова 6ц","name_build":"житл. буд.","date_build":"1939 р.","num_ohor_build":"227","moid":"9505408689319803","geom":null,"note":null,"editor_id":null,"uid":null,"editor_date":null}},{"type":"Feature","geometry":null,"properties":{"address":"акад. Павлова 7","name_build":"житл. буд.","date_build":"1912 р.","num_ohor_build":"228","moid":"9505408689319804","geom":null,"note":null,"editor_id":null,"uid":null,"editor_date":null}},{"type":"Feature","geometry":null,"properties":{"address":"акад. Павлова 8","name_build":"житл. буд.","date_build":"1926 р.","num_ohor_build":"229","moid":"9505408689319805","geom":null,"note":null,"editor_id":null,"uid":null,"editor_date":null}},{"type":"Feature","geometry":null,"properties":{"address":"акад. Павлова 9","name_build":"житл. буд.","date_build":"1915 р.","num_ohor_build":"230","moid":"9505408689319806","geom":null,"note":null,"editor_id":null,"uid":null,"editor_date":null}},{"type":"Feature","geometry":null,"properties":{"address":"акад. Павлова 10","name_build":"житл. буд.","date_build":"1923 р.","num_ohor_build":"231","moid":"9505408689319807","geom":null,"note":null,"editor_id":null,"uid":null,"editor_date":null}},{"type":"Feature","geometry":null,"properties":{"address":"акад. Павлова 12","name_build":"житл. буд.","date_build":"поч. XX ст.","num_ohor_build":"2190","moid":"9505408689319808","geom":null,"note":null,"editor_id":null,"uid":null,"editor_date":null}},{"type":"Feature","geometry":{"type":"Point","coordinates":[24.025952378,49.817311531]},"properties":{"address":"Панаса Мирного 1","name_build":"житл.-адм.буд. (вілла)","date_build":"20-ті XX ст.","num_ohor_build":"2683","moid":"9505408689319809","geom":{"type":"Point","coordinates":[24.025952378477584,49.81731153120415]},"note":null,"editor_id":null,"uid":null,"editor_date":null}},{"type":"Feature","geometry":{"type":"Point","coordinates":[24.026242403,49.816659526]},"properties":{"address":"Панаса Мирного 2","name_build":"вілла","date_build":"20-ті XX ст.","num_ohor_build":"2684","moid":"9505408689319810","geom":{"type":"Point","coordinates":[24.026242403018017,49.81665952618879]},"note":null,"editor_id":null,"uid":null,"editor_date":null}},{"type":"Feature","geometry":{"type":"Point","coordinates":[24.026110386,49.817135531]},"properties":{"address":"Панаса Мирного 3","name_build":"вілла","date_build":"20-ті XX ст.","num_ohor_build":"2685","moid":"9505408689319811","geom":{"type":"Point","coordinates":[24.026110385753974,49.817135530985084]},"note":null,"editor_id":null,"uid":null,"editor_date":null}},{"type":"Feature","geometry":{"type":"Point","coordinates":[24.02652441,49.816535528]},"properties":{"address":"Панаса Мирного 4","name_build":"вілла","date_build":"20-ті XX ст.","num_ohor_build":"2686","moid":"9505408689319812","geom":{"type":"Point","coordinates":[24.02652440954017,49.81653552846408]},"note":null,"editor_id":null,"uid":null,"editor_date":null}},{"type":"Feature","geometry":{"type":"Point","coordinates":[24.026328391,49.817027533]},"properties":{"address":"Панаса Мирного 5","name_build":"вілла","date_build":"20-ті XX ст.","num_ohor_build":"2687","moid":"9505408689319813","geom":{"type":"Point","coordinates":[24.02632839120886,49.81702753257376]},"note":null,"editor_id":null,"uid":null,"editor_date":null}},{"type":"Feature","geometry":{"type":"Point","coordinates":[24.026888415,49.816455533]},"properties":{"address":"Панаса Мирного 6","name_build":"вілла","date_build":"20-ті XX ст.","num_ohor_build":"2688","moid":"9505408689319814","geom":{"type":"Point","coordinates":[24.02688841523688,49.81645553252365]},"note":null,"editor_id":null,"uid":null,"editor_date":null}},{"type":"Feature","geometry":{"type":"Point","coordinates":[24.026656396,49.816967536]},"properties":{"address":"Панаса Мирного 7","name_build":"вілла","date_build":"20-ті XX ст.","num_ohor_build":"2689","moid":"9505408689319815","geom":{"type":"Point","coordinates":[24.026656395931223,49.816967536401386]},"note":null,"editor_id":null,"uid":null,"editor_date":null}},{"type":"Feature","geometry":{"type":"Point","coordinates":[24.027168422,49.816327535]},"properties":{"address":"Панаса Мирного 8","name_build":"вілла","date_build":"20-ті XX ст.","num_ohor_build":"2690","moid":"9505408689319816","geom":{"type":"Point","coordinates":[24.027168421878695,49.81632753471432]},"note":null,"editor_id":null,"uid":null,"editor_date":null}},{"type":"Feature","geometry":{"type":"Point","coordinates":[24.027038404,49.81680754]},"properties":{"address":"Панаса Мирного 9","name_build":"вілла","date_build":"20-ті XX ст.","num_ohor_build":"2691","moid":"9505408689319817","geom":{"type":"Point","coordinates":[24.027038404495336,49.8168075395953]},"note":null,"editor_id":null,"uid":null,"editor_date":null}},{"type":"Feature","geometry":{"type":"Point","coordinates":[24.027494427,49.816263538]},"properties":{"address":"Панаса Мирного 10","name_build":"вілла","date_build":"20-ті XX ст.","num_ohor_build":"2692","moid":"9505408689319818","geom":{"type":"Point","coordinates":[24.02749442672071,49.816263538457335]},"note":null,"editor_id":null,"uid":null,"editor_date":null}},{"type":"Feature","geometry":{"type":"Point","coordinates":[24.027328408,49.816763543]},"properties":{"address":"Панаса Мирного 11","name_build":"вілла","date_build":"20-ті XX ст.","num_ohor_build":"2693","moid":"9505408689319819","geom":{"type":"Point","coordinates":[24.027328408362997,49.816763543106354]},"note":null,"editor_id":null,"uid":null,"editor_date":null}},{"type":"Feature","geometry":{"type":"Point","coordinates":[24.027604415,49.816639545]},"properties":{"address":"Панаса Мирного 11а","name_build":"вілла","date_build":"20-ті XX ст.","num_ohor_build":"2694","moid":"9505408689319820","geom":{"type":"Point","coordinates":[24.027604414836237,49.8166395452962]},"note":null,"editor_id":null,"uid":null,"editor_date":null}},{"type":"Feature","geometry":{"type":"Point","coordinates":[24.027798434,49.816131541]},"properties":{"address":"Панаса Мирного 12","name_build":"адм.буд. (вілла)","date_build":"20-ті XX ст.","num_ohor_build":"2695","moid":"9505408689319821","geom":{"type":"Point","coordinates":[24.027798433694816,49.81613154093351]},"note":null,"editor_id":null,"uid":null,"editor_date":null}},{"type":"Feature","geometry":{"type":"Point","coordinates":[24.028114438,49.816072545]},"properties":{"address":"Панаса Мирного 14","name_build":"вілла","date_build":"20-ті XX ст.","num_ohor_build":"2696","moid":"9505408689319822","geom":{"type":"Point","coordinates":[24.02811443828511,49.81607254460423]},"note":null,"editor_id":null,"uid":null,"editor_date":null}},{"type":"Feature","geometry":{"type":"Point","coordinates":[24.02793642,49.816579549]},"properties":{"address":"Панаса Мирного 15","name_build":"вілла","date_build":"20-ті XX ст.","num_ohor_build":"2697","moid":"9505408689319823","geom":{"type":"Point","coordinates":[24.027936419591445,49.8165795491807]},"note":null,"editor_id":null,"uid":null,"editor_date":null}},{"type":"Feature","geometry":{"type":"Point","coordinates":[24.028434446,49.815935547]},"properties":{"address":"Панаса Мирного 16","name_build":"вілла","date_build":"20-ті XX ст.","num_ohor_build":"2698","moid":"9505408691023760","geom":{"type":"Point","coordinates":[24.028434445560084,49.815935547238006]},"note":null,"editor_id":null,"uid":null,"editor_date":null}},{"type":"Feature","geometry":{"type":"Point","coordinates":[24.028240427,49.816443552]},"properties":{"address":"Панаса Мирного 17","name_build":"вілла","date_build":"20-ті XX ст.","num_ohor_build":"2699","moid":"9505408691023761","geom":{"type":"Point","coordinates":[24.028240426701704,49.81644355160078]},"note":null,"editor_id":null,"uid":null,"editor_date":null}},{"type":"Feature","geometry":{"type":"Point","coordinates":[24.02875045,49.815867551]},"properties":{"address":"Панаса Мирного 18","name_build":"вілла","date_build":"20-ті XX ст.","num_ohor_build":"2700","moid":"9505408691023762","geom":{"type":"Point","coordinates":[24.02875045045642,49.815867550782485]},"note":null,"editor_id":null,"uid":null,"editor_date":null}},{"type":"Feature","geometry":{"type":"Point","coordinates":[24.028576432,49.816371555]},"properties":{"address":"Панаса Мирного 19","name_build":"вілла","date_build":"20-ті XX ст.","num_ohor_build":"2701","moid":"9505408691023763","geom":{"type":"Point","coordinates":[24.028576431897683,49.816371555373884]},"note":null,"editor_id":null,"uid":null,"editor_date":null}},{"type":"Feature","geometry":{"type":"Point","coordinates":[24.029028457,49.815748553]},"properties":{"address":"Панаса Мирного 20","name_build":"вілла","date_build":"20-ті XX ст.","num_ohor_build":"2702","moid":"9505408691023764","geom":{"type":"Point","coordinates":[24.029028456775944,49.81574855307079]},"note":null,"editor_id":null,"uid":null,"editor_date":null}},{"type":"Feature","geometry":{"type":"Point","coordinates":[24.028856439,49.816243558]},"properties":{"address":"Панаса Мирного 21","name_build":"вілла","date_build":"20-ті XX ст.","num_ohor_build":"2703","moid":"9505408691023765","geom":{"type":"Point","coordinates":[24.028856438539677,49.8162435575645]},"note":null,"editor_id":null,"uid":null,"editor_date":null}},{"type":"Feature","geometry":{"type":"Point","coordinates":[24.029356462,49.815676557]},"properties":{"address":"Панаса Мирного 22","name_build":"вілла","date_build":"30-ті XX ст.","num_ohor_build":"2704","moid":"9505408691023766","geom":{"type":"Point","coordinates":[24.02935646190648,49.815676556729954]},"note":null,"editor_id":null,"uid":null,"editor_date":null}},{"type":"Feature","geometry":{"type":"Point","coordinates":[24.029200443,49.816188562]},"properties":{"address":"Панаса Мирного 23","name_build":"вілла","date_build":"20-ті XX ст.","num_ohor_build":"2705","moid":"9505408691023767","geom":{"type":"Point","coordinates":[24.029200443223157,49.81618856168985]},"note":null,"editor_id":null,"uid":null,"editor_date":null}},{"type":"Feature","geometry":{"type":"Point","coordinates":[24.02948545,49.816051564]},"properties":{"address":"Панаса Мирного 25","name_build":"вілла","date_build":"20-ті XX ст.","num_ohor_build":"2706","moid":"9505408691023768","geom":{"type":"Point","coordinates":[24.029485450212057,49.81605156382536]},"note":null,"editor_id":null,"uid":null,"editor_date":null}},{"type":"Feature","geometry":{"type":"Point","coordinates":[24.03527156,49.814223621]},"properties":{"address":"Панаса Мирного 35","name_build":"вілла","date_build":"30-ті XX ст.","num_ohor_build":"2707","moid":"9505408691023769","geom":{"type":"Point","coordinates":[24.03527155968943,49.81422362054627]},"note":null,"editor_id":null,"uid":null,"editor_date":null}},{"type":"Feature","geometry":{"type":"Point","coordinates":[24.035571565,49.814131624]},"properties":{"address":"Панаса Мирного 37","name_build":"вілла","date_build":"30-ті XX ст.","num_ohor_build":"2708","moid":"9505408691023770","geom":{"type":"Point","coordinates":[24.03557156527141,49.81413162352602]},"note":null,"editor_id":null,"uid":null,"editor_date":null}},{"type":"Feature","geometry":null,"properties":{"address":"Панаса Мирного 39","name_build":"вілла","date_build":"30-ті XX ст.","num_ohor_build":"2709","moid":"9505408691023771","geom":null,"note":null,"editor_id":null,"uid":null,"editor_date":null}},{"type":"Feature","geometry":{"type":"Point","coordinates":[24.052632273,49.826821044]},"properties":{"address":"Панчишина М. 1","name_build":"вілла","date_build":"30-ті XX ст.","num_ohor_build":"2767","moid":"9505408691023772","geom":{"type":"Point","coordinates":[24.05263227346783,49.826821044377546]},"note":null,"editor_id":null,"uid":null,"editor_date":null}},{"type":"Feature","geometry":{"type":"Point","coordinates":[24.052440268,49.826936043]},"properties":{"address":"Панчишина М. 3","name_build":"вілла","date_build":"30-ті XX ст.","num_ohor_build":"2768","moid":"9505408691023773","geom":{"type":"Point","coordinates":[24.052440267983023,49.82693604325788]},"note":null,"editor_id":null,"uid":null,"editor_date":null}},{"type":"Feature","geometry":{"type":"Point","coordinates":[24.052236263,49.827036042]},"properties":{"address":"Панчишина М. 3а","name_build":"вілла","date_build":"30-ті XX ст.","num_ohor_build":"2769","moid":"9505408691023774","geom":{"type":"Point","coordinates":[24.052236262910135,49.82703604175694]},"note":null,"editor_id":null,"uid":null,"editor_date":null}},{"type":"Feature","geometry":{"type":"Point","coordinates":[24.052036257,49.827156041]},"properties":{"address":"Панчишина М. 5","name_build":"вілла","date_build":"30-ті XX ст.","num_ohor_build":"2770","moid":"9505408691023775","geom":{"type":"Point","coordinates":[24.052036257189684,49.82715604059353]},"note":null,"editor_id":null,"uid":null,"editor_date":null}},{"type":"Feature","geometry":{"type":"Point","coordinates":[24.052176249,49.827440047]},"properties":{"address":"Панчишина М. 6","name_build":"вілла","date_build":"30-ті XX ст.","num_ohor_build":"2771","moid":"9505408691023776","geom":{"type":"Point","coordinates":[24.052176248676,49.82744004657099]},"note":null,"editor_id":null,"uid":null,"editor_date":null}},{"type":"Feature","geometry":{"type":"Point","coordinates":[24.052104242,49.827616048]},"properties":{"address":"Панчишина М. 8","name_build":"вілла","date_build":"30-ті XX ст.","num_ohor_build":"2772","moid":"9505408691023777","geom":{"type":"Point","coordinates":[24.052104242099155,49.827616048015344]},"note":null,"editor_id":null,"uid":null,"editor_date":null}},{"type":"Feature","geometry":{"type":"Point","coordinates":[24.051824239,49.827652045]},"properties":{"address":"Панчишина М. 10","name_build":"вілла","date_build":"30-ті XX ст.","num_ohor_build":"2773","moid":"9505408691023778","geom":{"type":"Point","coordinates":[24.051824238580604,49.827652044534574]},"note":null,"editor_id":null,"uid":null,"editor_date":null}},{"type":"Feature","geometry":{"type":"Point","coordinates":[24.051634233,49.827768043]},"properties":{"address":"Панчишина М. 12","name_build":"вілла","date_build":"30-ті XX ст.","num_ohor_build":"2774","moid":"9505408691023779","geom":{"type":"Point","coordinates":[24.05163423307802,49.82776804345734]},"note":null,"editor_id":null,"uid":null,"editor_date":null}},{"type":"Feature","geometry":{"type":"Point","coordinates":[24.051532229,49.827864043]},"properties":{"address":"Панчишина М. 14","name_build":"вілла","date_build":"30-ті XX ст.","num_ohor_build":"2775","moid":"9505408691023780","geom":{"type":"Point","coordinates":[24.051532228976708,49.82786404335223]},"note":null,"editor_id":null,"uid":null,"editor_date":null}},{"type":"Feature","geometry":{"type":"Point","coordinates":[24.051416223,49.828024044]},"properties":{"address":"Панчишина М. 16","name_build":"вілла","date_build":"30-ті XX ст.","num_ohor_build":"2776","moid":"9505408691023781","geom":{"type":"Point","coordinates":[24.051416222583544,49.82802404394573]},"note":null,"editor_id":null,"uid":null,"editor_date":null}},{"type":"Feature","geometry":null,"properties":{"address":"Папарівка 3","name_build":"житл. буд.","date_build":"XVIII ст.","num_ohor_build":"1023","moid":"9505408691023782","geom":null,"note":null,"editor_id":null,"uid":null,"editor_date":null}},{"type":"Feature","geometry":{"type":"Point","coordinates":[24.032616108,49.82687576]},"properties":{"address":"Паркова 1","name_build":"лікарня поліклініка (вілла)","date_build":"1905 р.","num_ohor_build":"133","moid":"9505408691023783","geom":{"type":"Point","coordinates":[24.032616107711092,49.82687576020525]},"note":null,"editor_id":null,"uid":null,"editor_date":null}},{"type":"Feature","geometry":{"type":"Point","coordinates":[24.032036106,49.826799751]},"properties":{"address":"Паркова 5","name_build":"житл. буд.","date_build":"кін. XIX ст.","num_ohor_build":"1249","moid":"9505408691023784","geom":{"type":"Point","coordinates":[24.032036105550706,49.826799750882046]},"note":null,"editor_id":null,"uid":null,"editor_date":null}},{"type":"Feature","geometry":{"type":"Point","coordinates":[24.031892106,49.826751748]},"properties":{"address":"Паркова 7","name_build":"житл. буд.","date_build":"кін. XIX ст.","num_ohor_build":"1250","moid":"9505408691023785","geom":{"type":"Point","coordinates":[24.031892106005383,49.82675174815873]},"note":null,"editor_id":null,"uid":null,"editor_date":null}},{"type":"Feature","geometry":{"type":"Point","coordinates":[24.03269409,49.827403769]},"properties":{"address":"Паркова 8","name_build":"житл. буд.","date_build":"1898-1899 рр.","num_ohor_build":"134","moid":"9505408691023786","geom":{"type":"Point","coordinates":[24.032694090386908,49.827403768721396]},"note":null,"editor_id":null,"uid":null,"editor_date":null}},{"type":"Feature","geometry":{"type":"Point","coordinates":[24.031696106,49.826711745]},"properties":{"address":"Паркова 9","name_build":"житл. буд.","date_build":"кін. XIX ст.","num_ohor_build":"594","moid":"9505408691023787","geom":{"type":"Point","coordinates":[24.03169610576243,49.82671174480734]},"note":null,"editor_id":null,"uid":null,"editor_date":null}},{"type":"Feature","geometry":{"type":"Point","coordinates":[24.032456091,49.827335764]},"properties":{"address":"Паркова 10","name_build":"житл. буд.","date_build":"1898-1899 рр.","num_ohor_build":"1251","moid":"9505408691023788","geom":{"type":"Point","coordinates":[24.032456090752788,49.827335764379285]},"note":null,"editor_id":null,"uid":null,"editor_date":null}},{"type":"Feature","geometry":null,"properties":{"address":"Паркова 11","name_build":"житл. буд.","date_build":"кін. XIX ст.","num_ohor_build":"1252","moid":"9505408691023789","geom":null,"note":null,"editor_id":null,"uid":null,"editor_date":null}},{"type":"Feature","geometry":{"type":"Point","coordinates":[24.032056086,49.827379759]},"properties":{"address":"Паркова 12","name_build":"житл. буд.","date_build":"кін. XIX ст.","num_ohor_build":"135","moid":"9505408691023790","geom":{"type":"Point","coordinates":[24.03205608598287,49.82737975930173]},"note":null,"editor_id":null,"uid":null,"editor_date":null}},{"type":"Feature","geometry":null,"properties":{"address":"Паркова 13","name_build":"житл. буд.","date_build":"1910 р.","num_ohor_build":"1597","moid":"9505408691023791","geom":null,"note":null,"editor_id":null,"uid":null,"editor_date":null}},{"type":"Feature","geometry":{"type":"Point","coordinates":[24.03197609,49.827235756]},"properties":{"address":"Паркова 14","name_build":"житл. буд.","date_build":"1909-1910 рр.","num_ohor_build":"136","moid":"9505408691023792","geom":{"type":"Point","coordinates":[24.03197609022719,49.82723575614308]},"note":null,"editor_id":null,"uid":null,"editor_date":null}},{"type":"Feature","geometry":{"type":"Point","coordinates":[24.03174209,49.827175752]},"properties":{"address":"Паркова 16","name_build":"житл. буд.","date_build":"кін. XIX ст.","num_ohor_build":"1598","moid":"9505408691023793","geom":{"type":"Point","coordinates":[24.031742090353735,49.82717575197015]},"note":null,"editor_id":null,"uid":null,"editor_date":null}},{"type":"Feature","geometry":{"type":"Point","coordinates":[24.06693625,49.830968306]},"properties":{"address":"Пасічна 36","name_build":"поліклініка (житл. буд.)","date_build":"1924 р.","num_ohor_build":"2176","moid":"9505408691023794","geom":{"type":"Point","coordinates":[24.066936249642836,49.8309683061833]},"note":null,"editor_id":null,"uid":null,"editor_date":null}},{"type":"Feature","geometry":{"type":"Point","coordinates":[24.035628747,49.838185962]},"properties":{"address":"Пекарська 1","name_build":"адм.буд. (готель \"Краківський\")","date_build":"1914 р.","num_ohor_build":"1363","moid":"9505408691023795","geom":{"type":"Point","coordinates":[24.035628747493046,49.8381859617445]},"note":null,"editor_id":null,"uid":null,"editor_date":null}},{"type":"Feature","geometry":{"type":"Point","coordinates":[24.036206754,49.838143969]},"properties":{"address":"Пекарська 1а","name_build":"техн. будівельний (житл. буд.)","date_build":"1881 р.","num_ohor_build":"656","moid":"9505408691023796","geom":{"type":"Point","coordinates":[24.036206753654525,49.838143969385335]},"note":null,"editor_id":null,"uid":null,"editor_date":null}},{"type":"Feature","geometry":null,"properties":{"address":"Пекарська 1б","name_build":"навч. заклад (житл. буд.)","date_build":"1914 р.","num_ohor_build":"1648","moid":"9505408691023797","geom":null,"note":null,"editor_id":null,"uid":null,"editor_date":null}},{"type":"Feature","geometry":{"type":"Point","coordinates":[24.036854762,49.838059977]},"properties":{"address":"Пекарська 3","name_build":"житл. буд.","date_build":"поч. XX ст.","num_ohor_build":"1364","moid":"9505408691023798","geom":{"type":"Point","coordinates":[24.03685476181892,49.83805997743369]},"note":null,"editor_id":null,"uid":null,"editor_date":null}},{"type":"Feature","geometry":{"type":"Point","coordinates":[24.037207766,49.838031982]},"properties":{"address":"Пекарська 5","name_build":"житл. буд.","date_build":"кін. XIX ст.","num_ohor_build":"657","moid":"9505408691023799","geom":{"type":"Point","coordinates":[24.03720776566205,49.83803198206716]},"note":null,"editor_id":null,"uid":null,"editor_date":null}},{"type":"Feature","geometry":{"type":"Point","coordinates":[24.037997771,49.838063994]},"properties":{"address":"Пекарська 9","name_build":"навч. закл. (житл. буд.)","date_build":"1877 р.","num_ohor_build":"235","moid":"9505408691023800","geom":{"type":"Point","coordinates":[24.03799777104074,49.83806399376453]},"note":null,"editor_id":null,"uid":null,"editor_date":null}},{"type":"Feature","geometry":{"type":"Point","coordinates":[24.038359775,49.838039999]},"properties":{"address":"Пекарська 11","name_build":"адм.буд. \"Атлас\" (житл. буд.)","date_build":"1912 р.","num_ohor_build":"1365","moid":"9505408691023801","geom":{"type":"Point","coordinates":[24.038359774821604,49.83803999858222]},"note":null,"editor_id":null,"uid":null,"editor_date":null}},{"type":"Feature","geometry":{"type":"Point","coordinates":[24.038783777,49.838072005]},"properties":{"address":"Пекарська 13","name_build":"житл. буд. (палац Орловських)","date_build":"1859 р.","num_ohor_build":"236","moid":"9505408691023802","geom":{"type":"Point","coordinates":[24.038783777203953,49.83807200506825]},"note":null,"editor_id":null,"uid":null,"editor_date":null}},{"type":"Feature","geometry":{"type":"Point","coordinates":[24.039551782,49.838113017]},"properties":{"address":"Пекарська 17","name_build":"житл. буд.","date_build":"1911 р.","num_ohor_build":"237","moid":"9505408691023803","geom":{"type":"Point","coordinates":[24.039551782096797,49.83811301657854]},"note":null,"editor_id":null,"uid":null,"editor_date":null}},{"type":"Feature","geometry":{"type":"Point","coordinates":[24.040345781,49.838347031]},"properties":{"address":"Пекарська 19","name_build":"школа №102 (палац Семенських-Левицьких)","date_build":"1849 р.","num_ohor_build":"658","moid":"9505408691023804","geom":{"type":"Point","coordinates":[24.04034578063318,49.83834703116647]},"note":null,"editor_id":null,"uid":null,"editor_date":null}},{"type":"Feature","geometry":{"type":"Point","coordinates":[24.038495786,49.837739996]},"properties":{"address":"Пекарська 24","name_build":"житл. буд.","date_build":"1898 р.","num_ohor_build":"659","moid":"9505408691023805","geom":{"type":"Point","coordinates":[24.038495786146935,49.83773999631026]},"note":null,"editor_id":null,"uid":null,"editor_date":null}},{"type":"Feature","geometry":{"type":"Point","coordinates":[24.039643801,49.837588011]},"properties":{"address":"Пекарська 30","name_build":"меблева фабрика (палац)","date_build":"1810-1830 рр.","num_ohor_build":"1008","moid":"9505408691023806","geom":{"type":"Point","coordinates":[24.039643800720626,49.837588010523675]},"note":null,"editor_id":null,"uid":null,"editor_date":null}},{"type":"Feature","geometry":{"type":"Point","coordinates":[24.040689803,49.837768028]},"properties":{"address":"Пекарська 38","name_build":"житл. буд.","date_build":"1904-1905 рр.","num_ohor_build":"660","moid":"9505408691023807","geom":{"type":"Point","coordinates":[24.040689803158884,49.83776802794204]},"note":null,"editor_id":null,"uid":null,"editor_date":null}},{"type":"Feature","geometry":{"type":"Point","coordinates":[24.040971808,49.837680031]},"properties":{"address":"Пекарська 40","name_build":"житл. буд.","date_build":"1904 р.","num_ohor_build":"661","moid":"9505408691023808","geom":{"type":"Point","coordinates":[24.04097180846355,49.83768003072272]},"note":null,"editor_id":null,"uid":null,"editor_date":null}},{"type":"Feature","geometry":{"type":"Point","coordinates":[24.044166855,49.837071068]},"properties":{"address":"Пекарська 49","name_build":"житл. буд.","date_build":"поч. XX ст.","num_ohor_build":"2186","moid":"9505408691023809","geom":{"type":"Point","coordinates":[24.044166855358537,49.837071067669775]},"note":null,"editor_id":null,"uid":null,"editor_date":null}},{"type":"Feature","geometry":null,"properties":{"address":"Пекарська 50а","name_build":"навч. закл. (палац Туркулів-Комелло)","date_build":"1844 р.","num_ohor_build":"773","moid":"9505408691023810","geom":null,"note":null,"editor_id":null,"uid":null,"editor_date":null}},{"type":"Feature","geometry":{"type":"Point","coordinates":[24.048679954,49.835256106]},"properties":{"address":"Пекарська 52","name_build":"навч. закл. (навч. закл. мед.факультет Львівського університету)","date_build":"1894-1898 рр.","num_ohor_build":"1366","moid":"9505408691023811","geom":{"type":"Point","coordinates":[24.048679954099157,49.83525610646001]},"note":null,"editor_id":null,"uid":null,"editor_date":null}},{"type":"Feature","geometry":{"type":"Point","coordinates":[24.046147878,49.836896093]},"properties":{"address":"Пекарська 59","name_build":"церква Христа-Спасителя ХВЄ (костел Воскресенців)","date_build":"1888-1890 рр.","num_ohor_build":"1649","moid":"9505408691023812","geom":{"type":"Point","coordinates":[24.046147877541156,49.83689609341966]},"note":null,"editor_id":null,"uid":null,"editor_date":null}},{"type":"Feature","geometry":{"type":"Point","coordinates":[24.048443928,49.835980113]},"properties":{"address":"Пекарська 69","name_build":"уч.корпус медінситуту (адм.буд.)","date_build":"1893-1896 рр.","num_ohor_build":"238","moid":"9505408691023813","geom":{"type":"Point","coordinates":[24.04844392752579,49.83598011325769]},"note":null,"editor_id":null,"uid":null,"editor_date":null}},{"type":"Feature","geometry":{"type":"Point","coordinates":[24.046312171,49.828307975]},"properties":{"address":"Переяславська 18","name_build":"житл. буд.","date_build":"1932 р.","num_ohor_build":"2177","moid":"9505408691023814","geom":{"type":"Point","coordinates":[24.046312171114536,49.82830797527164]},"note":null,"editor_id":null,"uid":null,"editor_date":null}},{"type":"Feature","geometry":{"type":"Point","coordinates":[24.035391657,49.840799995]},"properties":{"address":"Підвальна 3","name_build":"адм.буд. (житл. буд.)","date_build":"1883 р.","num_ohor_build":"216","moid":"9505408691023815","geom":{"type":"Point","coordinates":[24.0353916565644,49.840799995037536]},"note":null,"editor_id":null,"uid":null,"editor_date":null}},{"type":"Feature","geometry":{"type":"Point","coordinates":[24.033823526,49.844264021]},"properties":{"address":"Підвальна 6","name_build":"адм.буд. Управління пожежної безпеки (адм.буд. \"Страж пожарна\")","date_build":"1892-1901 рр.","num_ohor_build":"217","moid":"9505408691023816","geom":{"type":"Point","coordinates":[24.033823525781894,49.84426402130065]},"note":null,"editor_id":null,"uid":null,"editor_date":null}},{"type":"Feature","geometry":{"type":"Point","coordinates":[24.034591603,49.842187003]},"properties":{"address":"Підвальна 9","name_build":"житл. буд.","date_build":"XVIII ст.","num_ohor_build":"218","moid":"9505408691023817","geom":{"type":"Point","coordinates":[24.034591602791952,49.842187003102]},"note":null,"editor_id":null,"uid":null,"editor_date":null}},{"type":"Feature","geometry":{"type":"Point","coordinates":[24.034313548,49.843719021]},"properties":{"address":"Підвальна 17","name_build":"уч.корпус Український поліграфічний інститут (школа міська ім. Сташіца)","date_build":"1892 р.","num_ohor_build":"1005","moid":"9505408691023818","geom":{"type":"Point","coordinates":[24.03431354835165,49.84371902063338]},"note":null,"editor_id":null,"uid":null,"editor_date":null}},{"type":"Feature","geometry":null,"properties":{"address":"Підкови І. пл. 1","name_build":"гром.буд. (гауптвахта)","date_build":"1829 р.","num_ohor_build":"1006","moid":"9505408691023819","geom":null,"note":null,"editor_id":null,"uid":null,"editor_date":null}},{"type":"Feature","geometry":{"type":"Point","coordinates":[24.050708745,49.841877228]},"properties":{"address":"Піскова 14","name_build":"житл. буд.","date_build":"поч. XX ст.","num_ohor_build":"214","moid":"9505408691023820","geom":{"type":"Point","coordinates":[24.050708745354594,49.84187722824356]},"note":null,"editor_id":null,"uid":null,"editor_date":null}},{"type":"Feature","geometry":{"type":"Point","coordinates":[24.051267753,49.841776235]},"properties":{"address":"Піскова 18","name_build":"житл. буд.","date_build":"1912 р.","num_ohor_build":"215","moid":"9505408691023821","geom":{"type":"Point","coordinates":[24.051267753374002,49.84177623478568]},"note":null,"editor_id":null,"uid":null,"editor_date":null}},{"type":"Feature","geometry":{"type":"Point","coordinates":[23.99853483,49.826852275]},"properties":{"address":"Повстанська 6","name_build":"житл. буд.","date_build":"1925 р.","num_ohor_build":"2142","moid":"9505408691023822","geom":{"type":"Point","coordinates":[23.998534829916093,49.826852274639464]},"note":null,"editor_id":null,"uid":null,"editor_date":null}},{"type":"Feature","geometry":{"type":"Point","coordinates":[23.999281848,49.82648828]},"properties":{"address":"Повстанська 8","name_build":"житл. буд.","date_build":"1926 р.","num_ohor_build":"2143","moid":"9505408691023823","geom":{"type":"Point","coordinates":[23.99928184840088,49.82648828017336]},"note":null,"editor_id":null,"uid":null,"editor_date":null}},{"type":"Feature","geometry":{"type":"Point","coordinates":[24.056740278,49.827688115]},"properties":{"address":"Погулянка 22","name_build":"вілла","date_build":"1923 р.","num_ohor_build":"2179","moid":"9505408691023824","geom":{"type":"Point","coordinates":[24.05674027763684,49.82768811501921]},"note":null,"editor_id":null,"uid":null,"editor_date":null}},{"type":"Feature","geometry":{"type":"Point","coordinates":[24.055736242,49.828492112]},"properties":{"address":"Погулянка 43","name_build":"вілла","date_build":"1936 р.","num_ohor_build":"2180","moid":"9505408691023825","geom":{"type":"Point","coordinates":[24.05573624205937,49.82849211200821]},"note":null,"editor_id":null,"uid":null,"editor_date":null}},{"type":"Feature","geometry":null,"properties":{"address":"Поповича О. 3","name_build":"житл. буд.","date_build":"XIX ст.","num_ohor_build":"53","moid":"9505408691023826","geom":null,"note":null,"editor_id":null,"uid":null,"editor_date":null}},{"type":"Feature","geometry":null,"properties":{"address":"Поповича О. 5","name_build":"житл. буд.","date_build":"XIX ст.","num_ohor_build":"54","moid":"9505408691023827","geom":null,"note":null,"editor_id":null,"uid":null,"editor_date":null}},{"type":"Feature","geometry":null,"properties":{"address":"Поповича О. 7","name_build":"житл. буд.","date_build":"1896 р.","num_ohor_build":"55","moid":"9505408691023828","geom":null,"note":null,"editor_id":null,"uid":null,"editor_date":null}},{"type":"Feature","geometry":null,"properties":{"address":"Поповича О. 9","name_build":"адм.буд. (школа св.Йосафата)","date_build":"1910 р.","num_ohor_build":"1205","moid":"9505408691023829","geom":null,"note":null,"editor_id":null,"uid":null,"editor_date":null}},{"type":"Feature","geometry":{"type":"Point","coordinates":[24.018419974,49.827407566]},"properties":{"address":"Похила 1","name_build":"вілла","date_build":"поч. XX ст.","num_ohor_build":"2188","moid":"9505408691023830","geom":{"type":"Point","coordinates":[24.018419973501448,49.827407565554715]},"note":null,"editor_id":null,"uid":null,"editor_date":null}},{"type":"Feature","geometry":{"type":"Point","coordinates":[24.018675965,49.827719574]},"properties":{"address":"Похила 2","name_build":"житл. буд.","date_build":"поч. XX ст.","num_ohor_build":"2189","moid":"9505408691023831","geom":{"type":"Point","coordinates":[24.018675964979156,49.82771957357476]},"note":null,"editor_id":null,"uid":null,"editor_date":null}},{"type":"Feature","geometry":{"type":"Point","coordinates":[24.017219958,49.827560551]},"properties":{"address":"Похила 7","name_build":"вілла","date_build":"30-ті XX ст.","num_ohor_build":"2777","moid":"9505408691023832","geom":{"type":"Point","coordinates":[24.0172199584856,49.82756055061471]},"note":null,"editor_id":null,"uid":null,"editor_date":null}},{"type":"Feature","geometry":{"type":"Point","coordinates":[24.01689795,49.827720548]},"properties":{"address":"Похила 9","name_build":"вілла","date_build":"30-ті XX ст.","num_ohor_build":"2778","moid":"9505408691023833","geom":{"type":"Point","coordinates":[24.016897950409497,49.82772054827371]},"note":null,"editor_id":null,"uid":null,"editor_date":null}},{"type":"Feature","geometry":{"type":"Point","coordinates":[24.016735946,49.827799547]},"properties":{"address":"Похила 11","name_build":"вілла","date_build":"30-ті XX ст.","num_ohor_build":"2779","moid":"9505408691023834","geom":{"type":"Point","coordinates":[24.016735946397294,49.82779954707492]},"note":null,"editor_id":null,"uid":null,"editor_date":null}},{"type":"Feature","geometry":null,"properties":{"address":"Похила 11а","name_build":"вілла","date_build":"30-ті XX ст.","num_ohor_build":"2780","moid":"9505408691023835","geom":null,"note":null,"editor_id":null,"uid":null,"editor_date":null}},{"type":"Feature","geometry":{"type":"Point","coordinates":[24.017369947,49.827920558]},"properties":{"address":"Похила 12","name_build":"вілла","date_build":"30-ті XX ст.","num_ohor_build":"2781","moid":"9505408691023836","geom":{"type":"Point","coordinates":[24.017369947463273,49.82792055779857]},"note":null,"editor_id":null,"uid":null,"editor_date":null}},{"type":"Feature","geometry":{"type":"Point","coordinates":[24.01698694,49.828055554]},"properties":{"address":"Похила 14","name_build":"вілла","date_build":"30-ті XX ст.","num_ohor_build":"2782","moid":"9505408691023837","geom":{"type":"Point","coordinates":[24.016986939738963,49.82805555423846]},"note":null,"editor_id":null,"uid":null,"editor_date":null}},{"type":"Feature","geometry":{"type":"Point","coordinates":[24.006501846,49.828280408]},"properties":{"address":"Природна 4","name_build":"житл. буд.","date_build":"поч. XX ст.","num_ohor_build":"2191","moid":"9505408691023838","geom":{"type":"Point","coordinates":[24.006501846396826,49.82828040810243]},"note":null,"editor_id":null,"uid":null,"editor_date":null}},{"type":"Feature","geometry":{"type":"Point","coordinates":[24.006359852,49.828084403]},"properties":{"address":"Природна 6","name_build":"житл. буд.","date_build":"1936 р.","num_ohor_build":"2192","moid":"9505408691023839","geom":{"type":"Point","coordinates":[24.006359851905987,49.82808440333248]},"note":null,"editor_id":null,"uid":null,"editor_date":null}},{"type":"Feature","geometry":{"type":"Point","coordinates":[24.005693904,49.82638837]},"properties":{"address":"Природна 17","name_build":"вілла","date_build":"1925 р.","num_ohor_build":"2193","moid":"9505408691023840","geom":{"type":"Point","coordinates":[24.00569390417167,49.826388370071136]},"note":null,"editor_id":null,"uid":null,"editor_date":null}},{"type":"Feature","geometry":null,"properties":{"address":"Просвіти 4","name_build":"адм.буд. інтернат  № 2 (адм.буд. Окружна шкільна кураторія)","date_build":"XIX ст.","num_ohor_build":"83","moid":"9505408691023841","geom":null,"note":null,"editor_id":null,"uid":null,"editor_date":null}},{"type":"Feature","geometry":{"type":"Point","coordinates":[24.040085646,49.842242082]},"properties":{"address":"Просвіти 6","name_build":"житл. буд.","date_build":"XIX ст.","num_ohor_build":"84","moid":"9505408691023842","geom":{"type":"Point","coordinates":[24.040085645903922,49.84224208210534]},"note":null,"editor_id":null,"uid":null,"editor_date":null}},{"type":"Feature","geometry":{"type":"Point","coordinates":[24.040326648,49.842252086]},"properties":{"address":"Просвіти 8","name_build":"житл. буд.","date_build":"XIX ст.","num_ohor_build":"85","moid":"9505408691023843","geom":{"type":"Point","coordinates":[24.0403266475371,49.84225208567727]},"note":null,"editor_id":null,"uid":null,"editor_date":null}},{"type":"Feature","geometry":{"type":"Point","coordinates":[24.016520684,49.835464651]},"properties":{"address":"Професорська 1","name_build":"науково-технічна бібліотека Політехніки (бібл.)","date_build":"1928-1932 рр.","num_ohor_build":"219","moid":"9505408691023844","geom":{"type":"Point","coordinates":[24.016520683788546,49.835464651498526]},"note":null,"editor_id":null,"uid":null,"editor_date":null}},{"type":"Feature","geometry":{"type":"Point","coordinates":[24.016015666,49.83587965]},"properties":{"address":"Професорська 2","name_build":"навч. закл.","date_build":"кін. XIX ст.","num_ohor_build":"1646","moid":"9505408691023845","geom":{"type":"Point","coordinates":[24.016015665533363,49.83587965012702]},"note":null,"editor_id":null,"uid":null,"editor_date":null}},{"type":"Feature","geometry":null,"properties":{"address":"Пчілки Олени 15/17","name_build":"вілла","date_build":"1923 р.","num_ohor_build":"2471","moid":"9505408691023846","geom":null,"note":null,"editor_id":null,"uid":null,"editor_date":null}},{"type":"Feature","geometry":null,"properties":{"address":"Рапопорта Я. 7а","name_build":"житл. буд.","date_build":"1909 р.","num_ohor_build":"1661","moid":"9505408691023847","geom":null,"note":null,"editor_id":null,"uid":null,"editor_date":null}},{"type":"Feature","geometry":null,"properties":{"address":"Рапопорта Я. 7б","name_build":"житл. буд.","date_build":"1909 р.","num_ohor_build":"1662","moid":"9505408691023848","geom":null,"note":null,"editor_id":null,"uid":null,"editor_date":null}},{"type":"Feature","geometry":null,"properties":{"address":"Рапопорта Я. 8","name_build":"лікарня пологовий будинок (шпит. єврейський)","date_build":"1897-1903 рр.","num_ohor_build":"1242","moid":"9505408691023849","geom":null,"note":null,"editor_id":null,"uid":null,"editor_date":null}},{"type":"Feature","geometry":null,"properties":{"address":"Рапопорта Я. 9","name_build":"житл. буд.","date_build":"1907 р.","num_ohor_build":"2473","moid":"9505408691023850","geom":null,"note":null,"editor_id":null,"uid":null,"editor_date":null}},{"type":"Feature","geometry":null,"properties":{"address":"Рапопорта Я. 11","name_build":"житл. буд.","date_build":"1908 р.","num_ohor_build":"2474","moid":"9505408691023851","geom":null,"note":null,"editor_id":null,"uid":null,"editor_date":null}},{"type":"Feature","geometry":null,"properties":{"address":"Рапопорта Я. 25","name_build":"школа","date_build":"поч. XX ст.","num_ohor_build":"2196","moid":"9505408691023852","geom":null,"note":null,"editor_id":null,"uid":null,"editor_date":null}},{"type":"Feature","geometry":{"type":"Point","coordinates":[24.054629853,49.839652253]},"properties":{"address":"Рєпіна І. 3","name_build":"вілла","date_build":"30-ті XX ст.","num_ohor_build":"2784","moid":"9505408691023853","geom":{"type":"Point","coordinates":[24.054629853233017,49.839652252851295]},"note":null,"editor_id":null,"uid":null,"editor_date":null}},{"type":"Feature","geometry":{"type":"Point","coordinates":[24.054821846,49.839900259]},"properties":{"address":"Рєпіна І. 5а","name_build":"вілла","date_build":"30-ті XX ст.","num_ohor_build":"2785","moid":"9505408691023854","geom":{"type":"Point","coordinates":[24.054821846364803,49.839900259064734]},"note":null,"editor_id":null,"uid":null,"editor_date":null}},{"type":"Feature","geometry":{"type":"Point","coordinates":[24.054875839,49.840136263]},"properties":{"address":"Рєпіна І. 7","name_build":"вілла","date_build":"поч. XX ст.","num_ohor_build":"2198","moid":"9505408691023855","geom":{"type":"Point","coordinates":[24.05487583877389,49.84013626314501]},"note":null,"editor_id":null,"uid":null,"editor_date":null}},{"type":"Feature","geometry":{"type":"Point","coordinates":[24.055131835,49.840304269]},"properties":{"address":"Рєпіна І. 9","name_build":"вілла","date_build":"30-ті XX ст.","num_ohor_build":"2786","moid":"9505408691023856","geom":{"type":"Point","coordinates":[24.055131835153357,49.84030426914718]},"note":null,"editor_id":null,"uid":null,"editor_date":null}},{"type":"Feature","geometry":{"type":"Point","coordinates":[24.055563843,49.840184274]},"properties":{"address":"Рєпіна І. 12","name_build":"вілла","date_build":"30-ті XX ст.","num_ohor_build":"2787","moid":"9505408691023857","geom":{"type":"Point","coordinates":[24.055563842779232,49.84018427361405]},"note":null,"editor_id":null,"uid":null,"editor_date":null}},{"type":"Feature","geometry":{"type":"Point","coordinates":[24.055675837,49.840376278]},"properties":{"address":"Рєпіна І. 14","name_build":"житл. буд.","date_build":"поч. XX ст.","num_ohor_build":"2472","moid":"9505408691023858","geom":{"type":"Point","coordinates":[24.05567583716147,49.84037627790276]},"note":null,"editor_id":null,"uid":null,"editor_date":null}},{"type":"Feature","geometry":{"type":"Point","coordinates":[24.055880828,49.840686285]},"properties":{"address":"Рєпіна І. 16","name_build":"вілла","date_build":"30-ті XX ст.","num_ohor_build":"2788","moid":"9505408691154931","geom":{"type":"Point","coordinates":[24.05588082828909,49.84068628517135]},"note":null,"editor_id":null,"uid":null,"editor_date":null}},{"type":"Feature","geometry":{"type":"Point","coordinates":[24.055857821,49.840900288]},"properties":{"address":"Рєпіна І. 18","name_build":"вілла","date_build":"30-ті XX ст.","num_ohor_build":"2789","moid":"9505408691154932","geom":{"type":"Point","coordinates":[24.055857820815636,49.840900287846694]},"note":null,"editor_id":null,"uid":null,"editor_date":null}},{"type":"Feature","geometry":{"type":"Point","coordinates":[24.055651812,49.841106288]},"properties":{"address":"Рєпіна І. 22","name_build":"вілла","date_build":"30-ті XX ст.","num_ohor_build":"2790","moid":"9505408691154933","geom":{"type":"Point","coordinates":[24.055651812114355,49.84110628780428]},"note":null,"editor_id":null,"uid":null,"editor_date":null}},{"type":"Feature","geometry":{"type":"Point","coordinates":[24.030280452,49.845575989]},"properties":{"address":"Рибна 4","name_build":"житл. буд.","date_build":"XVIII ст.","num_ohor_build":"1020","moid":"9505408691154934","geom":{"type":"Point","coordinates":[24.030280452100698,49.84557598925014]},"note":null,"editor_id":null,"uid":null,"editor_date":null}},{"type":"Feature","geometry":{"type":"Point","coordinates":[24.017106647,49.836681677]},"properties":{"address":"Рилєєва К. 5","name_build":"житл. буд.","date_build":"XIX ст.","num_ohor_build":"251","moid":"9505408691154935","geom":{"type":"Point","coordinates":[24.017106647153255,49.83668167690927]},"note":null,"editor_id":null,"uid":null,"editor_date":null}},{"type":"Feature","geometry":{"type":"Point","coordinates":[24.01699065,49.836558674]},"properties":{"address":"Рилєєва К. 7","name_build":"житл. буд.","date_build":"1896-1897 рр.","num_ohor_build":"252","moid":"9505408691154936","geom":{"type":"Point","coordinates":[24.016990650391815,49.836558673532586]},"note":null,"editor_id":null,"uid":null,"editor_date":null}},{"type":"Feature","geometry":{"type":"Point","coordinates":[24.016599644,49.836663669]},"properties":{"address":"Рилєєва К. 8","name_build":"житл. буд.","date_build":"поч. XX ст.","num_ohor_build":"1018","moid":"9505408691154937","geom":{"type":"Point","coordinates":[24.01659964362052,49.83666366943721]},"note":null,"editor_id":null,"uid":null,"editor_date":null}},{"type":"Feature","geometry":{"type":"Point","coordinates":[24.016871654,49.83642767]},"properties":{"address":"Рилєєва К. 9","name_build":"житл. буд.","date_build":"1896-1897 рр.","num_ohor_build":"253","moid":"9505408691154938","geom":{"type":"Point","coordinates":[24.01687165387815,49.836427670001]},"note":null,"editor_id":null,"uid":null,"editor_date":null}},{"type":"Feature","geometry":{"type":"Point","coordinates":[24.016431647,49.836531665]},"properties":{"address":"Рилєєва К. 10","name_build":"житл. буд.","date_build":"XIX ст.","num_ohor_build":"254","moid":"9505408691154939","geom":{"type":"Point","coordinates":[24.016431646740312,49.83653166519384]},"note":null,"editor_id":null,"uid":null,"editor_date":null}},{"type":"Feature","geometry":{"type":"Point","coordinates":[24.01627965,49.836403661]},"properties":{"address":"Рилєєва К. 12","name_build":"житл. буд.","date_build":"1907 р.","num_ohor_build":"255","moid":"9505408691154940","geom":{"type":"Point","coordinates":[24.01627964985476,49.836403661234414]},"note":null,"editor_id":null,"uid":null,"editor_date":null}},{"type":"Feature","geometry":{"type":"Point","coordinates":[24.041967939,49.834095995]},"properties":{"address":"Рильського М. 7","name_build":"житл. буд.","date_build":"поч. XX ст.","num_ohor_build":"2475","moid":"9505408691154941","geom":{"type":"Point","coordinates":[24.041967938600912,49.83409599462569]},"note":null,"editor_id":null,"uid":null,"editor_date":null}},{"type":"Feature","geometry":null,"properties":{"address":"Ринок пл. 22","name_build":"житл. буд. (житл. буд. \"Наше очко\")","date_build":"1893-1895 рр.","num_ohor_build":"256","moid":"9505408691154942","geom":null,"note":null,"editor_id":null,"uid":null,"editor_date":null}},{"type":"Feature","geometry":null,"properties":{"address":"Ринок пл. 32","name_build":"універмаг (житл.-адм.буд.)","date_build":"1912 р.","num_ohor_build":"257","moid":"9505408691154943","geom":null,"note":null,"editor_id":null,"uid":null,"editor_date":null}},{"type":"Feature","geometry":null,"properties":{"address":"братів Рогатинців 2","name_build":"житл. буд.","date_build":"поч. XIX ст.","num_ohor_build":"137","moid":"9505408691153920","geom":null,"note":null,"editor_id":null,"uid":null,"editor_date":null}},{"type":"Feature","geometry":null,"properties":{"address":"братів Рогатинців 4","name_build":"житл. буд.","date_build":"XVIII ст.","num_ohor_build":"941","moid":"9505408691153921","geom":null,"note":null,"editor_id":null,"uid":null,"editor_date":null}},{"type":"Feature","geometry":null,"properties":{"address":"братів Рогатинців 5","name_build":"житл. буд.","date_build":"поч. XX ст.","num_ohor_build":"942","moid":"9505408691153922","geom":null,"note":null,"editor_id":null,"uid":null,"editor_date":null}},{"type":"Feature","geometry":null,"properties":{"address":"братів Рогатинців 7","name_build":"адм.буд. (житл. буд.)","date_build":"XVI ст.","num_ohor_build":"943","moid":"9505408691153923","geom":null,"note":null,"editor_id":null,"uid":null,"editor_date":null}},{"type":"Feature","geometry":null,"properties":{"address":"братів Рогатинців 9","name_build":"житл. буд.","date_build":"XVIII ст.","num_ohor_build":"944","moid":"9505408691153924","geom":null,"note":null,"editor_id":null,"uid":null,"editor_date":null}},{"type":"Feature","geometry":null,"properties":{"address":"братів Рогатинців 11","name_build":"житл. буд.","date_build":"XVII ст.","num_ohor_build":"945","moid":"9505408691153925","geom":null,"note":null,"editor_id":null,"uid":null,"editor_date":null}},{"type":"Feature","geometry":null,"properties":{"address":"братів Рогатинців 12","name_build":"житл. буд.","date_build":"поч. XX ст.","num_ohor_build":"946","moid":"9505408691153926","geom":null,"note":null,"editor_id":null,"uid":null,"editor_date":null}},{"type":"Feature","geometry":null,"properties":{"address":"братів Рогатинців 13-15","name_build":"житл. буд.","date_build":"1912 р.","num_ohor_build":"138","moid":"9505408691153927","geom":null,"note":null,"editor_id":null,"uid":null,"editor_date":null}},{"type":"Feature","geometry":null,"properties":{"address":"братів Рогатинців 14","name_build":"житл. буд.","date_build":"поч. XX ст.","num_ohor_build":"947","moid":"9505408691153928","geom":null,"note":null,"editor_id":null,"uid":null,"editor_date":null}},{"type":"Feature","geometry":null,"properties":{"address":"братів Рогатинців 16","name_build":"житл. буд.","date_build":"поч. XX ст.","num_ohor_build":"948","moid":"9505408691153929","geom":null,"note":null,"editor_id":null,"uid":null,"editor_date":null}},{"type":"Feature","geometry":null,"properties":{"address":"братів Рогатинців 18","name_build":"житл. буд.","date_build":"XVIII ст.","num_ohor_build":"949","moid":"9505408691153930","geom":null,"note":null,"editor_id":null,"uid":null,"editor_date":null}},{"type":"Feature","geometry":null,"properties":{"address":"братів Рогатинців 19","name_build":"житл. буд.","date_build":"XVIII ст.","num_ohor_build":"950","moid":"9505408691153931","geom":null,"note":null,"editor_id":null,"uid":null,"editor_date":null}},{"type":"Feature","geometry":null,"properties":{"address":"братів Рогатинців 21","name_build":"житл. буд.","date_build":"XVIII ст.","num_ohor_build":"951","moid":"9505408691153932","geom":null,"note":null,"editor_id":null,"uid":null,"editor_date":null}},{"type":"Feature","geometry":null,"properties":{"address":"братів Рогатинців 22","name_build":"житл. буд.","date_build":"XVIII ст.","num_ohor_build":"952","moid":"9505408691153933","geom":null,"note":null,"editor_id":null,"uid":null,"editor_date":null}},{"type":"Feature","geometry":null,"properties":{"address":"братів Рогатинців 28","name_build":"житл. буд.","date_build":"XIX ст.","num_ohor_build":"953","moid":"9505408691153934","geom":null,"note":null,"editor_id":null,"uid":null,"editor_date":null}},{"type":"Feature","geometry":null,"properties":{"address":"братів Рогатинців 30","name_build":"житл. буд.","date_build":"XVIII ст.","num_ohor_build":"954","moid":"9505408691153935","geom":null,"note":null,"editor_id":null,"uid":null,"editor_date":null}},{"type":"Feature","geometry":null,"properties":{"address":"братів Рогатинців 39","name_build":"житл. буд.","date_build":"XVIII ст.","num_ohor_build":"955","moid":"9505408691153936","geom":null,"note":null,"editor_id":null,"uid":null,"editor_date":null}},{"type":"Feature","geometry":null,"properties":{"address":"братів Рогатинців 41","name_build":"житл. буд.","date_build":"XVIII ст.","num_ohor_build":"956","moid":"9505408691153937","geom":null,"note":null,"editor_id":null,"uid":null,"editor_date":null}},{"type":"Feature","geometry":null,"properties":{"address":"кн. Романа 1/3","name_build":"уч.корпус ЛПІ (адм.буд. палац Справедливості або будинок Крайового суду)","date_build":"1892 р.","num_ohor_build":"16","moid":"9505408691153938","geom":null,"note":null,"editor_id":null,"uid":null,"editor_date":null}},{"type":"Feature","geometry":null,"properties":{"address":"кн. Романа 2","name_build":"житл. буд.","date_build":"кін. XIX ст.","num_ohor_build":"1198","moid":"9505408691153939","geom":null,"note":null,"editor_id":null,"uid":null,"editor_date":null}},{"type":"Feature","geometry":null,"properties":{"address":"кн. Романа 4","name_build":"житл. буд.","date_build":"1912 р.","num_ohor_build":"2031","moid":"9505408691153940","geom":null,"note":null,"editor_id":null,"uid":null,"editor_date":null}},{"type":"Feature","geometry":null,"properties":{"address":"кн. Романа 5","name_build":"адм.буд. університету \"Львівська політехніка\" (гімназія ім.Франца Йосифа)","date_build":"1876 р.","num_ohor_build":"17","moid":"9505408691153941","geom":null,"note":null,"editor_id":null,"uid":null,"editor_date":null}},{"type":"Feature","geometry":null,"properties":{"address":"кн. Романа 6","name_build":"житл.-адм.буд. радіоцентр (банк \"Польської землі\")","date_build":"1912-1914 рр.","num_ohor_build":"1199","moid":"9505408691153942","geom":null,"note":null,"editor_id":null,"uid":null,"editor_date":null}},{"type":"Feature","geometry":null,"properties":{"address":"кн. Романа 9","name_build":"житл. буд.","date_build":"1936 р.","num_ohor_build":"18","moid":"9505408691153943","geom":null,"note":null,"editor_id":null,"uid":null,"editor_date":null}},{"type":"Feature","geometry":null,"properties":{"address":"кн. Романа 12/14","name_build":"житл. буд. (готель Австрія)","date_build":"1901 р.","num_ohor_build":"1200","moid":"9505408691153944","geom":null,"note":null,"editor_id":null,"uid":null,"editor_date":null}},{"type":"Feature","geometry":null,"properties":{"address":"кн. Романа 24","name_build":"житл. буд.","date_build":"30-ті XIX ст.","num_ohor_build":"1201","moid":"9505408691153945","geom":null,"note":null,"editor_id":null,"uid":null,"editor_date":null}},{"type":"Feature","geometry":null,"properties":{"address":"кн. Романа 26","name_build":"житл. буд. (адм.буд. французької нафтової компанії \"Прем'єр\")","date_build":"1913-1922 рр.","num_ohor_build":"1202","moid":"9505408691153946","geom":null,"note":null,"editor_id":null,"uid":null,"editor_date":null}},{"type":"Feature","geometry":null,"properties":{"address":"кн. Романа 32","name_build":"житл. буд.","date_build":"1911 р.","num_ohor_build":"1203","moid":"9505408691153947","geom":null,"note":null,"editor_id":null,"uid":null,"editor_date":null}},{"type":"Feature","geometry":null,"properties":{"address":"кн. Романа 34","name_build":"житл. буд.","date_build":"1909 р.","num_ohor_build":"1204","moid":"9505408691153948","geom":null,"note":null,"editor_id":null,"uid":null,"editor_date":null}},{"type":"Feature","geometry":{"type":"Point","coordinates":[24.030314702,49.838239887]},"properties":{"address":"Руданського С. 3","name_build":"житл. буд.","date_build":"1900 р.","num_ohor_build":"258","moid":"9505408691153949","geom":{"type":"Point","coordinates":[24.030314702159885,49.83823988683594]},"note":null,"editor_id":null,"uid":null,"editor_date":null}},{"type":"Feature","geometry":null,"properties":{"address":"акад. Рудницького С. 5","name_build":"вілла","date_build":"кін. XIX ст.","num_ohor_build":"2791","moid":"9505408691153950","geom":null,"note":null,"editor_id":null,"uid":null,"editor_date":null}},{"type":"Feature","geometry":null,"properties":{"address":"акад. Рудницького С. 6","name_build":"вілла","date_build":"кін. XIX ст.","num_ohor_build":"2792","moid":"9505408691153951","geom":null,"note":null,"editor_id":null,"uid":null,"editor_date":null}},{"type":"Feature","geometry":null,"properties":{"address":"акад. Рудницького С. 12","name_build":"вілла","date_build":"1910 р.","num_ohor_build":"2172","moid":"9505408691153952","geom":null,"note":null,"editor_id":null,"uid":null,"editor_date":null}},{"type":"Feature","geometry":null,"properties":{"address":"акад. Рудницького С. 15","name_build":"вілла","date_build":"1909-1910 рр.","num_ohor_build":"2173","moid":"9505408691153953","geom":null,"note":null,"editor_id":null,"uid":null,"editor_date":null}},{"type":"Feature","geometry":null,"properties":{"address":"акад. Рудницького С. 23","name_build":"вілла","date_build":"30-ті XX ст.","num_ohor_build":"2793","moid":"9505408691153954","geom":null,"note":null,"editor_id":null,"uid":null,"editor_date":null}},{"type":"Feature","geometry":null,"properties":{"address":"акад. Рудницького С. 25","name_build":"вілла","date_build":"1910 р.","num_ohor_build":"2174","moid":"9505408691153955","geom":null,"note":null,"editor_id":null,"uid":null,"editor_date":null}},{"type":"Feature","geometry":null,"properties":{"address":"акад. Рудницького С. 28","name_build":"вілла","date_build":"1910 р.","num_ohor_build":"2175","moid":"9505408691153956","geom":null,"note":null,"editor_id":null,"uid":null,"editor_date":null}},{"type":"Feature","geometry":null,"properties":{"address":"акад. Рудницького С. 54","name_build":"вілла","date_build":"кін. XIX ст.","num_ohor_build":"2794","moid":"9505408691153957","geom":null,"note":null,"editor_id":null,"uid":null,"editor_date":null}},{"type":"Feature","geometry":{"type":"Point","coordinates":[24.00716764,49.834496505]},"properties":{"address":"Русових 11","name_build":"адм.буд. (вілла Марконі)","date_build":"1878 р.","num_ohor_build":"2795","moid":"9505408691153958","geom":{"type":"Point","coordinates":[24.00716764029028,49.83449650473878]},"note":null,"editor_id":null,"uid":null,"editor_date":null}},{"type":"Feature","geometry":null,"properties":{"address":"Руставелі Ш. 8-8а","name_build":"житл. буд. (житл. буд. камяниця М.Штоффа та М.Кітца)","date_build":"1906 р.","num_ohor_build":"262","moid":"9505408691153959","geom":null,"note":null,"editor_id":null,"uid":null,"editor_date":null}},{"type":"Feature","geometry":{"type":"Point","coordinates":[24.034543947,49.83206786]},"properties":{"address":"Руставелі Ш. 18","name_build":"житл. буд.","date_build":"1906-1907 рр.","num_ohor_build":"1658","moid":"9505408691153960","geom":{"type":"Point","coordinates":[24.03454394683606,49.832067860478794]},"note":null,"editor_id":null,"uid":null,"editor_date":null}},{"type":"Feature","geometry":{"type":"Point","coordinates":[24.034386959,49.831672853]},"properties":{"address":"Руставелі Ш. 20","name_build":"житл. буд.","date_build":"1905-1907 рр.","num_ohor_build":"1659","moid":"9505408691153961","geom":{"type":"Point","coordinates":[24.034386958992364,49.83167285270298]},"note":null,"editor_id":null,"uid":null,"editor_date":null}},{"type":"Feature","geometry":{"type":"Point","coordinates":[24.034280963,49.831526849]},"properties":{"address":"Руставелі Ш. 22","name_build":"житл. буд.","date_build":"1906 р.","num_ohor_build":"263","moid":"9505408691153962","geom":{"type":"Point","coordinates":[24.034280963092908,49.831526849145924]},"note":null,"editor_id":null,"uid":null,"editor_date":null}},{"type":"Feature","geometry":{"type":"Point","coordinates":[24.034233966,49.831434847]},"properties":{"address":"Руставелі Ш. 24","name_build":"житл. буд.","date_build":"1908 р.","num_ohor_build":"664","moid":"9505408691153963","geom":{"type":"Point","coordinates":[24.0342339658388,49.83143484718631]},"note":null,"editor_id":null,"uid":null,"editor_date":null}},{"type":"Feature","geometry":{"type":"Point","coordinates":[24.033081984,49.83063582]},"properties":{"address":"Руставелі Ш. 32","name_build":"житл. буд.","date_build":"1909 р.","num_ohor_build":"790","moid":"9505408691153964","geom":{"type":"Point","coordinates":[24.03308198359851,49.830635819577715]},"note":null,"editor_id":null,"uid":null,"editor_date":null}},{"type":"Feature","geometry":{"type":"Point","coordinates":[24.033099989,49.830479818]},"properties":{"address":"Руставелі Ш. 34","name_build":"житл. буд.","date_build":"1906 р.","num_ohor_build":"265","moid":"9505408691153965","geom":{"type":"Point","coordinates":[24.033099989053916,49.830479817645895]},"note":null,"editor_id":null,"uid":null,"editor_date":null}},{"type":"Feature","geometry":{"type":"Point","coordinates":[24.032847995,49.830231811]},"properties":{"address":"Руставелі Ш. 36","name_build":"житл. буд.","date_build":"1911 р.","num_ohor_build":"266","moid":"9505408691153966","geom":{"type":"Point","coordinates":[24.032847995430103,49.8302318105796]},"note":null,"editor_id":null,"uid":null,"editor_date":null}},{"type":"Feature","geometry":null,"properties":{"address":"Соборна пл. 2","name_build":"житл. буд.","date_build":"1901-1902 рр.","num_ohor_build":"30","moid":"9505408691285155","geom":null,"note":null,"editor_id":null,"uid":null,"editor_date":null}},{"type":"Feature","geometry":{"type":"Point","coordinates":[24.032304003,49.829867798]},"properties":{"address":"Руставелі Ш. 42","name_build":"житл. буд.","date_build":"1908-1909 рр.","num_ohor_build":"1660","moid":"9505408691153967","geom":{"type":"Point","coordinates":[24.03230400336366,49.82986779772901]},"note":null,"editor_id":null,"uid":null,"editor_date":null}},{"type":"Feature","geometry":{"type":"Point","coordinates":[24.032060005,49.829759793]},"properties":{"address":"Руставелі Ш. 44","name_build":"житл. буд.","date_build":"1908-1909 рр.","num_ohor_build":"2197","moid":"9505408691153968","geom":{"type":"Point","coordinates":[24.032060005041714,49.829759792740305]},"note":null,"editor_id":null,"uid":null,"editor_date":null}},{"type":"Feature","geometry":{"type":"Point","coordinates":[24.034032607,49.841916991]},"properties":{"address":"Руська 3","name_build":"житл. буд.","date_build":"1887-1888 рр.","num_ohor_build":"247","moid":"9505408691153969","geom":{"type":"Point","coordinates":[24.03403260740878,49.84191699135462]},"note":null,"editor_id":null,"uid":null,"editor_date":null}},{"type":"Feature","geometry":null,"properties":{"address":"Руська 5","name_build":"житл. буд. (школа Ставропігійського інституту)","date_build":"XVIII ст.","num_ohor_build":"248","moid":"9505408691153970","geom":null,"note":null,"editor_id":null,"uid":null,"editor_date":null}},{"type":"Feature","geometry":{"type":"Point","coordinates":[24.034099616,49.841679989]},"properties":{"address":"Руська 16","name_build":"житл. буд.","date_build":"1908 р.","num_ohor_build":"1021","moid":"9505408691153971","geom":{"type":"Point","coordinates":[24.034099616026563,49.84167998898422]},"note":null,"editor_id":null,"uid":null,"editor_date":null}},{"type":"Feature","geometry":{"type":"Point","coordinates":[24.034323617,49.841707993]},"properties":{"address":"Руська 18","name_build":"житл.-адм.буд. (житл. буд.)","date_build":"1911-1912 рр.","num_ohor_build":"249","moid":"9505408691153972","geom":{"type":"Point","coordinates":[24.034323616906956,49.841707992566654]},"note":null,"editor_id":null,"uid":null,"editor_date":null}},{"type":"Feature","geometry":{"type":"Point","coordinates":[24.032246051,49.828447777]},"properties":{"address":"Рутковича І. 5","name_build":"житл. буд.","date_build":"поч. XX ст.","num_ohor_build":"937","moid":"9505408691153973","geom":{"type":"Point","coordinates":[24.03224605120275,49.828447776986366]},"note":null,"editor_id":null,"uid":null,"editor_date":null}},{"type":"Feature","geometry":{"type":"Point","coordinates":[24.032328055,49.828367777]},"properties":{"address":"Рутковича І. 7","name_build":"житл. буд.","date_build":"1937 р.","num_ohor_build":"2194","moid":"9505408691153974","geom":{"type":"Point","coordinates":[24.032328054595524,49.82836777703171]},"note":null,"editor_id":null,"uid":null,"editor_date":null}},{"type":"Feature","geometry":{"type":"Point","coordinates":[24.032506059,49.828287778]},"properties":{"address":"Рутковича І. 7а","name_build":"житл. буд.","date_build":"1939 р.","num_ohor_build":"2195","moid":"9505408691153975","geom":{"type":"Point","coordinates":[24.032506058773834,49.82828777844382]},"note":null,"editor_id":null,"uid":null,"editor_date":null}},{"type":"Feature","geometry":{"type":"Point","coordinates":[24.032692066,49.828127779]},"properties":{"address":"Рутковича І. 9","name_build":"вілла","date_build":"поч. XX ст.","num_ohor_build":"2796","moid":"9505408691153976","geom":{"type":"Point","coordinates":[24.032692065739344,49.82812777884772]},"note":null,"editor_id":null,"uid":null,"editor_date":null}},{"type":"Feature","geometry":{"type":"Point","coordinates":[24.032912073,49.82797578]},"properties":{"address":"Рутковича І. 11","name_build":"вілла (вілла Туллє)","date_build":"1884 р.","num_ohor_build":"2797","moid":"9505408691153978","geom":{"type":"Point","coordinates":[24.03291207271087,49.82797577984786]},"note":null,"editor_id":null,"uid":null,"editor_date":null}},{"type":"Feature","geometry":null,"properties":{"address":"Рутковича І. 13","name_build":"вілла","date_build":"поч. XX ст.","num_ohor_build":"2798","moid":"9505408691153979","geom":null,"note":null,"editor_id":null,"uid":null,"editor_date":null}},{"type":"Feature","geometry":{"type":"Point","coordinates":[24.03298009,49.827471774]},"properties":{"address":"Рутковича І. 18","name_build":"житл. буд.","date_build":"кін. XIX ст.","num_ohor_build":"763","moid":"9505408691153980","geom":{"type":"Point","coordinates":[24.032980090413826,49.82747177374686]},"note":null,"editor_id":null,"uid":null,"editor_date":null}},{"type":"Feature","geometry":{"type":"Point","coordinates":[24.056044831,49.840649287]},"properties":{"address":"Сагайдачного П. 3","name_build":"вілла","date_build":"30-ті XX ст.","num_ohor_build":"2801","moid":"9505408691153981","geom":{"type":"Point","coordinates":[24.056044830892947,49.84064928698715]},"note":null,"editor_id":null,"uid":null,"editor_date":null}},{"type":"Feature","geometry":{"type":"Point","coordinates":[24.056057844,49.840256282]},"properties":{"address":"Сагайдачного П. 4","name_build":"вілла","date_build":"30-ті XX ст.","num_ohor_build":"2802","moid":"9505408691153982","geom":{"type":"Point","coordinates":[24.05605784437762,49.84025628165772]},"note":null,"editor_id":null,"uid":null,"editor_date":null}},{"type":"Feature","geometry":{"type":"Point","coordinates":[24.05652384,49.840496292]},"properties":{"address":"Сагайдачного П. 7","name_build":"вілла","date_build":"30-ті XX ст.","num_ohor_build":"2803","moid":"9505408691153983","geom":{"type":"Point","coordinates":[24.056523840027747,49.84049629166011]},"note":null,"editor_id":null,"uid":null,"editor_date":null}},{"type":"Feature","geometry":{"type":"Point","coordinates":[24.056673843,49.840456293]},"properties":{"address":"Сагайдачного П. 9","name_build":"вілла","date_build":"30-ті XX ст.","num_ohor_build":"2804","moid":"9505408691153984","geom":{"type":"Point","coordinates":[24.056673842619,49.84045629323447]},"note":null,"editor_id":null,"uid":null,"editor_date":null}},{"type":"Feature","geometry":{"type":"Point","coordinates":[24.056759857,49.840048289]},"properties":{"address":"Сагайдачного П. 10","name_build":"вілла","date_build":"30-ті XX ст.","num_ohor_build":"2805","moid":"9505408691153985","geom":{"type":"Point","coordinates":[24.056759857212487,49.84004828873383]},"note":null,"editor_id":null,"uid":null,"editor_date":null}},{"type":"Feature","geometry":{"type":"Point","coordinates":[24.056983851,49.840280295]},"properties":{"address":"Сагайдачного П. 11","name_build":"вілла","date_build":"30-ті XX ст.","num_ohor_build":"2806","moid":"9505408691153986","geom":{"type":"Point","coordinates":[24.056983851151383,49.84028029517845]},"note":null,"editor_id":null,"uid":null,"editor_date":null}},{"type":"Feature","geometry":{"type":"Point","coordinates":[24.05746786,49.8401443]},"properties":{"address":"Сагайдачного П. 11а","name_build":"вілла","date_build":"30-ті XX ст.","num_ohor_build":"2807","moid":"9505408691153987","geom":{"type":"Point","coordinates":[24.05746785974855,49.84014430016106]},"note":null,"editor_id":null,"uid":null,"editor_date":null}},{"type":"Feature","geometry":{"type":"Point","coordinates":[24.032833815,49.835515884]},"properties":{"address":"Саксаганського П. 1","name_build":"житл. буд.","date_build":"1907 р.","num_ohor_build":"284","moid":"9505408691153988","geom":{"type":"Point","coordinates":[24.03283381549689,49.83551588449562]},"note":null,"editor_id":null,"uid":null,"editor_date":null}},{"type":"Feature","geometry":{"type":"Point","coordinates":[24.032902822,49.835345883]},"properties":{"address":"Саксаганського П. 3","name_build":"житл. буд.","date_build":"1910-1913 рр.","num_ohor_build":"285","moid":"9505408691153989","geom":{"type":"Point","coordinates":[24.03290282184768,49.83534588309357]},"note":null,"editor_id":null,"uid":null,"editor_date":null}},{"type":"Feature","geometry":{"type":"Point","coordinates":[24.032957828,49.835169881]},"properties":{"address":"Саксаганського П. 5","name_build":"житл. буд.","date_build":"1910-1911 рр.","num_ohor_build":"286","moid":"9505408691153990","geom":{"type":"Point","coordinates":[24.03295782828805,49.83516988140799]},"note":null,"editor_id":null,"uid":null,"editor_date":null}},{"type":"Feature","geometry":{"type":"Point","coordinates":[24.04196408,49.829927936]},"properties":{"address":"Сліпого Й. 12","name_build":"житл. буд.","date_build":"XIX ст.","num_ohor_build":"1374","moid":"9505408691153991","geom":{"type":"Point","coordinates":[24.041964080394347,49.82992793609898]},"note":null,"editor_id":null,"uid":null,"editor_date":null}},{"type":"Feature","geometry":{"type":"Point","coordinates":[24.032539831,49.834979873]},"properties":{"address":"Саксаганського П. 6","name_build":"житл.-адм.буд. (адм.буд. будинок Нотаріуса)","date_build":"1933-1936 рр.","num_ohor_build":"733","moid":"9505408691153992","geom":{"type":"Point","coordinates":[24.03253983133368,49.83497987279132]},"note":null,"editor_id":null,"uid":null,"editor_date":null}},{"type":"Feature","geometry":{"type":"Point","coordinates":[24.033003835,49.83499088]},"properties":{"address":"Саксаганського П. 7","name_build":"житл. буд.","date_build":"1911 р.","num_ohor_build":"287","moid":"9505408691153993","geom":{"type":"Point","coordinates":[24.033003834756794,49.8349908795522]},"note":null,"editor_id":null,"uid":null,"editor_date":null}},{"type":"Feature","geometry":{"type":"Point","coordinates":[24.03307084,49.834846878]},"properties":{"address":"Саксаганського П. 9","name_build":"житл. буд.","date_build":"1911-1913 рр.","num_ohor_build":"288","moid":"9505408691153994","geom":{"type":"Point","coordinates":[24.033070840206147,49.83484687848635]},"note":null,"editor_id":null,"uid":null,"editor_date":null}},{"type":"Feature","geometry":{"type":"Point","coordinates":[24.033177848,49.834641877]},"properties":{"address":"Саксаганського П. 11","name_build":"житл. буд.","date_build":"1911-1913 рр.","num_ohor_build":"289","moid":"9505408691153995","geom":{"type":"Point","coordinates":[24.033177848058912,49.83464187713439]},"note":null,"editor_id":null,"uid":null,"editor_date":null}},{"type":"Feature","geometry":{"type":"Point","coordinates":[24.033748867,49.83423488]},"properties":{"address":"Саксаганського П. 13","name_build":"адм.буд. (адм.буд. генеральної прокуратури і інспекції армії)","date_build":"1913-1921 рр.","num_ohor_build":"1377","moid":"9505408691153996","geom":{"type":"Point","coordinates":[24.033748866583966,49.834234879555524]},"note":null,"editor_id":null,"uid":null,"editor_date":null}},{"type":"Feature","geometry":{"type":"Point","coordinates":[24.036786027,49.830243867]},"properties":{"address":"Самійленка В. 2","name_build":"вілла","date_build":"поч. XX ст.","num_ohor_build":"2463","moid":"9505408691153997","geom":{"type":"Point","coordinates":[24.036786027251992,49.83024386681379]},"note":null,"editor_id":null,"uid":null,"editor_date":null}},{"type":"Feature","geometry":null,"properties":{"address":"Самійленка В. 5/7","name_build":"вілла","date_build":"поч. XX ст.","num_ohor_build":"2464","moid":"9505408691153998","geom":null,"note":null,"editor_id":null,"uid":null,"editor_date":null}},{"type":"Feature","geometry":null,"properties":{"address":"Самійленка В. 6/8","name_build":"вілла","date_build":"поч. XX ст.","num_ohor_build":"2466","moid":"9505408691153999","geom":null,"note":null,"editor_id":null,"uid":null,"editor_date":null}},{"type":"Feature","geometry":null,"properties":{"address":"Самійленка В. 9/11","name_build":"вілла","date_build":"поч. XX ст.","num_ohor_build":"2465","moid":"9505408691154000","geom":null,"note":null,"editor_id":null,"uid":null,"editor_date":null}},{"type":"Feature","geometry":null,"properties":{"address":"Самійленка В. 10/12","name_build":"вілла","date_build":"поч. XX ст.","num_ohor_build":"2467","moid":"9505408691154001","geom":null,"note":null,"editor_id":null,"uid":null,"editor_date":null}},{"type":"Feature","geometry":null,"properties":{"address":"Самійленка В. 13/15","name_build":"вілла","date_build":"поч. XX ст.","num_ohor_build":"2468","moid":"9505408691154002","geom":null,"note":null,"editor_id":null,"uid":null,"editor_date":null}},{"type":"Feature","geometry":{"type":"Point","coordinates":[24.032068113,49.826575748]},"properties":{"address":"Самчука У. 4","name_build":"житл. буд.","date_build":"1897-1898 рр.","num_ohor_build":"1367","moid":"9505408691154003","geom":{"type":"Point","coordinates":[24.032068113432803,49.82657574819585]},"note":null,"editor_id":null,"uid":null,"editor_date":null}},{"type":"Feature","geometry":{"type":"Point","coordinates":[24.032496131,49.826167749]},"properties":{"address":"Самчука У. 5","name_build":"вілла","date_build":"1894 р.","num_ohor_build":"1368","moid":"9505408691154004","geom":{"type":"Point","coordinates":[24.03249613081436,49.826167748566576]},"note":null,"editor_id":null,"uid":null,"editor_date":null}},{"type":"Feature","geometry":{"type":"Point","coordinates":[24.031820117,49.826407742]},"properties":{"address":"Самчука У. 6","name_build":"уч.корпус комерційної академії (вілла \"Любич\")","date_build":"1897 р.","num_ohor_build":"1369","moid":"9505408691154005","geom":{"type":"Point","coordinates":[24.03182011711874,49.82640774230887]},"note":null,"editor_id":null,"uid":null,"editor_date":null}},{"type":"Feature","geometry":{"type":"Point","coordinates":[24.031336167,49.824831713]},"properties":{"address":"Самчука У. 11","name_build":"житл. буд. гуртожиток (житл. буд.- пансіон благородних дівиць)","date_build":"1912 р.","num_ohor_build":"1370","moid":"9505408691154006","geom":{"type":"Point","coordinates":[24.031336166769584,49.824831713314126]},"note":null,"editor_id":null,"uid":null,"editor_date":null}},{"type":"Feature","geometry":{"type":"Point","coordinates":[24.028263227,49.822322634]},"properties":{"address":"Самчука У. 14","name_build":"уч.корпус (палац мистецтв)","date_build":"1894 р.","num_ohor_build":"1647","moid":"9505408691285079","geom":{"type":"Point","coordinates":[24.02826322697038,49.82232263437769]},"note":null,"editor_id":null,"uid":null,"editor_date":null}},{"type":"Feature","geometry":null,"properties":{"address":"акад. Сахарова А. 7","name_build":"адм.буд. (вілла)","date_build":"поч. XX ст.","num_ohor_build":"2476","moid":"9505408691285080","geom":null,"note":null,"editor_id":null,"uid":null,"editor_date":null}},{"type":"Feature","geometry":null,"properties":{"address":"акад. Сахарова А. 12","name_build":"житл. буд.","date_build":"поч. XX ст.","num_ohor_build":"2199","moid":"9505408691285081","geom":null,"note":null,"editor_id":null,"uid":null,"editor_date":null}},{"type":"Feature","geometry":{"type":"Point","coordinates":[24.02921651,49.843615947]},"properties":{"address":"Краківська 21","name_build":"церква Преображенська","date_build":"1877-1898 рр.","num_ohor_build":"961","moid":"9505408688926220","geom":{"type":"Point","coordinates":[24.029216510138056,49.84361594660604]},"note":null,"editor_id":null,"uid":null,"editor_date":null}},{"type":"Feature","geometry":null,"properties":{"address":"акад. Сахарова А. 32","name_build":"житл. буд.","date_build":"поч. XX ст.","num_ohor_build":"2477","moid":"9505408691285082","geom":null,"note":null,"editor_id":null,"uid":null,"editor_date":null}},{"type":"Feature","geometry":{"type":"Point","coordinates":[24.034660139,49.826435783]},"properties":{"address":"Свєнціцького І. 5","name_build":"житл. буд.","date_build":"1938-1939 рр.","num_ohor_build":"1356","moid":"9505408691285083","geom":{"type":"Point","coordinates":[24.03466013940562,49.826435783133114]},"note":null,"editor_id":null,"uid":null,"editor_date":null}},{"type":"Feature","geometry":{"type":"Point","coordinates":[24.034860169,49.825607774]},"properties":{"address":"Свєнціцького І. 8","name_build":"житл. буд.","date_build":"1930 р.","num_ohor_build":"1357","moid":"9505408691285084","geom":{"type":"Point","coordinates":[24.034860169208613,49.82560777436661]},"note":null,"editor_id":null,"uid":null,"editor_date":null}},{"type":"Feature","geometry":{"type":"Point","coordinates":[24.035056153,49.826119784]},"properties":{"address":"Свєнціцького І. 9","name_build":"житл. буд.","date_build":"1907 р.","num_ohor_build":"107","moid":"9505408691285085","geom":{"type":"Point","coordinates":[24.03505615339596,49.82611978433838]},"note":null,"editor_id":null,"uid":null,"editor_date":null}},{"type":"Feature","geometry":{"type":"Point","coordinates":[24.035094177,49.825439775]},"properties":{"address":"Свєнціцького І. 10","name_build":"житл. буд.","date_build":"1894 р.","num_ohor_build":"654","moid":"9505408691285086","geom":{"type":"Point","coordinates":[24.03509417683829,49.82543977534144]},"note":null,"editor_id":null,"uid":null,"editor_date":null}},{"type":"Feature","geometry":{"type":"Point","coordinates":[24.035260158,49.826027786]},"properties":{"address":"Свєнціцького І. 11","name_build":"житл. буд.","date_build":"1906-1907 рр.","num_ohor_build":"234","moid":"9505408691285087","geom":{"type":"Point","coordinates":[24.03526015819504,49.82602778595214]},"note":null,"editor_id":null,"uid":null,"editor_date":null}},{"type":"Feature","geometry":{"type":"Point","coordinates":[24.035248182,49.825335776]},"properties":{"address":"Свєнціцького І. 12","name_build":"житл. буд.","date_build":"1909 р.","num_ohor_build":"655","moid":"9505408691285088","geom":{"type":"Point","coordinates":[24.035248181636234,49.825335776075065]},"note":null,"editor_id":null,"uid":null,"editor_date":null}},{"type":"Feature","geometry":{"type":"Point","coordinates":[24.035378162,49.825943786]},"properties":{"address":"Свєнціцького І. 13","name_build":"житл. буд.","date_build":"поч. XX ст.","num_ohor_build":"1664","moid":"9505408691285089","geom":{"type":"Point","coordinates":[24.03537816201817,49.8259437864538]},"note":null,"editor_id":null,"uid":null,"editor_date":null}},{"type":"Feature","geometry":{"type":"Point","coordinates":[24.036613194,49.825299795]},"properties":{"address":"Свєнціцького І. 17","name_build":"акад. богословська (гімназія жіноча)","date_build":"1924-1926 рр.","num_ohor_build":"1665","moid":"9505408691285090","geom":{"type":"Point","coordinates":[24.03661319403202,49.82529979500225]},"note":null,"editor_id":null,"uid":null,"editor_date":null}},{"type":"Feature","geometry":null,"properties":{"address":"Свободи пр. 1/3","name_build":"житл.-адм.буд. (адм.буд. будинок Гауснера, земське кредитне товариство)","date_build":"1809-1822 рр.","num_ohor_build":"147","moid":"9505408691285091","geom":null,"note":null,"editor_id":null,"uid":null,"editor_date":null}},{"type":"Feature","geometry":null,"properties":{"address":"Свободи пр. 7","name_build":"житл. буд.","date_build":"п.п. XIX ст.","num_ohor_build":"613","moid":"9505408691285092","geom":null,"note":null,"editor_id":null,"uid":null,"editor_date":null}},{"type":"Feature","geometry":null,"properties":{"address":"Свободи пр. 10","name_build":"житл. буд. (банк Кредитний)","date_build":"1898 р.","num_ohor_build":"614","moid":"9505408691285093","geom":null,"note":null,"editor_id":null,"uid":null,"editor_date":null}},{"type":"Feature","geometry":null,"properties":{"address":"Свободи пр. 11","name_build":"житл.-адм.буд. (готель Центральний)","date_build":"1882-1884 рр.","num_ohor_build":"1667","moid":"9505408691285094","geom":null,"note":null,"editor_id":null,"uid":null,"editor_date":null}},{"type":"Feature","geometry":null,"properties":{"address":"Свободи пр. 12","name_build":"адм.буд. Центр освіти (житл.-адм.буд.)","date_build":"1829 р.","num_ohor_build":"1321","moid":"9505408691285095","geom":null,"note":null,"editor_id":null,"uid":null,"editor_date":null}},{"type":"Feature","geometry":null,"properties":{"address":"Свободи пр. 13","name_build":"готель Гранд","date_build":"1892-1893 рр.","num_ohor_build":"1668","moid":"9505408691285096","geom":null,"note":null,"editor_id":null,"uid":null,"editor_date":null}},{"type":"Feature","geometry":null,"properties":{"address":"Соборна пл. 2а","name_build":"житл. буд.","date_build":"1901-1902 рр.","num_ohor_build":"31","moid":"9505408691285156","geom":null,"note":null,"editor_id":null,"uid":null,"editor_date":null}},{"type":"Feature","geometry":null,"properties":{"address":"Соборна пл. 3","name_build":"житл. буд.","date_build":"XVIII ст.","num_ohor_build":"869","moid":"9505408691285157","geom":null,"note":null,"editor_id":null,"uid":null,"editor_date":null}},{"type":"Feature","geometry":null,"properties":{"address":"Свободи пр. 15","name_build":"музей Етнографії та художніх промислів (адм.буд. Галицька ощадна каса)","date_build":"1889-1891 рр.","num_ohor_build":"148","moid":"9505408691285097","geom":null,"note":null,"editor_id":null,"uid":null,"editor_date":null}},{"type":"Feature","geometry":null,"properties":{"address":"Свободи пр. 19","name_build":"адм.буд. (житл. буд.)","date_build":"XIX ст.","num_ohor_build":"1669","moid":"9505408691285098","geom":null,"note":null,"editor_id":null,"uid":null,"editor_date":null}},{"type":"Feature","geometry":null,"properties":{"address":"Свободи пр. 20","name_build":"музей національний (музей художніх промислів)","date_build":"1898-1904 рр.","num_ohor_build":"199-Лв","moid":"9505408691285099","geom":null,"note":null,"editor_id":null,"uid":null,"editor_date":null}},{"type":"Feature","geometry":null,"properties":{"address":"Свободи пр. 21","name_build":"адм.буд. (готель)","date_build":"1884 р.","num_ohor_build":"1322","moid":"9505408691285100","geom":null,"note":null,"editor_id":null,"uid":null,"editor_date":null}},{"type":"Feature","geometry":null,"properties":{"address":"Свободи пр. 22","name_build":"житл. буд.","date_build":"XIX ст.","num_ohor_build":"985","moid":"9505408691285101","geom":null,"note":null,"editor_id":null,"uid":null,"editor_date":null}},{"type":"Feature","geometry":null,"properties":{"address":"Свободи пр. 23","name_build":"житл. буд.","date_build":"XIX ст.","num_ohor_build":"1323","moid":"9505408691285102","geom":null,"note":null,"editor_id":null,"uid":null,"editor_date":null}},{"type":"Feature","geometry":null,"properties":{"address":"Свободи пр. 24","name_build":"житл. буд.","date_build":"1836-1837 рр.","num_ohor_build":"986","moid":"9505408691285103","geom":null,"note":null,"editor_id":null,"uid":null,"editor_date":null}},{"type":"Feature","geometry":null,"properties":{"address":"Свободи пр. 25","name_build":"житл. буд.","date_build":"1871-1879 рр.","num_ohor_build":"1324","moid":"9505408691285104","geom":null,"note":null,"editor_id":null,"uid":null,"editor_date":null}},{"type":"Feature","geometry":null,"properties":{"address":"Свободи пр. 27","name_build":"житл.-адм.буд. (готель \"Belle Vue\")","date_build":"1895-1896 рр.","num_ohor_build":"1325","moid":"9505408691285105","geom":null,"note":null,"editor_id":null,"uid":null,"editor_date":null}},{"type":"Feature","geometry":null,"properties":{"address":"Свободи пр. 29","name_build":"житл.-адм.буд. (житл. буд.)","date_build":"1901-1902 рр.","num_ohor_build":"771","moid":"9505408691285106","geom":null,"note":null,"editor_id":null,"uid":null,"editor_date":null}},{"type":"Feature","geometry":null,"properties":{"address":"Свободи пр. 31","name_build":"житл. буд.","date_build":"1873-1874 рр.","num_ohor_build":"1326","moid":"9505408691285107","geom":null,"note":null,"editor_id":null,"uid":null,"editor_date":null}},{"type":"Feature","geometry":null,"properties":{"address":"Свободи пр. 35","name_build":"житл. буд. (торг.пасаж \"Феллерів\")","date_build":"1902 р.","num_ohor_build":"150","moid":"9505408691285108","geom":null,"note":null,"editor_id":null,"uid":null,"editor_date":null}},{"type":"Feature","geometry":null,"properties":{"address":"Свободи пр. 39","name_build":"житл. буд.","date_build":"XIX ст.","num_ohor_build":"1670","moid":"9505408691285109","geom":null,"note":null,"editor_id":null,"uid":null,"editor_date":null}},{"type":"Feature","geometry":null,"properties":{"address":"Свободи пр. 49","name_build":"житл. буд.","date_build":"XIX ст.","num_ohor_build":"1671","moid":"9505408691285111","geom":null,"note":null,"editor_id":null,"uid":null,"editor_date":null}},{"type":"Feature","geometry":null,"properties":{"address":"кн. Святослава пл. 6","name_build":"житл. буд.","date_build":"поч. XX ст.","num_ohor_build":"2166","moid":"9505408691285112","geom":null,"note":null,"editor_id":null,"uid":null,"editor_date":null}},{"type":"Feature","geometry":null,"properties":{"address":"Федорова І. 15","name_build":"житл. буд.","date_build":"XIX ст.","num_ohor_build":"354","moid":"9505408691023191","geom":null,"note":null,"editor_id":null,"uid":null,"editor_date":null}},{"type":"Feature","geometry":null,"properties":{"address":"кн. Святослава пл. 7","name_build":"житл. буд.","date_build":"поч. XX ст.","num_ohor_build":"2167","moid":"9505408691285113","geom":null,"note":null,"editor_id":null,"uid":null,"editor_date":null}},{"type":"Feature","geometry":{"type":"Point","coordinates":[24.042483813,49.837912056]},"properties":{"address":"Севастопольська 4","name_build":"житл. буд.","date_build":"1904-1905 рр.","num_ohor_build":"1026","moid":"9505408691285114","geom":{"type":"Point","coordinates":[24.042483812948895,49.83791205550554]},"note":null,"editor_id":null,"uid":null,"editor_date":null}},{"type":"Feature","geometry":{"type":"Point","coordinates":[24.042707815,49.837892058]},"properties":{"address":"Севастопольська 6","name_build":"житл. буд.","date_build":"1904 р.","num_ohor_build":"1027","moid":"9505408691285115","geom":{"type":"Point","coordinates":[24.042707815464176,49.83789205841432]},"note":null,"editor_id":null,"uid":null,"editor_date":null}},{"type":"Feature","geometry":{"type":"Point","coordinates":[24.04308181,49.838128067]},"properties":{"address":"Севастопольська 7","name_build":"житл. буд.","date_build":"1904 р.","num_ohor_build":"1028","moid":"9505408691285116","geom":{"type":"Point","coordinates":[24.043081810494087,49.83812806705019]},"note":null,"editor_id":null,"uid":null,"editor_date":null}},{"type":"Feature","geometry":{"type":"Point","coordinates":[24.042939818,49.837872061]},"properties":{"address":"Севастопольська 8","name_build":"житл. буд.","date_build":"1905 р.","num_ohor_build":"1029","moid":"9505408691285117","geom":{"type":"Point","coordinates":[24.042939818045017,49.83787206143698]},"note":null,"editor_id":null,"uid":null,"editor_date":null}},{"type":"Feature","geometry":{"type":"Point","coordinates":[24.043379814,49.838096071]},"properties":{"address":"Севастопольська 9","name_build":"житл. буд.","date_build":"1904-1905 рр.","num_ohor_build":"1030","moid":"9505408691285118","geom":{"type":"Point","coordinates":[24.043379814024007,49.838096070844244]},"note":null,"editor_id":null,"uid":null,"editor_date":null}},{"type":"Feature","geometry":null,"properties":{"address":"Сербська 4-6","name_build":"житл. буд.","date_build":"кін. XIX ст.","num_ohor_build":"1022","moid":"9505408691285119","geom":null,"note":null,"editor_id":null,"uid":null,"editor_date":null}},{"type":"Feature","geometry":{"type":"Point","coordinates":[24.033407646,49.840643965]},"properties":{"address":"Сербська 13","name_build":"житл. буд.","date_build":"1911 р.","num_ohor_build":"282","moid":"9505408691285120","geom":{"type":"Point","coordinates":[24.033407645634146,49.840643964598286]},"note":null,"editor_id":null,"uid":null,"editor_date":null}},{"type":"Feature","geometry":null,"properties":{"address":"700-річчя Львова пл. 2","name_build":"адм.буд. (адм.буд.)","date_build":"кін. XIX ст.","num_ohor_build":"2808","moid":"9505408691285121","geom":null,"note":null,"editor_id":null,"uid":null,"editor_date":null}},{"type":"Feature","geometry":null,"properties":{"address":"Січових Стрільців 1","name_build":"житл. буд.","date_build":"XIX ст.","num_ohor_build":"47","moid":"9505408691285122","geom":null,"note":null,"editor_id":null,"uid":null,"editor_date":null}},{"type":"Feature","geometry":{"type":"Point","coordinates":[24.025362557,49.84131986]},"properties":{"address":"Січових Стрільців 2","name_build":"житл.-адм.буд. (житл.-адм.буд. графа Карницького)","date_build":"1846 р.","num_ohor_build":"48","moid":"9505408691285123","geom":{"type":"Point","coordinates":[24.025362556780703,49.841319859520326]},"note":null,"editor_id":null,"uid":null,"editor_date":null}},{"type":"Feature","geometry":{"type":"Point","coordinates":[24.025525573,49.840879856]},"properties":{"address":"Січових Стрільців 3","name_build":"адм.буд. (адм.буд. Дирекція державних залізниць)","date_build":"1885-1888 рр.","num_ohor_build":"49","moid":"9505408691285124","geom":{"type":"Point","coordinates":[24.02552557309545,49.84087985567029]},"note":null,"editor_id":null,"uid":null,"editor_date":null}},{"type":"Feature","geometry":{"type":"Point","coordinates":[24.025039561,49.841114852]},"properties":{"address":"Січових Стрільців 4","name_build":"житл. буд.","date_build":"XIX ст.","num_ohor_build":"772","moid":"9505408691285125","geom":{"type":"Point","coordinates":[24.025039561117946,49.84111485204552]},"note":null,"editor_id":null,"uid":null,"editor_date":null}},{"type":"Feature","geometry":{"type":"Point","coordinates":[24.025227577,49.840707849]},"properties":{"address":"Січових Стрільців 5","name_build":"адм.буд. ощадбанк (житл.-адм.буд.)","date_build":"1896 р.","num_ohor_build":"870","moid":"9505408691285126","geom":{"type":"Point","coordinates":[24.025227576513494,49.84070784901438]},"note":null,"editor_id":null,"uid":null,"editor_date":null}},{"type":"Feature","geometry":{"type":"Point","coordinates":[24.024816565,49.840957847]},"properties":{"address":"Січових Стрільців 6","name_build":"бібл. медінституту (житл. буд. Бадені)","date_build":"XIX ст.","num_ohor_build":"50","moid":"9505408691285127","geom":{"type":"Point","coordinates":[24.024816564639025,49.84095784666798]},"note":null,"editor_id":null,"uid":null,"editor_date":null}},{"type":"Feature","geometry":{"type":"Point","coordinates":[24.024715582,49.840415838]},"properties":{"address":"Січових Стрільців 9","name_build":"адм.буд. (банк Австро-угорський)","date_build":"1897 р.","num_ohor_build":"51","moid":"9505408691285128","geom":{"type":"Point","coordinates":[24.02471558226638,49.84041583762805]},"note":null,"editor_id":null,"uid":null,"editor_date":null}},{"type":"Feature","geometry":{"type":"Point","coordinates":[24.023794581,49.840230822]},"properties":{"address":"Січових Стрільців 12","name_build":"житл. буд. (житл.-адм.буд. кам'яниця Рогатина)","date_build":"1912-1913 рр.","num_ohor_build":"871","moid":"9505408691285129","geom":{"type":"Point","coordinates":[24.02379458103039,49.840230821918254]},"note":null,"editor_id":null,"uid":null,"editor_date":null}},{"type":"Feature","geometry":{"type":"Point","coordinates":[24.023367586,49.839972812]},"properties":{"address":"Січових Стрільців 14","name_build":"уч.корпус університету (банк)","date_build":"1883-1884 рр.","num_ohor_build":"52","moid":"9505408691285130","geom":{"type":"Point","coordinates":[24.023367586321275,49.83997281221929]},"note":null,"editor_id":null,"uid":null,"editor_date":null}},{"type":"Feature","geometry":{"type":"Point","coordinates":[24.034031927,49.83252786]},"properties":{"address":"Скельна 5","name_build":"житл. буд.","date_build":"1898 р.","num_ohor_build":"272","moid":"9505408691285131","geom":{"type":"Point","coordinates":[24.034031926992057,49.832527859641395]},"note":null,"editor_id":null,"uid":null,"editor_date":null}},{"type":"Feature","geometry":{"type":"Point","coordinates":[24.04230807,49.830311946]},"properties":{"address":"Сліпого Й. 8а","name_build":"навч. закл. (вілла)","date_build":"XIX ст.","num_ohor_build":"663","moid":"9505408691285132","geom":{"type":"Point","coordinates":[24.042308070145946,49.83031194638314]},"note":null,"editor_id":null,"uid":null,"editor_date":null}},{"type":"Feature","geometry":{"type":"Point","coordinates":[24.042614083,49.830018947]},"properties":{"address":"Сліпого Й. 9","name_build":"навч. закл. (житл. буд.)","date_build":"поч. XX ст.","num_ohor_build":"1017","moid":"9505408691285133","geom":{"type":"Point","coordinates":[24.04261408262052,49.83001894662925]},"note":null,"editor_id":null,"uid":null,"editor_date":null}},{"type":"Feature","geometry":{"type":"Point","coordinates":[24.042487087,49.829847942]},"properties":{"address":"Сліпого Й. 11","name_build":"навч. закл. (житл. буд.)","date_build":"XIX ст.","num_ohor_build":"1373","moid":"9505408691285134","geom":{"type":"Point","coordinates":[24.042487087398595,49.8298479424224]},"note":null,"editor_id":null,"uid":null,"editor_date":null}},{"type":"Feature","geometry":{"type":"Point","coordinates":[24.040766072,49.829899919]},"properties":{"address":"Сліпого Й. 16","name_build":"житл. буд.","date_build":"поч. XX ст.","num_ohor_build":"2482","moid":"9505408691285135","geom":{"type":"Point","coordinates":[24.04076607153817,49.82989991865079]},"note":null,"editor_id":null,"uid":null,"editor_date":null}},{"type":"Feature","geometry":{"type":"Point","coordinates":[24.041715101,49.829269923]},"properties":{"address":"Сліпого Й. 21","name_build":"житл. буд.","date_build":"XIX ст.","num_ohor_build":"1375","moid":"9505408691285136","geom":{"type":"Point","coordinates":[24.041715100742554,49.82926992332362]},"note":null,"editor_id":null,"uid":null,"editor_date":null}},{"type":"Feature","geometry":{"type":"Point","coordinates":[24.040313076,49.829655909]},"properties":{"address":"Сліпого Й. 27","name_build":"житл. буд.","date_build":"1833 р.","num_ohor_build":"1376","moid":"9505408691285137","geom":{"type":"Point","coordinates":[24.040313076131053,49.829655908778825]},"note":null,"editor_id":null,"uid":null,"editor_date":null}},{"type":"Feature","geometry":null,"properties":{"address":null,"name_build":"(житл. буд.)","date_build":null,"num_ohor_build":null,"moid":"9505408689057430","geom":null,"note":null,"editor_id":null,"uid":null,"editor_date":null}},{"type":"Feature","geometry":{"type":"Point","coordinates":[24.047486207,49.827535981]},"properties":{"address":"Слободівни М. 3","name_build":"вілла","date_build":"30-ті XX ст.","num_ohor_build":"2809","moid":"9505408691285138","geom":{"type":"Point","coordinates":[24.047486206992094,49.827535981153936]},"note":null,"editor_id":null,"uid":null,"editor_date":null}},{"type":"Feature","geometry":{"type":"Point","coordinates":[24.047578204,49.827631984]},"properties":{"address":"Слободівни М. 5","name_build":"вілла","date_build":"30-ті XX ст.","num_ohor_build":"2810","moid":"9505408691285139","geom":{"type":"Point","coordinates":[24.047578204479894,49.82763198381041]},"note":null,"editor_id":null,"uid":null,"editor_date":null}},{"type":"Feature","geometry":null,"properties":{"address":"ген. Чупринки Т. 28","name_build":"житл. буд.","date_build":"1904 р.","num_ohor_build":"208","moid":"9505408691154407","geom":null,"note":null,"editor_id":null,"uid":null,"editor_date":null}},{"type":"Feature","geometry":{"type":"Point","coordinates":[24.0477602,49.827819989]},"properties":{"address":"Слободівни М. 7","name_build":"вілла","date_build":"30-ті XX ст.","num_ohor_build":"2811","moid":"9505408691285140","geom":{"type":"Point","coordinates":[24.047760199575166,49.82781998903877]},"note":null,"editor_id":null,"uid":null,"editor_date":null}},{"type":"Feature","geometry":{"type":"Point","coordinates":[24.024178684,49.837302786]},"properties":{"address":"Словацького Ю. 1","name_build":"адм.буд. пошта (адм.буд.)","date_build":"1919-1920 рр.","num_ohor_build":"271","moid":"9505408691285141","geom":{"type":"Point","coordinates":[24.024178683851932,49.837302786321395]},"note":null,"editor_id":null,"uid":null,"editor_date":null}},{"type":"Feature","geometry":null,"properties":{"address":"Словацького Ю. 2/4","name_build":"житл. буд.","date_build":"1913 р.","num_ohor_build":"754","moid":"9505408691285142","geom":null,"note":null,"editor_id":null,"uid":null,"editor_date":null}},{"type":"Feature","geometry":{"type":"Point","coordinates":[24.023175648,49.838123784]},"properties":{"address":"Словацького Ю. 3","name_build":"житл. буд.","date_build":"поч. XX ст.","num_ohor_build":"1032","moid":"9505408691285143","geom":{"type":"Point","coordinates":[24.023175647698906,49.8381237835534]},"note":null,"editor_id":null,"uid":null,"editor_date":null}},{"type":"Feature","geometry":{"type":"Point","coordinates":[24.023279635,49.838523791]},"properties":{"address":"Словацького Ю. 14","name_build":"адм.буд. (житл. буд.)","date_build":"1898 р. 1912 р.","num_ohor_build":"1033","moid":"9505408691285144","geom":{"type":"Point","coordinates":[24.02327963493239,49.83852379064423]},"note":null,"editor_id":null,"uid":null,"editor_date":null}},{"type":"Feature","geometry":{"type":"Point","coordinates":[24.029697381,49.847534008]},"properties":{"address":"Смерекова 3/5","name_build":"житл. буд.","date_build":"XIX ст.","num_ohor_build":"276","moid":"9505408691285145","geom":{"type":"Point","coordinates":[24.02969738064391,49.847534008412026]},"note":null,"editor_id":null,"uid":null,"editor_date":null}},{"type":"Feature","geometry":{"type":"Point","coordinates":[24.039763712,49.840224049]},"properties":{"address":"Смольського Г. 3","name_build":"житл. буд. (житл.-адм.буд. пансіонат \"Гротгер\")","date_build":"1892 р.","num_ohor_build":"558","moid":"9505408691285146","geom":{"type":"Point","coordinates":[24.039763711970934,49.840224049210846]},"note":null,"editor_id":null,"uid":null,"editor_date":null}},{"type":"Feature","geometry":{"type":"Point","coordinates":[24.039785706,49.840404052]},"properties":{"address":"Смольського Г. 5","name_build":"житл. буд.","date_build":"1892 р.","num_ohor_build":"559","moid":"9505408691285147","geom":{"type":"Point","coordinates":[24.039785706023203,49.84040405204922]},"note":null,"editor_id":null,"uid":null,"editor_date":null}},{"type":"Feature","geometry":{"type":"Point","coordinates":[24.040219712,49.840336057]},"properties":{"address":"Смольського Г. 6","name_build":"житл. буд. (житл. буд. пансіонат \"Гротгер\")","date_build":"1910-1911 рр.","num_ohor_build":"1579","moid":"9505408691285148","geom":{"type":"Point","coordinates":[24.040219711892192,49.84033605727495]},"note":null,"editor_id":null,"uid":null,"editor_date":null}},{"type":"Feature","geometry":{"type":"Point","coordinates":[24.0397917,49.840568054]},"properties":{"address":"Смольського Г. 7","name_build":"житл. буд.","date_build":"XIX ст.","num_ohor_build":"560","moid":"9505408691285149","geom":{"type":"Point","coordinates":[24.039791700489104,49.84056805443531]},"note":null,"editor_id":null,"uid":null,"editor_date":null}},{"type":"Feature","geometry":{"type":"Point","coordinates":[24.040243706,49.84050406]},"properties":{"address":"Смольського Г. 8","name_build":"житл. буд.","date_build":"1889-1890 рр.","num_ohor_build":"561","moid":"9505408691285150","geom":{"type":"Point","coordinates":[24.040243706369353,49.84050405997348]},"note":null,"editor_id":null,"uid":null,"editor_date":null}},{"type":"Feature","geometry":{"type":"Point","coordinates":[24.030682486,49.844680982]},"properties":{"address":"Сніжна 2","name_build":"житл. буд.","date_build":"XIX ст.","num_ohor_build":"283","moid":"9505408691285151","geom":{"type":"Point","coordinates":[24.030682485870138,49.84468098242093]},"note":null,"editor_id":null,"uid":null,"editor_date":null}},{"type":"Feature","geometry":{"type":"Point","coordinates":[24.030597473,49.845052986]},"properties":{"address":"Сніжна 5","name_build":"житл. буд.","date_build":"поч. XX ст.","num_ohor_build":"1024","moid":"9505408691285152","geom":{"type":"Point","coordinates":[24.030597472506216,49.84505298642843]},"note":null,"editor_id":null,"uid":null,"editor_date":null}},{"type":"Feature","geometry":{"type":"Point","coordinates":[24.037724216,49.824931806]},"properties":{"address":"Снопківська 47","name_build":"уч.корпус (школа промислова)","date_build":"1909-1911 рр.","num_ohor_build":"281","moid":"9505408691285153","geom":{"type":"Point","coordinates":[24.037724215642683,49.82493180565646]},"note":null,"editor_id":null,"uid":null,"editor_date":null}},{"type":"Feature","geometry":null,"properties":{"address":"Соборна пл. 1","name_build":"житл. буд.","date_build":"1901-1902 рр.","num_ohor_build":"29","moid":"9505408691285154","geom":null,"note":null,"editor_id":null,"uid":null,"editor_date":null}},{"type":"Feature","geometry":null,"properties":{"address":"Соборна пл. 5","name_build":"адм.буд. (готель Варшавський)","date_build":"60-ті XIX ст.","num_ohor_build":"565","moid":"9505408691285158","geom":null,"note":null,"editor_id":null,"uid":null,"editor_date":null}},{"type":"Feature","geometry":null,"properties":{"address":"Соборна пл. 6","name_build":"адм.буд. (адм.буд.)","date_build":"1839-1840 рр.","num_ohor_build":"566","moid":"9505408691285159","geom":null,"note":null,"editor_id":null,"uid":null,"editor_date":null}},{"type":"Feature","geometry":null,"properties":{"address":"Соборна пл. 7","name_build":"адм.буд. (готель \"Краківський\")","date_build":"1913-1914 рр.","num_ohor_build":"33","moid":"9505408691285160","geom":null,"note":null,"editor_id":null,"uid":null,"editor_date":null}},{"type":"Feature","geometry":null,"properties":{"address":"Соборна пл. 9","name_build":"житл.-адм.буд. (житл. буд.)","date_build":"1882 р.","num_ohor_build":"34","moid":"9505408691285161","geom":null,"note":null,"editor_id":null,"uid":null,"editor_date":null}},{"type":"Feature","geometry":null,"properties":{"address":"Соборна пл. 10","name_build":"житл. буд.","date_build":"1888 р.","num_ohor_build":"35","moid":"9505408691285162","geom":null,"note":null,"editor_id":null,"uid":null,"editor_date":null}},{"type":"Feature","geometry":null,"properties":{"address":"Соборна пл. 11","name_build":"житл. буд.","date_build":"1881 р.","num_ohor_build":"36","moid":"9505408691285163","geom":null,"note":null,"editor_id":null,"uid":null,"editor_date":null}},{"type":"Feature","geometry":null,"properties":{"address":"Соборна пл. 12","name_build":"житл. буд.","date_build":"1876 р.","num_ohor_build":"37","moid":"9505408691285164","geom":null,"note":null,"editor_id":null,"uid":null,"editor_date":null}},{"type":"Feature","geometry":null,"properties":{"address":"Соборна пл. 12а","name_build":"житл. буд.","date_build":"1878 р.","num_ohor_build":"1222","moid":"9505408691285165","geom":null,"note":null,"editor_id":null,"uid":null,"editor_date":null}},{"type":"Feature","geometry":null,"properties":{"address":"Соборна пл. 14","name_build":"житл. буд.","date_build":"1911 р.","num_ohor_build":"1223","moid":"9505408691285166","geom":null,"note":null,"editor_id":null,"uid":null,"editor_date":null}},{"type":"Feature","geometry":null,"properties":{"address":"Соборна пл. 15","name_build":"житл. буд.","date_build":"кін. XIX ст.","num_ohor_build":"567","moid":"9505408691285167","geom":null,"note":null,"editor_id":null,"uid":null,"editor_date":null}},{"type":"Feature","geometry":null,"properties":{"address":"Сосюри В. 1","name_build":"житл. буд. (нар. дім)","date_build":"поч. XX ст.","num_ohor_build":"2481","moid":"9505408691285168","geom":null,"note":null,"editor_id":null,"uid":null,"editor_date":null}},{"type":"Feature","geometry":{"type":"Point","coordinates":[24.032561566,49.842767982]},"properties":{"address":"Ставропігійська 3","name_build":"фліґель","date_build":"XVI ст.","num_ohor_build":"1025","moid":"9505408691285169","geom":{"type":"Point","coordinates":[24.032561566391653,49.842767982344924]},"note":null,"editor_id":null,"uid":null,"editor_date":null}},{"type":"Feature","geometry":{"type":"Point","coordinates":[24.033059576,49.842611987]},"properties":{"address":"Ставропігійська 4","name_build":"житл. буд.","date_build":"XVII ст.","num_ohor_build":"273","moid":"9505408691285170","geom":{"type":"Point","coordinates":[24.033059575779905,49.84261198724819]},"note":null,"editor_id":null,"uid":null,"editor_date":null}},{"type":"Feature","geometry":{"type":"Point","coordinates":[24.033035565,49.842915991]},"properties":{"address":"Ставропігійська 11","name_build":"житл. буд.","date_build":"XVII ст.","num_ohor_build":"274","moid":"9505408691285171","geom":{"type":"Point","coordinates":[24.033035565232307,49.842915991170685]},"note":null,"editor_id":null,"uid":null,"editor_date":null}},{"type":"Feature","geometry":{"type":"Point","coordinates":[24.010223676,49.834170544]},"properties":{"address":"Старицького М. 4","name_build":"житл. буд.","date_build":"1813 р.","num_ohor_build":"269","moid":"9505408691285172","geom":{"type":"Point","coordinates":[24.01022367636001,49.83417054368549]},"note":null,"editor_id":null,"uid":null,"editor_date":null}},{"type":"Feature","geometry":{"type":"Point","coordinates":[24.010015669,49.834343543]},"properties":{"address":"Старицького М. 8","name_build":"житл. буд.","date_build":"1912 р.","num_ohor_build":"270","moid":"9505408691285173","geom":{"type":"Point","coordinates":[24.010015668771587,49.83434354314932]},"note":null,"editor_id":null,"uid":null,"editor_date":null}},{"type":"Feature","geometry":{"type":"Point","coordinates":[24.031067634,49.840411928]},"properties":{"address":"Староєврейська 3","name_build":"житл. буд.","date_build":"XIX ст.","num_ohor_build":"345","moid":"9505408691285174","geom":{"type":"Point","coordinates":[24.03106763437974,49.84041192802355]},"note":null,"editor_id":null,"uid":null,"editor_date":null}},{"type":"Feature","geometry":{"type":"Point","coordinates":[24.031566635,49.840527937]},"properties":{"address":"Староєврейська 5","name_build":"житл. буд.","date_build":"XVIII ст.","num_ohor_build":"346","moid":"9505408691285175","geom":{"type":"Point","coordinates":[24.03156663451454,49.840527936756196]},"note":null,"editor_id":null,"uid":null,"editor_date":null}},{"type":"Feature","geometry":{"type":"Point","coordinates":[24.031617641,49.840339935]},"properties":{"address":"Староєврейська 6","name_build":"житл. буд.","date_build":"XVIII ст.","num_ohor_build":"1055","moid":"9505408691285176","geom":{"type":"Point","coordinates":[24.031617641332524,49.840339934845396]},"note":null,"editor_id":null,"uid":null,"editor_date":null}},{"type":"Feature","geometry":{"type":"Point","coordinates":[24.032429643,49.840471948]},"properties":{"address":"Староєврейська 16","name_build":"житл. буд.","date_build":"XVIII ст.","num_ohor_build":"347","moid":"9505408691285177","geom":{"type":"Point","coordinates":[24.032429643484665,49.84047194825942]},"note":null,"editor_id":null,"uid":null,"editor_date":null}},{"type":"Feature","geometry":{"type":"Point","coordinates":[24.032593635,49.840761955]},"properties":{"address":"Староєврейська 17","name_build":"житл. буд.","date_build":"XVIII ст.","num_ohor_build":"348","moid":"9505408691285178","geom":{"type":"Point","coordinates":[24.03259363495377,49.8407619546625]},"note":null,"editor_id":null,"uid":null,"editor_date":null}},{"type":"Feature","geometry":{"type":"Point","coordinates":[24.032543643,49.84050395]},"properties":{"address":"Староєврейська 18","name_build":"житл. буд.","date_build":"1800 р.","num_ohor_build":"349","moid":"9505408691285179","geom":{"type":"Point","coordinates":[24.03254364332832,49.840503950331595]},"note":null,"editor_id":null,"uid":null,"editor_date":null}},{"type":"Feature","geometry":{"type":"Point","coordinates":[24.032761636,49.840783957]},"properties":{"address":"Староєврейська 19","name_build":"житл. буд.","date_build":"XVIII ст.","num_ohor_build":"1056","moid":"9505408691285180","geom":{"type":"Point","coordinates":[24.03276163557989,49.84078395736334]},"note":null,"editor_id":null,"uid":null,"editor_date":null}},{"type":"Feature","geometry":{"type":"Point","coordinates":[24.032669644,49.840527952]},"properties":{"address":"Староєврейська 20","name_build":"житл. буд.","date_build":"XVIII ст.","num_ohor_build":"1057","moid":"9505408691416253","geom":{"type":"Point","coordinates":[24.032669643542565,49.840527952462416]},"note":null,"editor_id":null,"uid":null,"editor_date":null}},{"type":"Feature","geometry":{"type":"Point","coordinates":[24.058837476,49.851740482]},"properties":{"address":"Старознесенська 25","name_build":"церква Вознесіння","date_build":"1929 р.","num_ohor_build":"2480","moid":"9505408691416254","geom":{"type":"Point","coordinates":[24.05883747612423,49.85174048239146]},"note":null,"editor_id":null,"uid":null,"editor_date":null}},{"type":"Feature","geometry":{"type":"Point","coordinates":[24.004336348,49.842396575]},"properties":{"address":"Степанівни О. 31","name_build":"поліклініка (вілла)","date_build":"д.п. XIX ст.","num_ohor_build":"2812","moid":"9505408691416255","geom":{"type":"Point","coordinates":[24.004336348189423,49.84239657518789]},"note":null,"editor_id":null,"uid":null,"editor_date":null}},{"type":"Feature","geometry":null,"properties":{"address":"Костюшка 14","name_build":"житл. буд.","date_build":"поч. XIX ст.","num_ohor_build":null,"moid":"9505408689319378","geom":null,"note":null,"editor_id":null,"uid":null,"editor_date":null}},{"type":"Feature","geometry":{"type":"Point","coordinates":[24.025284698,49.8371398]},"properties":{"address":"Стефаника В. 3","name_build":"адм.буд. картинна галерея (палац Дідушицької)","date_build":"1873 р.","num_ohor_build":"279","moid":"9505408691416256","geom":{"type":"Point","coordinates":[24.0252846984483,49.83713979978414]},"note":null,"editor_id":null,"uid":null,"editor_date":null}},{"type":"Feature","geometry":{"type":"Point","coordinates":[24.025829711,49.836899804]},"properties":{"address":"Стефаника В. 7","name_build":"житл. буд.","date_build":"XIX ст.","num_ohor_build":"719","moid":"9505408691416257","geom":{"type":"Point","coordinates":[24.025829711076568,49.83689980417852]},"note":null,"editor_id":null,"uid":null,"editor_date":null}},{"type":"Feature","geometry":{"type":"Point","coordinates":[24.026751703,49.837367824]},"properties":{"address":"Стефаника В. 7а","name_build":"житл. буд. (адм.буд.)","date_build":"XIX ст.","num_ohor_build":"720","moid":"9505408691416258","geom":{"type":"Point","coordinates":[24.026751702688966,49.837367823870984]},"note":null,"editor_id":null,"uid":null,"editor_date":null}},{"type":"Feature","geometry":{"type":"Point","coordinates":[24.026331725,49.836608807]},"properties":{"address":"Стефаника В. 11","name_build":"житл. буд.","date_build":"1874 р.","num_ohor_build":"280","moid":"9505408691416259","geom":{"type":"Point","coordinates":[24.026331725089026,49.83660880724529]},"note":null,"editor_id":null,"uid":null,"editor_date":null}},{"type":"Feature","geometry":{"type":"Point","coordinates":[24.033863831,49.835311896]},"properties":{"address":"Стецька Я. 3","name_build":"лікарня поліклініка (сан. \"Салюс\")","date_build":"поч. XX ст.","num_ohor_build":"904","moid":"9505408691416260","geom":{"type":"Point","coordinates":[24.033863830870327,49.83531189629971]},"note":null,"editor_id":null,"uid":null,"editor_date":null}},{"type":"Feature","geometry":{"type":"Point","coordinates":[24.033317824,49.83538689]},"properties":{"address":"Стецька Я. 4","name_build":"житл. буд. (житл. буд. Феліції Пайончковської)","date_build":"1912-1913 рр.","num_ohor_build":"905","moid":"9505408691416261","geom":{"type":"Point","coordinates":[24.033317823848794,49.83538688957756]},"note":null,"editor_id":null,"uid":null,"editor_date":null}},{"type":"Feature","geometry":{"type":"Point","coordinates":[24.033877838,49.835111894]},"properties":{"address":"Стецька Я. 5","name_build":"житл. буд.","date_build":"1911-1912 рр.","num_ohor_build":"1243","moid":"9505408691416262","geom":{"type":"Point","coordinates":[24.033877837791934,49.83511189369368]},"note":null,"editor_id":null,"uid":null,"editor_date":null}},{"type":"Feature","geometry":{"type":"Point","coordinates":[24.03338883,49.835210888]},"properties":{"address":"Стецька Я. 6","name_build":"житл. буд.","date_build":"1912 р.","num_ohor_build":"906","moid":"9505408691416263","geom":{"type":"Point","coordinates":[24.033388830420126,49.8352108881198]},"note":null,"editor_id":null,"uid":null,"editor_date":null}},{"type":"Feature","geometry":{"type":"Point","coordinates":[24.033791851,49.834699887]},"properties":{"address":"Стецька Я. 11","name_build":"житл. буд.","date_build":"1928-1929 рр.","num_ohor_build":"1590","moid":"9505408691416264","geom":{"type":"Point","coordinates":[24.03379185111026,49.834699886690174]},"note":null,"editor_id":null,"uid":null,"editor_date":null}},{"type":"Feature","geometry":{"type":"Point","coordinates":[24.033719855,49.834579884]},"properties":{"address":"Стецька Я. 13","name_build":"адм.буд. (житл. буд.)","date_build":"1925-1928 рр.","num_ohor_build":"2103","moid":"9505408691416265","geom":{"type":"Point","coordinates":[24.033719854605035,49.834579883981824]},"note":null,"editor_id":null,"uid":null,"editor_date":null}},{"type":"Feature","geometry":{"type":"Point","coordinates":[24.028017055,49.827313701]},"properties":{"address":"Стрийська 36","name_build":"житл. буд.","date_build":"1928-1929 рр.","num_ohor_build":"774","moid":"9505408691416266","geom":{"type":"Point","coordinates":[24.028017055183444,49.827313700873205]},"note":null,"editor_id":null,"uid":null,"editor_date":null}},{"type":"Feature","geometry":{"type":"Point","coordinates":[24.028167061,49.827182701]},"properties":{"address":"Стрийська 36а","name_build":"житл. буд.","date_build":"1928-1929 рр.","num_ohor_build":"774","moid":"9505408691416267","geom":{"type":"Point","coordinates":[24.028167060867236,49.827182701171495]},"note":null,"editor_id":null,"uid":null,"editor_date":null}},{"type":"Feature","geometry":{"type":"Point","coordinates":[24.02778806,49.827103695]},"properties":{"address":"Стрийська 38","name_build":"житл. буд.","date_build":"1928-1929 рр.","num_ohor_build":"774","moid":"9505408691416268","geom":{"type":"Point","coordinates":[24.02778806045452,49.82710369466769]},"note":null,"editor_id":null,"uid":null,"editor_date":null}},{"type":"Feature","geometry":{"type":"Point","coordinates":[24.027622063,49.826979691]},"properties":{"address":"Стрийська 40","name_build":"житл. буд.","date_build":"1928-1929 рр.","num_ohor_build":"774","moid":"9505408691416269","geom":{"type":"Point","coordinates":[24.02762206331515,49.82697969056526]},"note":null,"editor_id":null,"uid":null,"editor_date":null}},{"type":"Feature","geometry":{"type":"Point","coordinates":[24.02780207,49.826831691]},"properties":{"address":"Стрийська 42","name_build":"житл. буд.","date_build":"поч. XX ст.","num_ohor_build":"1666","moid":"9505408691416270","geom":{"type":"Point","coordinates":[24.027802069822574,49.82683169105225]},"note":null,"editor_id":null,"uid":null,"editor_date":null}},{"type":"Feature","geometry":{"type":"Point","coordinates":[24.02780207,49.826831691]},"properties":{"address":"Стрийська 42","name_build":"житл. буд.","date_build":"1928-1929 рр.","num_ohor_build":"774","moid":"9505408691416271","geom":{"type":"Point","coordinates":[24.027802069822574,49.82683169105225]},"note":null,"editor_id":null,"uid":null,"editor_date":null}},{"type":"Feature","geometry":{"type":"Point","coordinates":[24.027530076,49.826583684]},"properties":{"address":"Стрийська 44","name_build":"житл. буд.","date_build":"поч. XX ст.","num_ohor_build":"2200","moid":"9505408691416272","geom":{"type":"Point","coordinates":[24.027530076034527,49.82658368370164]},"note":null,"editor_id":null,"uid":null,"editor_date":null}},{"type":"Feature","geometry":{"type":"Point","coordinates":[24.027268082,49.826335676]},"properties":{"address":"Стрийська 46а","name_build":"житл. буд.","date_build":"поч. XX ст.","num_ohor_build":"2201","moid":"9505408691416273","geom":{"type":"Point","coordinates":[24.02726808232821,49.82633567649343]},"note":null,"editor_id":null,"uid":null,"editor_date":null}},{"type":"Feature","geometry":null,"properties":{"address":"Стрийська 50-76","name_build":"житл. буд.","date_build":"1928 р.","num_ohor_build":"2202","moid":"9505408691416274","geom":null,"note":null,"editor_id":null,"uid":null,"editor_date":null}},{"type":"Feature","geometry":{"type":"Point","coordinates":[24.038413245,49.824223806]},"properties":{"address":"Стуса В. 3","name_build":"вілла","date_build":"поч. XX ст.","num_ohor_build":"2813","moid":"9505408691416276","geom":{"type":"Point","coordinates":[24.038413245363934,49.824223805533805]},"note":null,"editor_id":null,"uid":null,"editor_date":null}},{"type":"Feature","geometry":{"type":"Point","coordinates":[24.038144249,49.824063799]},"properties":{"address":"Стуса В. 5","name_build":"вілла","date_build":"поч. XX ст.","num_ohor_build":"2814","moid":"9505408691416277","geom":{"type":"Point","coordinates":[24.038144248604237,49.824063799460134]},"note":null,"editor_id":null,"uid":null,"editor_date":null}},{"type":"Feature","geometry":{"type":"Point","coordinates":[24.040970446,49.818927768]},"properties":{"address":"Стуса В. 10","name_build":"вілла","date_build":"20-ті XX ст.","num_ohor_build":"2815","moid":"9505408691416278","geom":{"type":"Point","coordinates":[24.040970446398656,49.81892776764543]},"note":null,"editor_id":null,"uid":null,"editor_date":null}},{"type":"Feature","geometry":{"type":"Point","coordinates":[24.040496397,49.82027578]},"properties":{"address":"Стуса В. 25","name_build":"пром. буд. (пром. буд.)","date_build":"поч. XX ст.","num_ohor_build":"2479","moid":"9505408691416279","geom":{"type":"Point","coordinates":[24.040496396681707,49.82027577980683]},"note":null,"editor_id":null,"uid":null,"editor_date":null}},{"type":"Feature","geometry":{"type":"Point","coordinates":[23.979300092,49.84392424]},"properties":{"address":"Сяйво 16","name_build":"адм.буд.","date_build":"поч. XX ст.","num_ohor_build":"2478","moid":"9505408691416280","geom":{"type":"Point","coordinates":[23.979300091730227,49.843924240012996]},"note":null,"editor_id":null,"uid":null,"editor_date":null}},{"type":"Feature","geometry":{"type":"Point","coordinates":[24.022212377,49.845851878]},"properties":{"address":"Таманська 11","name_build":"навч. закл. (школа)","date_build":"поч. XX ст.","num_ohor_build":"1036","moid":"9505408691416281","geom":{"type":"Point","coordinates":[24.022212376680848,49.84585187822393]},"note":null,"editor_id":null,"uid":null,"editor_date":null}},{"type":"Feature","geometry":null,"properties":{"address":"ген. Тарнавського М. 8","name_build":"житл. буд.","date_build":"поч. XX ст.","num_ohor_build":"1284","moid":"9505408691416282","geom":null,"note":null,"editor_id":null,"uid":null,"editor_date":null}},{"type":"Feature","geometry":null,"properties":{"address":"ген. Тарнавського М. 12","name_build":"житл. буд.","date_build":"поч. XX ст.","num_ohor_build":"1285","moid":"9505408691416283","geom":null,"note":null,"editor_id":null,"uid":null,"editor_date":null}},{"type":"Feature","geometry":null,"properties":{"address":"ген. Тарнавського М. 13","name_build":"житл. буд.","date_build":"1910 р.","num_ohor_build":"1286","moid":"9505408691416284","geom":null,"note":null,"editor_id":null,"uid":null,"editor_date":null}},{"type":"Feature","geometry":null,"properties":{"address":"ген. Тарнавського М. 14","name_build":"житл. буд.","date_build":"поч. XX ст.","num_ohor_build":"1287","moid":"9505408691416285","geom":null,"note":null,"editor_id":null,"uid":null,"editor_date":null}},{"type":"Feature","geometry":null,"properties":{"address":"ген. Тарнавського М. 15","name_build":"житл. буд.","date_build":"поч. XX ст.","num_ohor_build":"1288","moid":"9505408691416286","geom":null,"note":null,"editor_id":null,"uid":null,"editor_date":null}},{"type":"Feature","geometry":null,"properties":{"address":"ген. Тарнавського М. 16","name_build":"житл. буд.","date_build":"поч. XX ст.","num_ohor_build":"1289","moid":"9505408691416287","geom":null,"note":null,"editor_id":null,"uid":null,"editor_date":null}},{"type":"Feature","geometry":null,"properties":{"address":"ген. Тарнавського М. 25","name_build":"житл. буд.","date_build":"поч. XX ст.","num_ohor_build":"1290","moid":"9505408691416288","geom":null,"note":null,"editor_id":null,"uid":null,"editor_date":null}},{"type":"Feature","geometry":null,"properties":{"address":"ген. Тарнавського М. 26","name_build":"житл. буд.","date_build":"поч. XX ст.","num_ohor_build":"1291","moid":"9505408691416289","geom":null,"note":null,"editor_id":null,"uid":null,"editor_date":null}},{"type":"Feature","geometry":null,"properties":{"address":"ген. Тарнавського М. 30","name_build":"житл. буд.","date_build":"поч. XX ст.","num_ohor_build":"1292","moid":"9505408691416290","geom":null,"note":null,"editor_id":null,"uid":null,"editor_date":null}},{"type":"Feature","geometry":null,"properties":{"address":"ген. Тарнавського М. 33","name_build":"житл. буд.","date_build":"1922 р.","num_ohor_build":"604","moid":"9505408691416291","geom":null,"note":null,"editor_id":null,"uid":null,"editor_date":null}},{"type":"Feature","geometry":null,"properties":{"address":"ген. Тарнавського М. 35","name_build":"вілла","date_build":"1922 р.","num_ohor_build":"1293","moid":"9505408691416292","geom":null,"note":null,"editor_id":null,"uid":null,"editor_date":null}},{"type":"Feature","geometry":null,"properties":{"address":"ген. Тарнавського М. 38","name_build":"житл. буд.","date_build":"1930 р.","num_ohor_build":"1294","moid":"9505408691416293","geom":null,"note":null,"editor_id":null,"uid":null,"editor_date":null}},{"type":"Feature","geometry":null,"properties":{"address":"ген. Тарнавського М. 39","name_build":"житл. буд.","date_build":"поч. XX ст.","num_ohor_build":"963","moid":"9505408691416294","geom":null,"note":null,"editor_id":null,"uid":null,"editor_date":null}},{"type":"Feature","geometry":null,"properties":{"address":"ген. Тарнавського М. 43","name_build":"житл. буд.","date_build":"1925 р.","num_ohor_build":"1295","moid":"9505408691416295","geom":null,"note":null,"editor_id":null,"uid":null,"editor_date":null}},{"type":"Feature","geometry":null,"properties":{"address":"ген. Тарнавського М. 45","name_build":"житл. буд.","date_build":"поч. XX ст.","num_ohor_build":"1296","moid":"9505408691416296","geom":null,"note":null,"editor_id":null,"uid":null,"editor_date":null}},{"type":"Feature","geometry":null,"properties":{"address":"ген. Тарнавського М. 46","name_build":"житл. буд.","date_build":"1933 р.","num_ohor_build":"2212","moid":"9505408691416297","geom":null,"note":null,"editor_id":null,"uid":null,"editor_date":null}},{"type":"Feature","geometry":null,"properties":{"address":"ген. Тарнавського М. 47","name_build":"житл. буд.","date_build":"поч. XX ст.","num_ohor_build":"964","moid":"9505408691416298","geom":null,"note":null,"editor_id":null,"uid":null,"editor_date":null}},{"type":"Feature","geometry":null,"properties":{"address":"ген. Тарнавського М. 54","name_build":"житл. буд.","date_build":"1913 р.","num_ohor_build":"1297","moid":"9505408691416299","geom":null,"note":null,"editor_id":null,"uid":null,"editor_date":null}},{"type":"Feature","geometry":null,"properties":{"address":"ген. Тарнавського М. 55","name_build":"житл. буд.","date_build":"поч. XX ст.","num_ohor_build":"965","moid":"9505408691416300","geom":null,"note":null,"editor_id":null,"uid":null,"editor_date":null}},{"type":"Feature","geometry":null,"properties":{"address":"ген. Тарнавського М. 56","name_build":"житл. буд.","date_build":"поч. XX ст.","num_ohor_build":"1298","moid":"9505408691416301","geom":null,"note":null,"editor_id":null,"uid":null,"editor_date":null}},{"type":"Feature","geometry":null,"properties":{"address":"ген. Тарнавського М. 57","name_build":"житл. буд.","date_build":"1930 р.","num_ohor_build":"966","moid":"9505408691416302","geom":null,"note":null,"editor_id":null,"uid":null,"editor_date":null}},{"type":"Feature","geometry":null,"properties":{"address":"ген. Тарнавського М. 59","name_build":"житл. буд.","date_build":"поч. XX ст.","num_ohor_build":"967","moid":"9505408691416303","geom":null,"note":null,"editor_id":null,"uid":null,"editor_date":null}},{"type":"Feature","geometry":null,"properties":{"address":"ген. Тарнавського М. 61","name_build":"житл. буд.","date_build":"поч. XX ст.","num_ohor_build":"968","moid":"9505408691416304","geom":null,"note":null,"editor_id":null,"uid":null,"editor_date":null}},{"type":"Feature","geometry":null,"properties":{"address":"ген. Тарнавського М. 63","name_build":"житл. буд.","date_build":"поч. XX ст.","num_ohor_build":"969","moid":"9505408691416305","geom":null,"note":null,"editor_id":null,"uid":null,"editor_date":null}},{"type":"Feature","geometry":null,"properties":{"address":"ген. Тарнавського М. 65","name_build":"житл. буд.","date_build":"поч. XX ст.","num_ohor_build":"970","moid":"9505408691416306","geom":null,"note":null,"editor_id":null,"uid":null,"editor_date":null}},{"type":"Feature","geometry":null,"properties":{"address":"ген. Тарнавського М. 67","name_build":"житл. буд.","date_build":"поч. XX ст.","num_ohor_build":"971","moid":"9505408691416307","geom":null,"note":null,"editor_id":null,"uid":null,"editor_date":null}},{"type":"Feature","geometry":null,"properties":{"address":"ген. Тарнавського М. 69","name_build":"житл. буд.","date_build":"поч. XX ст.","num_ohor_build":"1299","moid":"9505408691416308","geom":null,"note":null,"editor_id":null,"uid":null,"editor_date":null}},{"type":"Feature","geometry":null,"properties":{"address":"ген. Тарнавського М. 71","name_build":"житл. буд.","date_build":"поч. XX ст.","num_ohor_build":"1300","moid":"9505408691416309","geom":null,"note":null,"editor_id":null,"uid":null,"editor_date":null}},{"type":"Feature","geometry":null,"properties":{"address":"ген. Тарнавського М. 72","name_build":"житл. буд.","date_build":"поч. XX ст.","num_ohor_build":"1301","moid":"9505408691416310","geom":null,"note":null,"editor_id":null,"uid":null,"editor_date":null}},{"type":"Feature","geometry":null,"properties":{"address":"ген. Тарнавського М. 74","name_build":"житл. буд.","date_build":"поч. XX ст.","num_ohor_build":"1302","moid":"9505408691416311","geom":null,"note":null,"editor_id":null,"uid":null,"editor_date":null}},{"type":"Feature","geometry":null,"properties":{"address":"ген. Тарнавського М. 75","name_build":"житл. буд.","date_build":"1910-1911 рр.","num_ohor_build":"1303","moid":"9505408691416312","geom":null,"note":null,"editor_id":null,"uid":null,"editor_date":null}},{"type":"Feature","geometry":null,"properties":{"address":"ген. Тарнавського М. 79","name_build":"житл. буд.","date_build":"поч. XX ст.","num_ohor_build":"1617","moid":"9505408691416313","geom":null,"note":null,"editor_id":null,"uid":null,"editor_date":null}},{"type":"Feature","geometry":null,"properties":{"address":"ген. Тарнавського М. 80","name_build":"житл. буд.","date_build":"поч. XX ст.","num_ohor_build":"1304","moid":"9505408691416314","geom":null,"note":null,"editor_id":null,"uid":null,"editor_date":null}},{"type":"Feature","geometry":null,"properties":{"address":"ген. Тарнавського М. 82","name_build":"житл. буд.","date_build":"1926 р.","num_ohor_build":"1305","moid":"9505408691416315","geom":null,"note":null,"editor_id":null,"uid":null,"editor_date":null}},{"type":"Feature","geometry":null,"properties":{"address":"ген. Тарнавського М. 85","name_build":"житл. буд.","date_build":"1910-1914 рр.","num_ohor_build":"1306","moid":"9505408691416316","geom":null,"note":null,"editor_id":null,"uid":null,"editor_date":null}},{"type":"Feature","geometry":null,"properties":{"address":"ген. Тарнавського М. 86","name_build":"житл. буд.","date_build":"поч. XX ст.","num_ohor_build":"1307","moid":"9505408691416317","geom":null,"note":null,"editor_id":null,"uid":null,"editor_date":null}},{"type":"Feature","geometry":null,"properties":{"address":"ген. Тарнавського М. 89","name_build":"житл. буд.","date_build":"1910-1914 рр.","num_ohor_build":"972","moid":"9505408691416318","geom":null,"note":null,"editor_id":null,"uid":null,"editor_date":null}},{"type":"Feature","geometry":null,"properties":{"address":"ген. Тарнавського М. 91","name_build":"житл. буд.","date_build":"поч. XX ст.","num_ohor_build":"973","moid":"9505408691416319","geom":null,"note":null,"editor_id":null,"uid":null,"editor_date":null}},{"type":"Feature","geometry":null,"properties":{"address":"ген. Тарнавського М. 99","name_build":"житл. буд.","date_build":"поч. XX ст.","num_ohor_build":"1308","moid":"9505408691416320","geom":null,"note":null,"editor_id":null,"uid":null,"editor_date":null}},{"type":"Feature","geometry":null,"properties":{"address":"ген. Тарнавського М. 101","name_build":"житл. буд.","date_build":"1911 р.","num_ohor_build":"2213","moid":"9505408691416321","geom":null,"note":null,"editor_id":null,"uid":null,"editor_date":null}},{"type":"Feature","geometry":null,"properties":{"address":"ген. Тарнавського М. 104","name_build":"житл. буд.","date_build":"1924 р.","num_ohor_build":"1309","moid":"9505408691416322","geom":null,"note":null,"editor_id":null,"uid":null,"editor_date":null}},{"type":"Feature","geometry":{"type":"Point","coordinates":[24.02990763,49.84027591]},"properties":{"address":"Театральна 3","name_build":"житл. буд. (житл. буд. Рідля)","date_build":"1899-1900 рр.","num_ohor_build":"290","moid":"9505408691416323","geom":{"type":"Point","coordinates":[24.029907629516373,49.84027590959796]},"note":null,"editor_id":null,"uid":null,"editor_date":null}},{"type":"Feature","geometry":{"type":"Point","coordinates":[24.029845626,49.84037091]},"properties":{"address":"Театральна 5","name_build":"житл. буд.","date_build":"XVIII ст.","num_ohor_build":"1038","moid":"9505408691416324","geom":{"type":"Point","coordinates":[24.029845625774637,49.84037091004759]},"note":null,"editor_id":null,"uid":null,"editor_date":null}},{"type":"Feature","geometry":{"type":"Point","coordinates":[24.029887596,49.841259923]},"properties":{"address":"Театральна 6","name_build":"житл. буд.","date_build":"1910-1911 рр.","num_ohor_build":"291","moid":"9505408691416325","geom":{"type":"Point","coordinates":[24.029887595850905,49.84125992311507]},"note":null,"editor_id":null,"uid":null,"editor_date":null}},{"type":"Feature","geometry":{"type":"Point","coordinates":[24.029745593,49.841314922]},"properties":{"address":"Театральна 8","name_build":"житл. буд.","date_build":"1769-1770 рр.","num_ohor_build":"292","moid":"9505408691416326","geom":{"type":"Point","coordinates":[24.029745592816173,49.84131492186446]},"note":null,"editor_id":null,"uid":null,"editor_date":null}},{"type":"Feature","geometry":null,"properties":{"address":"ген. Чупринки Т. 38","name_build":"житл. буд.","date_build":"поч. XX ст.","num_ohor_build":"1014","moid":"9505408691154408","geom":null,"note":null,"editor_id":null,"uid":null,"editor_date":null}},{"type":"Feature","geometry":{"type":"Point","coordinates":[24.029403603,49.840939912]},"properties":{"address":"Театральна 11","name_build":"навч. закл. (житл. буд.)","date_build":"1829 р.","num_ohor_build":"1039","moid":"9505408691416327","geom":{"type":"Point","coordinates":[24.02940360278505,49.84093991173455]},"note":null,"editor_id":null,"uid":null,"editor_date":null}},{"type":"Feature","geometry":{"type":"Point","coordinates":[24.028702551,49.842305921]},"properties":{"address":"Театральна 15","name_build":"школа (школа ім.Міцкевича)","date_build":"1891-1895 рр.","num_ohor_build":"293","moid":"9505408691416328","geom":{"type":"Point","coordinates":[24.02870255053829,49.84230592091211]},"note":null,"editor_id":null,"uid":null,"editor_date":null}},{"type":"Feature","geometry":{"type":"Point","coordinates":[24.028585538,49.842654924]},"properties":{"address":"Театральна 17","name_build":"навч.заклад, інститут (школа промислова)","date_build":"1890-1892 рр.","num_ohor_build":"294","moid":"9505408691416329","geom":{"type":"Point","coordinates":[24.02858553769734,49.84265492414113]},"note":null,"editor_id":null,"uid":null,"editor_date":null}},{"type":"Feature","geometry":{"type":"Point","coordinates":[24.028881519,49.843267937]},"properties":{"address":"Театральна 22","name_build":"адм.буд. центр дозвілля Прикво","date_build":"1851-1864 рр.","num_ohor_build":"295","moid":"9505408691416330","geom":{"type":"Point","coordinates":[24.02888151924648,49.843267936954355]},"note":null,"editor_id":null,"uid":null,"editor_date":null}},{"type":"Feature","geometry":null,"properties":{"address":null,"name_build":"(народний дім)","date_build":null,"num_ohor_build":null,"moid":"9505408691416331","geom":null,"note":null,"editor_id":null,"uid":null,"editor_date":null}},{"type":"Feature","geometry":{"type":"Point","coordinates":[24.028531492,49.843975942]},"properties":{"address":"Театральна 24","name_build":"житл. буд.","date_build":"XIX ст.","num_ohor_build":"296","moid":"9505408691416332","geom":{"type":"Point","coordinates":[24.028531492273135,49.84397594190079]},"note":null,"editor_id":null,"uid":null,"editor_date":null}},{"type":"Feature","geometry":{"type":"Point","coordinates":[24.028539483,49.844255946]},"properties":{"address":"Театральна 26","name_build":"житл. буд.","date_build":"1909 р.","num_ohor_build":"297","moid":"9505408691416333","geom":{"type":"Point","coordinates":[24.028539482803698,49.84425594594207]},"note":null,"editor_id":null,"uid":null,"editor_date":null}},{"type":"Feature","geometry":{"type":"Point","coordinates":[24.050022257,49.826684005]},"properties":{"address":"Теліги О. 3","name_build":"вілла","date_build":"30-ті XX ст.","num_ohor_build":"2816","moid":"9505408691416334","geom":{"type":"Point","coordinates":[24.05002225674644,49.82668400530184]},"note":null,"editor_id":null,"uid":null,"editor_date":null}},{"type":"Feature","geometry":{"type":"Point","coordinates":[24.050168258,49.826680007]},"properties":{"address":"Теліги О. 5","name_build":"вілла","date_build":"30-ті XX ст.","num_ohor_build":"2817","moid":"9505408691416335","geom":{"type":"Point","coordinates":[24.050168258078468,49.82668000732406]},"note":null,"editor_id":null,"uid":null,"editor_date":null}},{"type":"Feature","geometry":{"type":"Point","coordinates":[24.050686266,49.826560013]},"properties":{"address":"Теліги О. 7","name_build":"вілла","date_build":"30-ті XX ст.","num_ohor_build":"2818","moid":"9505408691416336","geom":{"type":"Point","coordinates":[24.050686266403602,49.82656001301431]},"note":null,"editor_id":null,"uid":null,"editor_date":null}},{"type":"Feature","geometry":{"type":"Point","coordinates":[24.050832268,49.826536015]},"properties":{"address":"Теліги О. 9","name_build":"вілла","date_build":"30-ті XX ст.","num_ohor_build":"2819","moid":"9505408691416337","geom":{"type":"Point","coordinates":[24.05083226841597,49.82653601475591]},"note":null,"editor_id":null,"uid":null,"editor_date":null}},{"type":"Feature","geometry":{"type":"Point","coordinates":[24.039103519,49.816350705]},"properties":{"address":"Тернопільська 14","name_build":"вілла","date_build":"30-ті XX ст.","num_ohor_build":"2820","moid":"9505408691416338","geom":{"type":"Point","coordinates":[24.03910351873613,49.8163507049234]},"note":null,"editor_id":null,"uid":null,"editor_date":null}},{"type":"Feature","geometry":{"type":"Point","coordinates":[24.038193579,49.814367664]},"properties":{"address":"Тернопільська 15","name_build":"вілла","date_build":"30-ті XX ст.","num_ohor_build":"2821","moid":"9505408691416339","geom":{"type":"Point","coordinates":[24.038193578703144,49.814367664156556]},"note":null,"editor_id":null,"uid":null,"editor_date":null}},{"type":"Feature","geometry":{"type":"Point","coordinates":[24.038831528,49.816020696]},"properties":{"address":"Тернопільська 16","name_build":"вілла","date_build":"30-ті XX ст.","num_ohor_build":"2822","moid":"9505408691416340","geom":{"type":"Point","coordinates":[24.0388315277293,49.81602069642309]},"note":null,"editor_id":null,"uid":null,"editor_date":null}},{"type":"Feature","geometry":{"type":"Point","coordinates":[24.038691532,49.815867692]},"properties":{"address":"Тернопільська 18","name_build":"вілла","date_build":"30-ті XX ст.","num_ohor_build":"2823","moid":"9505408691416341","geom":{"type":"Point","coordinates":[24.03869153178513,49.8158676922843]},"note":null,"editor_id":null,"uid":null,"editor_date":null}},{"type":"Feature","geometry":{"type":"Point","coordinates":[24.037564597,49.813691646]},"properties":{"address":"Тернопільська 19","name_build":"вілла","date_build":"30-ті XX ст.","num_ohor_build":"2824","moid":"9505408691416342","geom":{"type":"Point","coordinates":[24.037564596535756,49.81369164572209]},"note":null,"editor_id":null,"uid":null,"editor_date":null}},{"type":"Feature","geometry":{"type":"Point","coordinates":[24.038563536,49.815711688]},"properties":{"address":"Тернопільська 20","name_build":"вілла","date_build":"30-ті XX ст.","num_ohor_build":"2825","moid":"9505408691416343","geom":{"type":"Point","coordinates":[24.03856353604113,49.81571168827427]},"note":null,"editor_id":null,"uid":null,"editor_date":null}},{"type":"Feature","geometry":{"type":"Point","coordinates":[24.037727561,49.814783663]},"properties":{"address":"Тернопільська 24","name_build":"вілла","date_build":"1933 р.","num_ohor_build":"1672","moid":"9505408691416344","geom":{"type":"Point","coordinates":[24.03772756074809,49.81478366335858]},"note":null,"editor_id":null,"uid":null,"editor_date":null}},{"type":"Feature","geometry":{"type":"Point","coordinates":[24.037615565,49.81463566]},"properties":{"address":"Тернопільська 26","name_build":"вілла","date_build":"30-ті XX ст.","num_ohor_build":"2826","moid":"9505408691416345","geom":{"type":"Point","coordinates":[24.037615564862847,49.81463565968856]},"note":null,"editor_id":null,"uid":null,"editor_date":null}},{"type":"Feature","geometry":{"type":"Point","coordinates":[24.037479568,49.814519656]},"properties":{"address":"Тернопільська 28","name_build":"вілла","date_build":"30-ті XX ст.","num_ohor_build":"2827","moid":"9505408691416346","geom":{"type":"Point","coordinates":[24.037479567693367,49.814519656125775]},"note":null,"editor_id":null,"uid":null,"editor_date":null}},{"type":"Feature","geometry":{"type":"Point","coordinates":[24.037271575,49.814247649]},"properties":{"address":"Тернопільська 32","name_build":"вілла","date_build":"30-ті XX ст.","num_ohor_build":"2828","moid":"9505408691416347","geom":{"type":"Point","coordinates":[24.037271575237828,49.81424764935011]},"note":null,"editor_id":null,"uid":null,"editor_date":null}},{"type":"Feature","geometry":{"type":"Point","coordinates":[24.037048583,49.813963642]},"properties":{"address":"Тернопільська 34","name_build":"вілла","date_build":"30-ті XX ст.","num_ohor_build":"2829","moid":"9505408691416348","geom":{"type":"Point","coordinates":[24.037048583067378,49.81396364219269]},"note":null,"editor_id":null,"uid":null,"editor_date":null}},{"type":"Feature","geometry":null,"properties":{"address":"Тершаківців 4","name_build":"житл. буд.","date_build":"1898 р.","num_ohor_build":"640","moid":"9505408691416349","geom":null,"note":null,"editor_id":null,"uid":null,"editor_date":null}},{"type":"Feature","geometry":null,"properties":{"address":"Тершаківців 6","name_build":"житл. буд.","date_build":"1864 р.","num_ohor_build":"641","moid":"9505408691416350","geom":null,"note":null,"editor_id":null,"uid":null,"editor_date":null}},{"type":"Feature","geometry":null,"properties":{"address":"Тершаківців 8","name_build":"житл. буд.","date_build":"1938 р.","num_ohor_build":"1632","moid":"9505408691416351","geom":null,"note":null,"editor_id":null,"uid":null,"editor_date":null}},{"type":"Feature","geometry":null,"properties":{"address":"Тершаківців 10","name_build":"житл. буд.","date_build":"1893 р.","num_ohor_build":"642","moid":"9505408691023136","geom":null,"note":null,"editor_id":null,"uid":null,"editor_date":null}},{"type":"Feature","geometry":{"type":"Point","coordinates":[24.033849468,49.816567633]},"properties":{"address":"Тиверська 6","name_build":"вілла","date_build":"30-ті XX ст.","num_ohor_build":"2830","moid":"9505408691023137","geom":{"type":"Point","coordinates":[24.033849468366796,49.81656763318122]},"note":null,"editor_id":null,"uid":null,"editor_date":null}},{"type":"Feature","geometry":{"type":"Point","coordinates":[24.034580485,49.816251639]},"properties":{"address":"Тиверська 10","name_build":"вілла","date_build":"30-ті XX ст.","num_ohor_build":"2831","moid":"9505408691023138","geom":{"type":"Point","coordinates":[24.034580485091105,49.81625163915441]},"note":null,"editor_id":null,"uid":null,"editor_date":null}},{"type":"Feature","geometry":{"type":"Point","coordinates":[24.034848477,49.816543647]},"properties":{"address":"Тиверська 11","name_build":"вілла","date_build":"30-ті XX ст.","num_ohor_build":"2832","moid":"9505408691023139","geom":{"type":"Point","coordinates":[24.03484847735618,49.816543647064655]},"note":null,"editor_id":null,"uid":null,"editor_date":null}},{"type":"Feature","geometry":{"type":"Point","coordinates":[24.034804491,49.816131641]},"properties":{"address":"Тиверська 12","name_build":"вілла","date_build":"30-ті XX ст.","num_ohor_build":"2833","moid":"9505408691023140","geom":{"type":"Point","coordinates":[24.03480449100361,49.81613164065978]},"note":null,"editor_id":null,"uid":null,"editor_date":null}},{"type":"Feature","geometry":{"type":"Point","coordinates":[24.025488514,49.842599879]},"properties":{"address":"Тиктора І. 4","name_build":"житл. буд.","date_build":"1902-1904 рр.","num_ohor_build":"1643","moid":"9505408691023141","geom":{"type":"Point","coordinates":[24.025488514228037,49.84259987926719]},"note":null,"editor_id":null,"uid":null,"editor_date":null}},{"type":"Feature","geometry":null,"properties":{"address":"Тобілевича 1","name_build":"житл. буд.","date_build":"кін. XIX ст.","num_ohor_build":"1388","moid":"9505408691023142","geom":null,"note":null,"editor_id":null,"uid":null,"editor_date":null}},{"type":"Feature","geometry":null,"properties":{"address":"Тобілевича 3","name_build":"житл. буд.","date_build":"1895 р.","num_ohor_build":"299","moid":"9505408691023143","geom":null,"note":null,"editor_id":null,"uid":null,"editor_date":null}},{"type":"Feature","geometry":null,"properties":{"address":"Тобілевича 5","name_build":"житл. буд.","date_build":"1896 р.","num_ohor_build":"300","moid":"9505408691023144","geom":null,"note":null,"editor_id":null,"uid":null,"editor_date":null}},{"type":"Feature","geometry":null,"properties":{"address":"Тобілевича 7","name_build":"житл. буд.","date_build":"1905 р.","num_ohor_build":"1674","moid":"9505408691023145","geom":null,"note":null,"editor_id":null,"uid":null,"editor_date":null}},{"type":"Feature","geometry":null,"properties":{"address":"Тобілевича 9","name_build":"житл. буд.","date_build":"1905 р.","num_ohor_build":"301","moid":"9505408691023146","geom":null,"note":null,"editor_id":null,"uid":null,"editor_date":null}},{"type":"Feature","geometry":{"type":"Point","coordinates":[24.039847483,49.846983145]},"properties":{"address":"Княжа 16","name_build":"житл. буд.","date_build":"1929 р.","num_ohor_build":"122","moid":"9505408689188204","geom":{"type":"Point","coordinates":[24.03984748251406,49.846983145226574]},"note":null,"editor_id":null,"uid":null,"editor_date":null}},{"type":"Feature","geometry":null,"properties":{"address":"Тобілевича 11","name_build":"житл. буд.","date_build":"1905 р.","num_ohor_build":"302","moid":"9505408691023147","geom":null,"note":null,"editor_id":null,"uid":null,"editor_date":null}},{"type":"Feature","geometry":{"type":"Point","coordinates":[24.037830073,49.829147866]},"properties":{"address":"Толстого Л. 1","name_build":"вілла","date_build":"поч. XX ст.","num_ohor_build":"1389","moid":"9505408691023148","geom":{"type":"Point","coordinates":[24.03783007308783,49.829147866303344]},"note":null,"editor_id":null,"uid":null,"editor_date":null}},{"type":"Feature","geometry":null,"properties":{"address":"Толстого Л. 2","name_build":"вілла","date_build":"1913 р.","num_ohor_build":"1673","moid":"9505408691023149","geom":null,"note":null,"editor_id":null,"uid":null,"editor_date":null}},{"type":"Feature","geometry":{"type":"Point","coordinates":[24.038088076,49.82912787]},"properties":{"address":"Толстого Л. 3","name_build":"житл. буд.","date_build":"поч. XX ст.","num_ohor_build":"1037","moid":"9505408691023150","geom":{"type":"Point","coordinates":[24.03808807588022,49.82912786969584]},"note":null,"editor_id":null,"uid":null,"editor_date":null}},{"type":"Feature","geometry":{"type":"Point","coordinates":[24.03894308,49.829213883]},"properties":{"address":"Толстого Л. 11","name_build":"вілла","date_build":"поч. XX ст.","num_ohor_build":"1390","moid":"9505408691023151","geom":{"type":"Point","coordinates":[24.03894307995338,49.82921388307451]},"note":null,"editor_id":null,"uid":null,"editor_date":null}},{"type":"Feature","geometry":{"type":"Point","coordinates":[24.039226086,49.829102886]},"properties":{"address":"Толстого Л. 15","name_build":"житл. буд.","date_build":"поч. XX ст.","num_ohor_build":"1391","moid":"9505408691023152","geom":{"type":"Point","coordinates":[24.03922608604662,49.82910288554643]},"note":null,"editor_id":null,"uid":null,"editor_date":null}},{"type":"Feature","geometry":{"type":"Point","coordinates":[24.039353089,49.829051887]},"properties":{"address":"Толстого Л. 17","name_build":"житл. буд.","date_build":"поч. XX ст.","num_ohor_build":"1392","moid":"9505408691023153","geom":{"type":"Point","coordinates":[24.039353088821436,49.82905188663906]},"note":null,"editor_id":null,"uid":null,"editor_date":null}},{"type":"Feature","geometry":{"type":"Point","coordinates":[24.039606107,49.828571884]},"properties":{"address":"Толстого Л. 18","name_build":"житл. буд.","date_build":"поч. XX ст.","num_ohor_build":"1393","moid":"9505408691023154","geom":{"type":"Point","coordinates":[24.03960610722305,49.828571883507685]},"note":null,"editor_id":null,"uid":null,"editor_date":null}},{"type":"Feature","geometry":{"type":"Point","coordinates":[24.039808112,49.828483885]},"properties":{"address":"Толстого Л. 20","name_build":"житл. буд.","date_build":"поч. XX ст.","num_ohor_build":"1394","moid":"9505408691023155","geom":{"type":"Point","coordinates":[24.039808111870588,49.82848388514902]},"note":null,"editor_id":null,"uid":null,"editor_date":null}},{"type":"Feature","geometry":{"type":"Point","coordinates":[24.040128118,49.828367888]},"properties":{"address":"Толстого Л. 24","name_build":"житл. буд.","date_build":"поч. XX ст.","num_ohor_build":"1395","moid":"9505408691023156","geom":{"type":"Point","coordinates":[24.04012811843675,49.82836788807744]},"note":null,"editor_id":null,"uid":null,"editor_date":null}},{"type":"Feature","geometry":{"type":"Point","coordinates":[24.040025103,49.828807893]},"properties":{"address":"Толстого Л. 25","name_build":"житл. буд.","date_build":"поч. XX ст.","num_ohor_build":"1396","moid":"9505408691023157","geom":{"type":"Point","coordinates":[24.040025102624195,49.82880789278325]},"note":null,"editor_id":null,"uid":null,"editor_date":null}},{"type":"Feature","geometry":{"type":"Point","coordinates":[24.040360124,49.82827189]},"properties":{"address":"Толстого Л. 26","name_build":"житл. буд.","date_build":"поч. XX ст.","num_ohor_build":"1397","moid":"9505408691023158","geom":{"type":"Point","coordinates":[24.040360123602067,49.828271890033626]},"note":null,"editor_id":null,"uid":null,"editor_date":null}},{"type":"Feature","geometry":{"type":"Point","coordinates":[24.040752118,49.828531899]},"properties":{"address":"Толстого Л. 31","name_build":"житл. буд.","date_build":"поч. XX ст.","num_ohor_build":"1398","moid":"9505408691023159","geom":{"type":"Point","coordinates":[24.040752117965976,49.82853189926144]},"note":null,"editor_id":null,"uid":null,"editor_date":null}},{"type":"Feature","geometry":{"type":"Point","coordinates":[24.040872134,49.828091895]},"properties":{"address":"Толстого Л. 32","name_build":"житл. буд.","date_build":"поч. XX ст.","num_ohor_build":"1399","moid":"9505408691023160","geom":{"type":"Point","coordinates":[24.040872133917446,49.828091894797595]},"note":null,"editor_id":null,"uid":null,"editor_date":null}},{"type":"Feature","geometry":null,"properties":{"address":"Томашівського 6","name_build":"житл. буд.","date_build":"1923 р.","num_ohor_build":"267","moid":"9505408691023161","geom":null,"note":null,"editor_id":null,"uid":null,"editor_date":null}},{"type":"Feature","geometry":null,"properties":{"address":"Томашівського 7","name_build":"житл. буд.","date_build":"1876 р.","num_ohor_build":"268","moid":"9505408691023162","geom":null,"note":null,"editor_id":null,"uid":null,"editor_date":null}},{"type":"Feature","geometry":{"type":"Point","coordinates":[23.993791903,49.823576161]},"properties":{"address":"Труша І. 7","name_build":"вілла","date_build":"кін. XIX ст.","num_ohor_build":"2834","moid":"9505408691023163","geom":{"type":"Point","coordinates":[23.993791902654383,49.823576161180384]},"note":null,"editor_id":null,"uid":null,"editor_date":null}},{"type":"Feature","geometry":{"type":"Point","coordinates":[23.994495919,49.823276167]},"properties":{"address":"Труша І. 11а","name_build":"вілла","date_build":"кін. XIX ст.","num_ohor_build":"2835","moid":"9505408691023164","geom":{"type":"Point","coordinates":[23.99449591860671,49.82327616699934]},"note":null,"editor_id":null,"uid":null,"editor_date":null}},{"type":"Feature","geometry":null,"properties":{"address":"Труша І. 19","name_build":"вілла","date_build":"кін. XIX ст.","num_ohor_build":"2836","moid":"9505408691023165","geom":null,"note":null,"editor_id":null,"uid":null,"editor_date":null}},{"type":"Feature","geometry":{"type":"Point","coordinates":[23.992965896,49.82358815]},"properties":{"address":"Труша І. 20","name_build":"вілла","date_build":"поч. XX ст.","num_ohor_build":"2207","moid":"9505408691023166","geom":{"type":"Point","coordinates":[23.99296589550427,49.82358814958719]},"note":null,"editor_id":null,"uid":null,"editor_date":null}},{"type":"Feature","geometry":null,"properties":{"address":"Труша І. 21","name_build":"вілла","date_build":"кін. XIX ст.","num_ohor_build":"2837","moid":"9505408691023167","geom":null,"note":null,"editor_id":null,"uid":null,"editor_date":null}},{"type":"Feature","geometry":{"type":"Point","coordinates":[23.99623493,49.823373193]},"properties":{"address":"Труша І. 23","name_build":"пром. буд. (вілла)","date_build":"кін. XIX ст.","num_ohor_build":"2838","moid":"9505408691023168","geom":{"type":"Point","coordinates":[23.99623492950234,49.8233731931203]},"note":null,"editor_id":null,"uid":null,"editor_date":null}},{"type":"Feature","geometry":{"type":"Point","coordinates":[23.993563914,49.823200153]},"properties":{"address":"Труша І. 26","name_build":"вілла","date_build":"кін. XIX ст.","num_ohor_build":"2839","moid":"9505408691023169","geom":{"type":"Point","coordinates":[23.993563913584886,49.82320015266339]},"note":null,"editor_id":null,"uid":null,"editor_date":null}},{"type":"Feature","geometry":{"type":"Point","coordinates":[23.994331926,49.823016161]},"properties":{"address":"Труша І. 28","name_build":"художньо-меморіальний музей Труша (житл. буд.)","date_build":"1910 р.","num_ohor_build":"303","moid":"9505408691023170","geom":{"type":"Point","coordinates":[23.994331926113073,49.82301616101964]},"note":null,"editor_id":null,"uid":null,"editor_date":null}},{"type":"Feature","geometry":{"type":"Point","coordinates":[23.994735931,49.822976166]},"properties":{"address":"Труша І. 30","name_build":"житл. буд.","date_build":"поч. XX ст.","num_ohor_build":"2208","moid":"9505408691023171","geom":{"type":"Point","coordinates":[23.994735930771494,49.82297616621141]},"note":null,"editor_id":null,"uid":null,"editor_date":null}},{"type":"Feature","geometry":{"type":"Point","coordinates":[23.994905932,49.822988169]},"properties":{"address":"Труша І. 32","name_build":"вілла","date_build":"поч. XX ст.","num_ohor_build":"2209","moid":"9505408691023172","geom":{"type":"Point","coordinates":[23.994905931750928,49.822988168800194]},"note":null,"editor_id":null,"uid":null,"editor_date":null}},{"type":"Feature","geometry":{"type":"Point","coordinates":[24.039543826,49.836815998]},"properties":{"address":"Туган-Барановського М. 7","name_build":"навч.корпус (гімназія жіноча учительська)","date_build":"1899 р.","num_ohor_build":"1090","moid":"9505408691023173","geom":{"type":"Point","coordinates":[24.03954382617903,49.83681599827013]},"note":null,"editor_id":null,"uid":null,"editor_date":null}},{"type":"Feature","geometry":{"type":"Point","coordinates":[24.03778181,49.836871974]},"properties":{"address":"Туган-Барановського М. 10","name_build":"навч.корпус комерційної академії (уч.корпус торговельна школа)","date_build":"1935-1936 рр.","num_ohor_build":"382","moid":"9505408691023174","geom":{"type":"Point","coordinates":[24.037781809846365,49.836871973967895]},"note":null,"editor_id":null,"uid":null,"editor_date":null}},{"type":"Feature","geometry":null,"properties":{"address":"Туган-Барановського М. 12","name_build":"житл. буд.","date_build":"кін. XIX ст.","num_ohor_build":"1682","moid":"9505408691023175","geom":null,"note":null,"editor_id":null,"uid":null,"editor_date":null}},{"type":"Feature","geometry":{"type":"Point","coordinates":[24.038219823,49.836591976]},"properties":{"address":"Туган-Барановського М. 14","name_build":"житл. буд.","date_build":"1913 р.","num_ohor_build":"383","moid":"9505408691023176","geom":{"type":"Point","coordinates":[24.038219822962812,49.8365919762765]},"note":null,"editor_id":null,"uid":null,"editor_date":null}},{"type":"Feature","geometry":{"type":"Point","coordinates":[24.039351834,49.836543992]},"properties":{"address":"Туган-Барановського М. 26","name_build":"житл. буд.","date_build":"1900 р.","num_ohor_build":"384","moid":"9505408691023177","geom":{"type":"Point","coordinates":[24.039351833864963,49.836543991720774]},"note":null,"editor_id":null,"uid":null,"editor_date":null}},{"type":"Feature","geometry":{"type":"Point","coordinates":[24.04091987,49.835852004]},"properties":{"address":"Туган-Барановського М. 36","name_build":"житл. буд. (житл. буд. родини Шпатц)","date_build":"1937 р.","num_ohor_build":"385","moid":"9505408691023178","geom":{"type":"Point","coordinates":[24.04091987025689,49.83585200433846]},"note":null,"editor_id":null,"uid":null,"editor_date":null}},{"type":"Feature","geometry":null,"properties":{"address":"Тютюнників Г. 2","name_build":"школа № 28 (школа)","date_build":"30-ті XX ст.","num_ohor_build":"2109","moid":"9505408691023179","geom":null,"note":null,"editor_id":null,"uid":null,"editor_date":null}},{"type":"Feature","geometry":null,"properties":{"address":"Тютюнників Г. 8","name_build":"вілла","date_build":"30-ті XX ст.","num_ohor_build":"2583","moid":"9505408691023180","geom":null,"note":null,"editor_id":null,"uid":null,"editor_date":null}},{"type":"Feature","geometry":null,"properties":{"address":"Тютюнників Г. 21","name_build":"вілла","date_build":"30-ті XX ст.","num_ohor_build":"2584","moid":"9505408691023181","geom":null,"note":null,"editor_id":null,"uid":null,"editor_date":null}},{"type":"Feature","geometry":{"type":"Point","coordinates":[24.031286417,49.846852021]},"properties":{"address":"Ужгородська 1","name_build":"лікарня 1-а міська клінічна (монастир)","date_build":"1911 р.","num_ohor_build":"314","moid":"9505408691023182","geom":{"type":"Point","coordinates":[24.031286416878633,49.846852021474774]},"note":null,"editor_id":null,"uid":null,"editor_date":null}},{"type":"Feature","geometry":null,"properties":{"address":"Устияновича К. 5","name_build":"уч.корпус (уч.корпус Лабораторія машин)","date_build":"1926-1927 рр.","num_ohor_build":"309","moid":"9505408691023183","geom":null,"note":null,"editor_id":null,"uid":null,"editor_date":null}},{"type":"Feature","geometry":null,"properties":{"address":"Устияновича К. 8","name_build":"житл. буд.","date_build":"1907 р.","num_ohor_build":"1049","moid":"9505408691023184","geom":null,"note":null,"editor_id":null,"uid":null,"editor_date":null}},{"type":"Feature","geometry":null,"properties":{"address":"Устияновича К. 8а","name_build":"житл. буд.","date_build":"1907 р.","num_ohor_build":"1050","moid":"9505408691023185","geom":null,"note":null,"editor_id":null,"uid":null,"editor_date":null}},{"type":"Feature","geometry":null,"properties":{"address":"Устияновича К. 8б","name_build":"житл. буд.","date_build":"1907 р.","num_ohor_build":"310","moid":"9505408691023186","geom":null,"note":null,"editor_id":null,"uid":null,"editor_date":null}},{"type":"Feature","geometry":{"type":"Point","coordinates":[24.032803557,49.843111991]},"properties":{"address":"Федорова І. 2","name_build":"житл. буд.","date_build":"XVII ст.","num_ohor_build":"350","moid":"9505408691023187","geom":{"type":"Point","coordinates":[24.032803556659335,49.84311199061632]},"note":null,"editor_id":null,"uid":null,"editor_date":null}},{"type":"Feature","geometry":null,"properties":{"address":"Федорова І. 6","name_build":"житл. буд.","date_build":"XIX ст.","num_ohor_build":"351","moid":"9505408691023188","geom":null,"note":null,"editor_id":null,"uid":null,"editor_date":null}},{"type":"Feature","geometry":{"type":"Point","coordinates":[24.033796601,49.84204299]},"properties":{"address":"Федорова І. 11","name_build":"житл. буд.","date_build":"1887 р.","num_ohor_build":"352","moid":"9505408691023189","geom":{"type":"Point","coordinates":[24.033796601186776,49.84204298976148]},"note":null,"editor_id":null,"uid":null,"editor_date":null}},{"type":"Feature","geometry":{"type":"Point","coordinates":[24.033311595,49.842115984]},"properties":{"address":"Федорова І. 12","name_build":"житл. буд.","date_build":"1912 р.","num_ohor_build":"353","moid":"9505408691023190","geom":{"type":"Point","coordinates":[24.033311594731032,49.842115983879175]},"note":null,"editor_id":null,"uid":null,"editor_date":null}},{"type":"Feature","geometry":{"type":"Point","coordinates":[24.033736617,49.841577982]},"properties":{"address":"Федорова І. 20","name_build":"житл. буд. (житл. буд. кам’яниця Коркесів)","date_build":"1775-1776 рр.","num_ohor_build":"355","moid":"9505408691023192","geom":{"type":"Point","coordinates":[24.033736616527843,49.84157798238443]},"note":null,"editor_id":null,"uid":null,"editor_date":null}},{"type":"Feature","geometry":{"type":"Point","coordinates":[24.03415162,49.841583988]},"properties":{"address":"Федорова І. 21","name_build":"житл. буд.","date_build":"поч. XX ст.","num_ohor_build":"1052","moid":"9505408691023193","geom":{"type":"Point","coordinates":[24.0341516197208,49.84158398837805]},"note":null,"editor_id":null,"uid":null,"editor_date":null}},{"type":"Feature","geometry":{"type":"Point","coordinates":[24.03420363,49.841303985]},"properties":{"address":"Федорова І. 27","name_build":"житл. буд.","date_build":"поч. XX ст.","num_ohor_build":"1053","moid":"9505408691023194","geom":{"type":"Point","coordinates":[24.034203629679645,49.84130398519086]},"note":null,"editor_id":null,"uid":null,"editor_date":null}},{"type":"Feature","geometry":{"type":"Point","coordinates":[24.033833631,49.841163978]},"properties":{"address":"Федорова І. 28","name_build":"житл. буд.","date_build":"XVIII ст.","num_ohor_build":"356","moid":"9505408691023195","geom":{"type":"Point","coordinates":[24.033833631417327,49.841163977958416]},"note":null,"editor_id":null,"uid":null,"editor_date":null}},{"type":"Feature","geometry":{"type":"Point","coordinates":[24.034339634,49.841203986]},"properties":{"address":"Федорова І. 29","name_build":"житл. буд.","date_build":"1905-1907 рр.","num_ohor_build":"1054","moid":"9505408691023196","geom":{"type":"Point","coordinates":[24.034339634197632,49.84120398572471]},"note":null,"editor_id":null,"uid":null,"editor_date":null}},{"type":"Feature","geometry":{"type":"Point","coordinates":[24.033983637,49.841035978]},"properties":{"address":"Федорова І. 30","name_build":"житл. буд.","date_build":"XVIII ст.","num_ohor_build":"357","moid":"9505408691023197","geom":{"type":"Point","coordinates":[24.03398363700317,49.84103597829886]},"note":null,"editor_id":null,"uid":null,"editor_date":null}},{"type":"Feature","geometry":{"type":"Point","coordinates":[24.002112579,49.835084441]},"properties":{"address":"Федьковича Ю. 24","name_build":"житл. буд.","date_build":"1908 р.","num_ohor_build":"2215","moid":"9505408691023198","geom":{"type":"Point","coordinates":[24.002112578975975,49.83508444099713]},"note":null,"editor_id":null,"uid":null,"editor_date":null}},{"type":"Feature","geometry":{"type":"Point","coordinates":[24.0006986,49.834133408]},"properties":{"address":"Федьковича Ю. 32","name_build":"житл. буд. (товариство \"Сокіл\")","date_build":"1907-1908 рр.","num_ohor_build":"2216","moid":"9505408691023199","geom":{"type":"Point","coordinates":[24.000698599798177,49.834133407527936]},"note":null,"editor_id":null,"uid":null,"editor_date":null}},{"type":"Feature","geometry":null,"properties":{"address":"Федьковича Ю. 54-56","name_build":"палац науки і техніки Львівської залізниці (адм.буд. працівників профспілки залізниці)","date_build":"1932-1936 рр.","num_ohor_build":"317","moid":"9505408691023200","geom":null,"note":null,"editor_id":null,"uid":null,"editor_date":null}},{"type":"Feature","geometry":null,"properties":{"address":"акад. Філатова В. 4","name_build":"житл. буд.","date_build":"кін. XIX ст.","num_ohor_build":"1401","moid":"9505408691023201","geom":null,"note":null,"editor_id":null,"uid":null,"editor_date":null}},{"type":"Feature","geometry":null,"properties":{"address":"акад. Філатова В. 9","name_build":"житл. буд.","date_build":"1900 р.","num_ohor_build":"1402","moid":"9505408691023202","geom":null,"note":null,"editor_id":null,"uid":null,"editor_date":null}},{"type":"Feature","geometry":null,"properties":{"address":"акад. Філатова В. 11","name_build":"житл. буд.","date_build":"1910 р.","num_ohor_build":"315","moid":"9505408691023203","geom":null,"note":null,"editor_id":null,"uid":null,"editor_date":null}},{"type":"Feature","geometry":null,"properties":{"address":"акад. Філатова В. 12","name_build":"житл. буд.","date_build":"1907 р.","num_ohor_build":"316","moid":"9505408691023204","geom":null,"note":null,"editor_id":null,"uid":null,"editor_date":null}},{"type":"Feature","geometry":{"type":"Point","coordinates":[24.034851754,49.837795945]},"properties":{"address":"Франка І. 2","name_build":"житл. буд.","date_build":"1883 р.","num_ohor_build":"318","moid":"9505408691023205","geom":{"type":"Point","coordinates":[24.034851754408123,49.837795945210345]},"note":null,"editor_id":null,"uid":null,"editor_date":null}},{"type":"Feature","geometry":null,"properties":{"address":"Франка І. 3","name_build":"житл. буд.","date_build":"кін. XIX ст.","num_ohor_build":"1403","moid":"9505408691023206","geom":null,"note":null,"editor_id":null,"uid":null,"editor_date":null}},{"type":"Feature","geometry":{"type":"Point","coordinates":[24.034844759,49.837647943]},"properties":{"address":"Франка І. 4","name_build":"житл. буд.","date_build":"1882 р.","num_ohor_build":"319","moid":"9505408691023207","geom":{"type":"Point","coordinates":[24.034844759388708,49.83764794303466]},"note":null,"editor_id":null,"uid":null,"editor_date":null}},{"type":"Feature","geometry":null,"properties":{"address":"Франка І. 5","name_build":"житл. буд.","date_build":"1906 р.","num_ohor_build":"320","moid":"9505408691023208","geom":null,"note":null,"editor_id":null,"uid":null,"editor_date":null}},{"type":"Feature","geometry":{"type":"Point","coordinates":[24.034748765,49.837446939]},"properties":{"address":"Франка І. 6","name_build":"житл. буд.","date_build":"1912 р.","num_ohor_build":"321","moid":"9505408691023209","geom":{"type":"Point","coordinates":[24.034748765444796,49.83744693884828]},"note":null,"editor_id":null,"uid":null,"editor_date":null}},{"type":"Feature","geometry":{"type":"Point","coordinates":[24.03510378,49.837091939]},"properties":{"address":"Франка І. 7","name_build":"житл. буд.","date_build":"1911 р.","num_ohor_build":"322","moid":"9505408691023210","geom":{"type":"Point","coordinates":[24.035103780434543,49.837091938923365]},"note":null,"editor_id":null,"uid":null,"editor_date":null}},{"type":"Feature","geometry":{"type":"Point","coordinates":[24.034691781,49.836971931]},"properties":{"address":"Франка І. 8","name_build":"житл. буд.","date_build":"1913 р.","num_ohor_build":"323","moid":"9505408691023211","geom":{"type":"Point","coordinates":[24.034691781146627,49.836971931373824]},"note":null,"editor_id":null,"uid":null,"editor_date":null}},{"type":"Feature","geometry":{"type":"Point","coordinates":[24.035139803,49.83645193]},"properties":{"address":"Франка І. 15","name_build":"житл. буд.","date_build":"XIX ст.","num_ohor_build":"324","moid":"9505408691023212","geom":{"type":"Point","coordinates":[24.035139802513452,49.83645193045858]},"note":null,"editor_id":null,"uid":null,"editor_date":null}},{"type":"Feature","geometry":{"type":"Point","coordinates":[24.035163808,49.836303929]},"properties":{"address":"Франка І. 17","name_build":"житл. буд.","date_build":"XIX ст.","num_ohor_build":"325","moid":"9505408691023213","geom":{"type":"Point","coordinates":[24.035163807747406,49.83630392872429]},"note":null,"editor_id":null,"uid":null,"editor_date":null}},{"type":"Feature","geometry":{"type":"Point","coordinates":[24.036742852,49.835392938]},"properties":{"address":"Франка І. 23","name_build":"житл. буд. (житл. буд. службовців поштової ощадної каси)","date_build":"1926 р.","num_ohor_build":"1676","moid":"9505408691023214","geom":{"type":"Point","coordinates":[24.03674285167989,49.83539293842766]},"note":null,"editor_id":null,"uid":null,"editor_date":null}},{"type":"Feature","geometry":{"type":"Point","coordinates":[24.035208848,49.835119913]},"properties":{"address":"Франка І. 25","name_build":"адм.буд. (житл. буд.)","date_build":"1828 р.","num_ohor_build":"665","moid":"9505408691023215","geom":{"type":"Point","coordinates":[24.035208848414143,49.835119912756944]},"note":null,"editor_id":null,"uid":null,"editor_date":null}},{"type":"Feature","geometry":{"type":"Point","coordinates":[24.034241857,49.834623892]},"properties":{"address":"Франка І. 26","name_build":"житл. буд.","date_build":"1935-1936 рр.","num_ohor_build":"1677","moid":"9505408691023216","geom":{"type":"Point","coordinates":[24.034241857380014,49.83462389203131]},"note":null,"editor_id":null,"uid":null,"editor_date":null}},{"type":"Feature","geometry":{"type":"Point","coordinates":[24.034160861,49.834495889]},"properties":{"address":"Франка І. 28","name_build":"житл. буд.","date_build":"1899 р.","num_ohor_build":"326","moid":"9505408691023217","geom":{"type":"Point","coordinates":[24.03416086107336,49.8344958890826]},"note":null,"editor_id":null,"uid":null,"editor_date":null}},{"type":"Feature","geometry":{"type":"Point","coordinates":[24.033885886,49.833711874]},"properties":{"address":"Франка І. 32","name_build":"житл. буд.","date_build":"поч. XX ст.","num_ohor_build":"1058","moid":"9505408691023218","geom":{"type":"Point","coordinates":[24.03388588550437,49.8337118741702]},"note":null,"editor_id":null,"uid":null,"editor_date":null}},{"type":"Feature","geometry":{"type":"Point","coordinates":[24.034539877,49.834111889]},"properties":{"address":"Франка І. 33","name_build":"житл. буд.","date_build":"1913 р.","num_ohor_build":"1059","moid":"9505408691023219","geom":{"type":"Point","coordinates":[24.034539877244217,49.834111889092526]},"note":null,"editor_id":null,"uid":null,"editor_date":null}},{"type":"Feature","geometry":{"type":"Point","coordinates":[24.034499892,49.833679882]},"properties":{"address":"Франка І. 37","name_build":"житл. буд.","date_build":"1913 р.","num_ohor_build":"2217","moid":"9505408691023220","geom":{"type":"Point","coordinates":[24.034499891618825,49.83367988246343]},"note":null,"editor_id":null,"uid":null,"editor_date":null}},{"type":"Feature","geometry":{"type":"Point","coordinates":[24.034165911,49.833021868]},"properties":{"address":"Франка І. 43","name_build":"житл. буд.","date_build":"1981-1983 рр.","num_ohor_build":"1060","moid":"9505408691023221","geom":{"type":"Point","coordinates":[24.034165911277796,49.8330218684784]},"note":null,"editor_id":null,"uid":null,"editor_date":null}},{"type":"Feature","geometry":{"type":"Point","coordinates":[24.033528927,49.832403851]},"properties":{"address":"Франка І. 46","name_build":"житл. буд.","date_build":"1909-1912 рр.","num_ohor_build":"755","moid":"9505408691023222","geom":{"type":"Point","coordinates":[24.033528927095052,49.83240385074053]},"note":null,"editor_id":null,"uid":null,"editor_date":null}},{"type":"Feature","geometry":{"type":"Point","coordinates":[24.033311922,49.832499849]},"properties":{"address":"Франка І. 48","name_build":"житл. буд.","date_build":"1909-1912 рр.","num_ohor_build":"756","moid":"9505408691023223","geom":{"type":"Point","coordinates":[24.033311922052235,49.832499848997486]},"note":null,"editor_id":null,"uid":null,"editor_date":null}},{"type":"Feature","geometry":{"type":"Point","coordinates":[24.033079928,49.832271842]},"properties":{"address":"Франка І. 50","name_build":"житл. буд.","date_build":"1909-1912 рр.","num_ohor_build":"757","moid":"9505408691023224","geom":{"type":"Point","coordinates":[24.03307992791234,49.83227184249632]},"note":null,"editor_id":null,"uid":null,"editor_date":null}},{"type":"Feature","geometry":{"type":"Point","coordinates":[24.033377934,49.832171845]},"properties":{"address":"Франка І. 52","name_build":"житл. буд.","date_build":"1909-1912 рр.","num_ohor_build":"758","moid":"9505408691023225","geom":{"type":"Point","coordinates":[24.033377933754103,49.8321718453365]},"note":null,"editor_id":null,"uid":null,"editor_date":null}},{"type":"Feature","geometry":{"type":"Point","coordinates":[24.033901941,49.832079852]},"properties":{"address":"Франка І. 53","name_build":"житл. буд.","date_build":"1931 р.","num_ohor_build":"327","moid":"9505408691023226","geom":{"type":"Point","coordinates":[24.033901941173298,49.83207985150659]},"note":null,"editor_id":null,"uid":null,"editor_date":null}},{"type":"Feature","geometry":{"type":"Point","coordinates":[24.033843948,49.831879848]},"properties":{"address":"Франка І. 55","name_build":"житл. буд.","date_build":"1911 р.","num_ohor_build":"328","moid":"9505408691023227","geom":{"type":"Point","coordinates":[24.03384394750438,49.8318798478755]},"note":null,"editor_id":null,"uid":null,"editor_date":null}},{"type":"Feature","geometry":{"type":"Point","coordinates":[24.03371195,49.831763844]},"properties":{"address":"Франка І. 57","name_build":"житл. буд.","date_build":"1895 р.","num_ohor_build":"329","moid":"9505408691023228","geom":{"type":"Point","coordinates":[24.033711950371387,49.83176384436907]},"note":null,"editor_id":null,"uid":null,"editor_date":null}},{"type":"Feature","geometry":{"type":"Point","coordinates":[24.033499955,49.831567839]},"properties":{"address":"Франка І. 59","name_build":"житл. буд.","date_build":"1906-1907 рр.","num_ohor_build":"330","moid":"9505408691023229","geom":{"type":"Point","coordinates":[24.033499955305906,49.831567838601515]},"note":null,"editor_id":null,"uid":null,"editor_date":null}},{"type":"Feature","geometry":{"type":"Point","coordinates":[24.031609978,49.830431796]},"properties":{"address":"Франка І. 66","name_build":"житл. буд.","date_build":"поч. XX ст.","num_ohor_build":"1061","moid":"9505408691023230","geom":{"type":"Point","coordinates":[24.031609978494206,49.83043179575896]},"note":null,"editor_id":null,"uid":null,"editor_date":null}},{"type":"Feature","geometry":{"type":"Point","coordinates":[24.031129979,49.830292787]},"properties":{"address":"Франка І. 68","name_build":"уч.корпус (житл. буд.)","date_build":"поч. XX ст.","num_ohor_build":"1062","moid":"9505408691023231","geom":{"type":"Point","coordinates":[24.031129979296168,49.83029278697538]},"note":null,"editor_id":null,"uid":null,"editor_date":null}},{"type":"Feature","geometry":{"type":"Point","coordinates":[24.03222199,49.830251802]},"properties":{"address":"Франка І. 71","name_build":"житл. буд.","date_build":"1910 р.","num_ohor_build":"331","moid":"9505408691023232","geom":{"type":"Point","coordinates":[24.03222198962687,49.830251801947554]},"note":null,"editor_id":null,"uid":null,"editor_date":null}},{"type":"Feature","geometry":{"type":"Point","coordinates":[24.031957995,49.830015795]},"properties":{"address":"Франка І. 75","name_build":"житл. буд.","date_build":"1908 р.","num_ohor_build":"332","moid":"9505408691023233","geom":{"type":"Point","coordinates":[24.031957995496615,49.83001579487876]},"note":null,"editor_id":null,"uid":null,"editor_date":null}},{"type":"Feature","geometry":{"type":"Point","coordinates":[24.032892039,49.828955793]},"properties":{"address":"Франка І. 83","name_build":"житл. буд.","date_build":"1911 р.","num_ohor_build":"333","moid":"9505408691023234","geom":{"type":"Point","coordinates":[24.032892039205375,49.82895579330867]},"note":null,"editor_id":null,"uid":null,"editor_date":null}},{"type":"Feature","geometry":{"type":"Point","coordinates":[24.031360019,49.829167774]},"properties":{"address":"Франка І. 84","name_build":"житл. буд.","date_build":"поч. XX ст.","num_ohor_build":"1404","moid":"9505408691023235","geom":{"type":"Point","coordinates":[24.031360019456304,49.82916777447093]},"note":null,"editor_id":null,"uid":null,"editor_date":null}},{"type":"Feature","geometry":{"type":"Point","coordinates":[24.033136047,49.828799795]},"properties":{"address":"Франка І. 85","name_build":"житл. буд.","date_build":"поч. XX ст.","num_ohor_build":"666","moid":"9505408691023236","geom":{"type":"Point","coordinates":[24.03313604650968,49.82879979459443]},"note":null,"editor_id":null,"uid":null,"editor_date":null}},{"type":"Feature","geometry":{"type":"Point","coordinates":[24.033320052,49.828679796]},"properties":{"address":"Франка І. 87","name_build":"житл. буд.","date_build":"1911 р.","num_ohor_build":"334","moid":"9505408691154309","geom":{"type":"Point","coordinates":[24.033320052098137,49.828679795530896]},"note":null,"editor_id":null,"uid":null,"editor_date":null}},{"type":"Feature","geometry":{"type":"Point","coordinates":[24.03357206,49.828511797]},"properties":{"address":"Франка І. 89","name_build":"житл. буд.","date_build":"поч. XX ст.","num_ohor_build":"1063","moid":"9505408691154310","geom":{"type":"Point","coordinates":[24.03357205987613,49.828511796762186]},"note":null,"editor_id":null,"uid":null,"editor_date":null}},{"type":"Feature","geometry":{"type":"Point","coordinates":[24.032548044,49.828735785]},"properties":{"address":"Франка І. 90","name_build":"житл. буд.","date_build":"1910 р.","num_ohor_build":"335","moid":"9505408691154311","geom":{"type":"Point","coordinates":[24.032548043875472,49.828735785325414]},"note":null,"editor_id":null,"uid":null,"editor_date":null}},{"type":"Feature","geometry":{"type":"Point","coordinates":[24.033274063,49.82833979]},"properties":{"address":"Франка І. 98","name_build":"житл. буд.","date_build":"1893 р.","num_ohor_build":"336","moid":"9505408691154312","geom":{"type":"Point","coordinates":[24.033274063289287,49.8283397901071]},"note":null,"editor_id":null,"uid":null,"editor_date":null}},{"type":"Feature","geometry":{"type":"Point","coordinates":[24.032725146,49.825773746]},"properties":{"address":"Франка І. 114","name_build":"вілла (вілла Ванга)","date_build":"1899 р.","num_ohor_build":"337","moid":"9505408691154313","geom":{"type":"Point","coordinates":[24.03272514609106,49.82577374630053]},"note":null,"editor_id":null,"uid":null,"editor_date":null}},{"type":"Feature","geometry":{"type":"Point","coordinates":[24.034068211,49.824187743]},"properties":{"address":"Франка І. 119","name_build":"школа-інтернат (школа)","date_build":"1851 р.","num_ohor_build":"338","moid":"9505408691154314","geom":{"type":"Point","coordinates":[24.03406821102897,49.82418774317455]},"note":null,"editor_id":null,"uid":null,"editor_date":null}},{"type":"Feature","geometry":{"type":"Point","coordinates":[24.033092176,49.824991741]},"properties":{"address":"Франка І. 122","name_build":"житл. буд. (вілла Марія)","date_build":"1896 р.","num_ohor_build":"759","moid":"9505408691154315","geom":{"type":"Point","coordinates":[24.033092175694822,49.824991740557024]},"note":null,"editor_id":null,"uid":null,"editor_date":null}},{"type":"Feature","geometry":{"type":"Point","coordinates":[24.03319219,49.824587736]},"properties":{"address":"Франка І. 124","name_build":"житл. буд.","date_build":"1908 р.","num_ohor_build":"339","moid":"9505408691154316","geom":{"type":"Point","coordinates":[24.033192190255203,49.82458773631419]},"note":null,"editor_id":null,"uid":null,"editor_date":null}},{"type":"Feature","geometry":{"type":"Point","coordinates":[24.032706276,49.821935692]},"properties":{"address":"Франка І. 125","name_build":"вілла","date_build":"поч. XX ст.","num_ohor_build":"1406","moid":"9505408691154317","geom":{"type":"Point","coordinates":[24.032706276479196,49.821935692199446]},"note":null,"editor_id":null,"uid":null,"editor_date":null}},{"type":"Feature","geometry":{"type":"Point","coordinates":[24.033182197,49.824395733]},"properties":{"address":"Франка І. 126","name_build":"житл. буд.","date_build":"1907-1908 рр.","num_ohor_build":"2218","moid":"9505408691154318","geom":{"type":"Point","coordinates":[24.033182196704182,49.824395733478866]},"note":null,"editor_id":null,"uid":null,"editor_date":null}},{"type":"Feature","geometry":{"type":"Point","coordinates":[24.031960271,49.821903681]},"properties":{"address":"Франка І. 127","name_build":"вілла","date_build":"1910 р.","num_ohor_build":"340","moid":"9505408691154319","geom":{"type":"Point","coordinates":[24.031960271464055,49.8219036811309]},"note":null,"editor_id":null,"uid":null,"editor_date":null}},{"type":"Feature","geometry":{"type":"Point","coordinates":[24.033176203,49.824199731]},"properties":{"address":"Франка І. 128","name_build":"житл. буд.","date_build":"поч. XX ст.","num_ohor_build":"2219","moid":"9505408691154320","geom":{"type":"Point","coordinates":[24.03317620332187,49.82419973064438]},"note":null,"editor_id":null,"uid":null,"editor_date":null}},{"type":"Feature","geometry":{"type":"Point","coordinates":[24.03315621,49.824007728]},"properties":{"address":"Франка І. 130","name_build":"житл. буд.","date_build":"1907-1910 рр.","num_ohor_build":"2220","moid":"9505408691154321","geom":{"type":"Point","coordinates":[24.03315620968888,49.82400772766672]},"note":null,"editor_id":null,"uid":null,"editor_date":null}},{"type":"Feature","geometry":{"type":"Point","coordinates":[24.033144215,49.823843725]},"properties":{"address":"Франка І. 132","name_build":"житл. буд.","date_build":"поч. XX ст.","num_ohor_build":"2221","moid":"9505408691154322","geom":{"type":"Point","coordinates":[24.033144215168907,49.82384372519567]},"note":null,"editor_id":null,"uid":null,"editor_date":null}},{"type":"Feature","geometry":{"type":"Point","coordinates":[24.032484241,49.822939703]},"properties":{"address":"Франка І. 148","name_build":"житл. буд.","date_build":"поч. XX ст.","num_ohor_build":"760","moid":"9505408691154323","geom":{"type":"Point","coordinates":[24.032484240516062,49.822939703120795]},"note":null,"editor_id":null,"uid":null,"editor_date":null}},{"type":"Feature","geometry":{"type":"Point","coordinates":[24.027028309,49.819599579]},"properties":{"address":"Франка І. 151","name_build":"вілла","date_build":"1922 р.","num_ohor_build":"341","moid":"9505408691154324","geom":{"type":"Point","coordinates":[24.027028309475366,49.81959957860814]},"note":null,"editor_id":null,"uid":null,"editor_date":null}},{"type":"Feature","geometry":{"type":"Point","coordinates":[24.031598255,49.822303682]},"properties":{"address":"Франка І. 152","name_build":"вілла (вілла Франка)","date_build":"1902 р.","num_ohor_build":"342","moid":"9505408691154325","geom":{"type":"Point","coordinates":[24.031598254898316,49.82230368158774]},"note":null,"editor_id":null,"uid":null,"editor_date":null}},{"type":"Feature","geometry":{"type":"Point","coordinates":[24.026876313,49.819455574]},"properties":{"address":"Франка І. 153","name_build":"вілла","date_build":"1922 р.","num_ohor_build":"343","moid":"9505408691154326","geom":{"type":"Point","coordinates":[24.026876313129147,49.819455574424865]},"note":null,"editor_id":null,"uid":null,"editor_date":null}},{"type":"Feature","geometry":{"type":"Point","coordinates":[24.030968242,49.822531676]},"properties":{"address":"Франка І. 154","name_build":"меморіальний музей Грушевського (вілла Грушевського)","date_build":"1902 р.","num_ohor_build":"1405","moid":"9505408691154327","geom":{"type":"Point","coordinates":[24.030968241989704,49.82253167581699]},"note":null,"editor_id":null,"uid":null,"editor_date":null}},{"type":"Feature","geometry":null,"properties":{"address":"Фредри О. 1","name_build":"адмін.-буд. палац шахів (казино військове)","date_build":"1885 р.","num_ohor_build":"73","moid":"9505408691154328","geom":null,"note":null,"editor_id":null,"uid":null,"editor_date":null}},{"type":"Feature","geometry":null,"properties":{"address":"Фредри О. 4","name_build":"житл. буд.","date_build":"XIX ст.","num_ohor_build":"888","moid":"9505408691154329","geom":null,"note":null,"editor_id":null,"uid":null,"editor_date":null}},{"type":"Feature","geometry":null,"properties":{"address":"Фредри О. 4а","name_build":"житл. буд.","date_build":"XIX ст.","num_ohor_build":"889","moid":"9505408691154330","geom":null,"note":null,"editor_id":null,"uid":null,"editor_date":null}},{"type":"Feature","geometry":null,"properties":{"address":"Фредри О. 7","name_build":"житл. буд.","date_build":"1911-1915 рр.","num_ohor_build":"730","moid":"9505408691154331","geom":null,"note":null,"editor_id":null,"uid":null,"editor_date":null}},{"type":"Feature","geometry":null,"properties":{"address":"Фредри О. 9","name_build":"житл. буд.","date_build":"1908-1909 рр.","num_ohor_build":"731","moid":"9505408691154332","geom":null,"note":null,"editor_id":null,"uid":null,"editor_date":null}},{"type":"Feature","geometry":{"type":"Point","coordinates":[24.051523809,49.840195216]},"properties":{"address":"Харківська 8а","name_build":"житл. буд.","date_build":"поч. XX ст.","num_ohor_build":"2840","moid":"9505408691154333","geom":{"type":"Point","coordinates":[24.051523809293705,49.84019521624774]},"note":null,"editor_id":null,"uid":null,"editor_date":null}},{"type":"Feature","geometry":{"type":"Point","coordinates":[24.051559807,49.840280218]},"properties":{"address":"Харківська 8б","name_build":"житл. буд.","date_build":"30-ті XX ст.","num_ohor_build":"2841","moid":"9505408691154334","geom":{"type":"Point","coordinates":[24.05155980669519,49.84028021795292]},"note":null,"editor_id":null,"uid":null,"editor_date":null}},{"type":"Feature","geometry":{"type":"Point","coordinates":[24.051021775,49.841080222]},"properties":{"address":"Харківська 19","name_build":"вілла","date_build":"30-ті XX ст.","num_ohor_build":"2842","moid":"9505408691154335","geom":{"type":"Point","coordinates":[24.051021775052554,49.841080221517544]},"note":null,"editor_id":null,"uid":null,"editor_date":null}},{"type":"Feature","geometry":{"type":"Point","coordinates":[24.052253748,49.842176254]},"properties":{"address":"Харківська 40","name_build":"вілла","date_build":"30-ті XX ст.","num_ohor_build":"2843","moid":"9505408691154336","geom":{"type":"Point","coordinates":[24.052253747836616,49.842176254437064]},"note":null,"editor_id":null,"uid":null,"editor_date":null}},{"type":"Feature","geometry":{"type":"Point","coordinates":[24.052227744,49.842280256]},"properties":{"address":"Харківська 42","name_build":"вілла","date_build":"30-ті XX ст.","num_ohor_build":"2844","moid":"9505408691154337","geom":{"type":"Point","coordinates":[24.052227744082845,49.84228025552612]},"note":null,"editor_id":null,"uid":null,"editor_date":null}},{"type":"Feature","geometry":{"type":"Point","coordinates":[24.028892444,49.845487968]},"properties":{"address":"Хмельницького Б. 3","name_build":"житл. буд.","date_build":"1912 р.","num_ohor_build":"358","moid":"9505408691154338","geom":{"type":"Point","coordinates":[24.028892443737327,49.84548796824954]},"note":null,"editor_id":null,"uid":null,"editor_date":null}},{"type":"Feature","geometry":{"type":"Point","coordinates":[24.028957435,49.845766973]},"properties":{"address":"Хмельницького Б. 5","name_build":"житл. буд.","date_build":"1913 р.","num_ohor_build":"1064","moid":"9505408691154339","geom":{"type":"Point","coordinates":[24.028957434767666,49.84576697308859]},"note":null,"editor_id":null,"uid":null,"editor_date":null}},{"type":"Feature","geometry":{"type":"Point","coordinates":[24.029374446,49.845528976]},"properties":{"address":"Хмельницького Б. 8","name_build":"житл. буд.","date_build":"XVIII ст.","num_ohor_build":"1065","moid":"9505408691154340","geom":{"type":"Point","coordinates":[24.029374446285924,49.845528975688715]},"note":null,"editor_id":null,"uid":null,"editor_date":null}},{"type":"Feature","geometry":{"type":"Point","coordinates":[24.029408443,49.845639978]},"properties":{"address":"Хмельницького Б. 10","name_build":"житл. буд.","date_build":"XIX ст.","num_ohor_build":"359","moid":"9505408691154341","geom":{"type":"Point","coordinates":[24.029408442783993,49.84563997772985]},"note":null,"editor_id":null,"uid":null,"editor_date":null}},{"type":"Feature","geometry":{"type":"Point","coordinates":[24.02892242,49.846188979]},"properties":{"address":"Хмельницького Б. 11","name_build":"житл. буд.","date_build":"1912 р.","num_ohor_build":"360","moid":"9505408691154342","geom":{"type":"Point","coordinates":[24.02892242010926,49.846188978509325]},"note":null,"editor_id":null,"uid":null,"editor_date":null}},{"type":"Feature","geometry":{"type":"Point","coordinates":[24.029414437,49.84580798]},"properties":{"address":"Хмельницького Б. 12","name_build":"житл. буд.","date_build":"XIX ст.","num_ohor_build":"361","moid":"9505408691154343","geom":{"type":"Point","coordinates":[24.029414437111654,49.84580798017176]},"note":null,"editor_id":null,"uid":null,"editor_date":null}},{"type":"Feature","geometry":{"type":"Point","coordinates":[24.028960427,49.845985976]},"properties":{"address":"Хмельницького Б. 15","name_build":"житл. буд.","date_build":"поч. XX ст.","num_ohor_build":"362","moid":"9505408691154344","geom":{"type":"Point","coordinates":[24.028960427333836,49.84598597620311]},"note":null,"editor_id":null,"uid":null,"editor_date":null}},{"type":"Feature","geometry":{"type":"Point","coordinates":[24.028662403,49.846623981]},"properties":{"address":"Хмельницького Б. 23","name_build":"житл. буд.","date_build":"поч. XX ст.","num_ohor_build":"363","moid":"9505408691154345","geom":{"type":"Point","coordinates":[24.028662403166262,49.84662398090818]},"note":null,"editor_id":null,"uid":null,"editor_date":null}},{"type":"Feature","geometry":{"type":"Point","coordinates":[24.028948379,49.847411996]},"properties":{"address":"Хмельницького Б. 28а","name_build":"житл. буд. (плебанія)","date_build":"1904 р.","num_ohor_build":"364","moid":"9505408691154346","geom":{"type":"Point","coordinates":[24.02894837866872,49.84741199603407]},"note":null,"editor_id":null,"uid":null,"editor_date":null}},{"type":"Feature","geometry":{"type":"Point","coordinates":[24.028760364,49.847811999]},"properties":{"address":"Хмельницького Б. 30","name_build":"житл. буд.","date_build":"XIX ст.","num_ohor_build":"1066","moid":"9505408691154347","geom":{"type":"Point","coordinates":[24.028760363506038,49.847811998967344]},"note":null,"editor_id":null,"uid":null,"editor_date":null}},{"type":"Feature","geometry":{"type":"Point","coordinates":[24.028653337,49.848570008]},"properties":{"address":"Хмельницького Б. 34","name_build":"сходи парадні","date_build":"1820 р.","num_ohor_build":"364","moid":"9505408691154348","geom":{"type":"Point","coordinates":[24.028653336811992,49.84857000807569]},"note":null,"editor_id":null,"uid":null,"editor_date":null}},{"type":"Feature","geometry":{"type":"Point","coordinates":[24.028028355,49.84789199]},"properties":{"address":"Хмельницького Б. 39","name_build":"житл. буд.","date_build":"поч. XX ст.","num_ohor_build":"1067","moid":"9505408691154349","geom":{"type":"Point","coordinates":[24.028028354790166,49.84789198966477]},"note":null,"editor_id":null,"uid":null,"editor_date":null}},{"type":"Feature","geometry":{"type":"Point","coordinates":[24.028036333,49.848539999]},"properties":{"address":"Хмельницького Б. 47","name_build":"житл. буд.","date_build":"поч. XX ст.","num_ohor_build":"1068","moid":"9505408691154350","geom":{"type":"Point","coordinates":[24.02803633278396,49.84853999886785]},"note":null,"editor_id":null,"uid":null,"editor_date":null}},{"type":"Feature","geometry":{"type":"Point","coordinates":[24.027970326,49.848712]},"properties":{"address":"Хмельницького Б. 49","name_build":"житл. буд.","date_build":"поч. XX ст.","num_ohor_build":"365","moid":"9505408691154351","geom":{"type":"Point","coordinates":[24.027970326385127,49.848712000340456]},"note":null,"editor_id":null,"uid":null,"editor_date":null}},{"type":"Feature","geometry":{"type":"Point","coordinates":[24.033276255,49.852084123]},"properties":{"address":"Хмельницького Б. 56","name_build":"житл. буд. (житл. буд. братів Шульц)","date_build":"1895-1896 рр.","num_ohor_build":"366","moid":"9505408691154352","geom":{"type":"Point","coordinates":[24.033276254953442,49.85208412320695]},"note":null,"editor_id":null,"uid":null,"editor_date":null}},{"type":"Feature","geometry":{"type":"Point","coordinates":[24.034036249,49.852431139]},"properties":{"address":"Хмельницького Б. 64","name_build":"житл. буд.","date_build":"кін. XIX ст.","num_ohor_build":"1069","moid":"9505408691154353","geom":{"type":"Point","coordinates":[24.034036249354727,49.852431138898524]},"note":null,"editor_id":null,"uid":null,"editor_date":null}},{"type":"Feature","geometry":null,"properties":{"address":"Хмельницького Б. 114-116","name_build":"пром. буд. (пром. буд. фабрика горілок і лікерів Бачевських)","date_build":"1782 р.","num_ohor_build":"1576","moid":"9505408691154354","geom":null,"note":null,"editor_id":null,"uid":null,"editor_date":null}},{"type":"Feature","geometry":{"type":"Point","coordinates":[24.045768231,49.855796353]},"properties":{"address":"Хмельницького Б. 124","name_build":"пром. буд.","date_build":"поч. XX ст.","num_ohor_build":"1577","moid":"9505408691154355","geom":{"type":"Point","coordinates":[24.045768230810683,49.855796353192716]},"note":null,"editor_id":null,"uid":null,"editor_date":null}},{"type":"Feature","geometry":{"type":"Point","coordinates":[24.047297199,49.857095393]},"properties":{"address":"Хмельницького Б. 146","name_build":"житл. буд.","date_build":"кін. XIX ст.","num_ohor_build":"2489","moid":"9505408691154356","geom":{"type":"Point","coordinates":[24.047297199079715,49.85709539319472]},"note":null,"editor_id":null,"uid":null,"editor_date":null}},{"type":"Feature","geometry":{"type":"Point","coordinates":[24.044978232,49.855563339]},"properties":{"address":"Хмельницького Б. 173","name_build":"житл. буд.","date_build":"поч. XX ст.","num_ohor_build":"2486","moid":"9505408691154357","geom":{"type":"Point","coordinates":[24.044978232275813,49.85556333867259]},"note":null,"editor_id":null,"uid":null,"editor_date":null}},{"type":"Feature","geometry":{"type":"Point","coordinates":[24.044838226,49.855718339]},"properties":{"address":"Хмельницького Б. 175","name_build":"житл. буд.","date_build":"кін. XIX ст.","num_ohor_build":"2487","moid":"9505408691154358","geom":{"type":"Point","coordinates":[24.04483822584739,49.85571833885349]},"note":null,"editor_id":null,"uid":null,"editor_date":null}},{"type":"Feature","geometry":{"type":"Point","coordinates":[24.046380185,49.857284383]},"properties":{"address":"Хмельницького Б. 191","name_build":"житл. буд.","date_build":"кін. XIX ст.","num_ohor_build":"2490","moid":"9505408691154359","geom":{"type":"Point","coordinates":[24.046380185124153,49.85728438278675]},"note":null,"editor_id":null,"uid":null,"editor_date":null}},{"type":"Feature","geometry":{"type":"Point","coordinates":[24.046943163,49.858058402]},"properties":{"address":"Хмельницького Б. 199","name_build":"житл. буд.","date_build":"1909 р.","num_ohor_build":"2488","moid":"9505408691154360","geom":{"type":"Point","coordinates":[24.046943163363515,49.85805840166511]},"note":null,"editor_id":null,"uid":null,"editor_date":null}},{"type":"Feature","geometry":{"type":"Point","coordinates":[24.014690387,49.843743742]},"properties":{"address":"Хорватська 5","name_build":"житл. буд.","date_build":"поч. XX ст.","num_ohor_build":"2424","moid":"9505408691154361","geom":{"type":"Point","coordinates":[24.014690386950715,49.843743741536116]},"note":null,"editor_id":null,"uid":null,"editor_date":null}},{"type":"Feature","geometry":{"type":"Point","coordinates":[24.014820383,49.843891745]},"properties":{"address":"Хорватська 7","name_build":"житл. буд.","date_build":"поч. XX ст.","num_ohor_build":"2425","moid":"9505408691154362","geom":{"type":"Point","coordinates":[24.014820382973515,49.843891745463]},"note":null,"editor_id":null,"uid":null,"editor_date":null}},{"type":"Feature","geometry":null,"properties":{"address":"Хорватська 17/19","name_build":"житл. буд.","date_build":"поч. XX ст.","num_ohor_build":"2426","moid":"9505408691154363","geom":null,"note":null,"editor_id":null,"uid":null,"editor_date":null}},{"type":"Feature","geometry":{"type":"Point","coordinates":[24.004699509,49.837772516]},"properties":{"address":"Хотинська 1","name_build":"житл. буд.","date_build":"1906-1907 рр.","num_ohor_build":"1678","moid":"9505408691154364","geom":{"type":"Point","coordinates":[24.004699508602666,49.83777251552517]},"note":null,"editor_id":null,"uid":null,"editor_date":null}},{"type":"Feature","geometry":{"type":"Point","coordinates":[24.004655503,49.837926517]},"properties":{"address":"Хотинська 3","name_build":"житл. буд.","date_build":"1906-1907 рр.","num_ohor_build":"1679","moid":"9505408691154365","geom":{"type":"Point","coordinates":[24.004655503000134,49.83792651705774]},"note":null,"editor_id":null,"uid":null,"editor_date":null}},{"type":"Feature","geometry":null,"properties":{"address":"Хотинська 4","name_build":"школа № 59 (гімназія 9-та)","date_build":"1907-1908 рр.","num_ohor_build":"1680","moid":"9505408691154366","geom":null,"note":null,"editor_id":null,"uid":null,"editor_date":null}},{"type":"Feature","geometry":null,"properties":{"address":"Хотинська 6","name_build":"школа (житл. буд.)","date_build":"1907-1908 рр.","num_ohor_build":"1681","moid":"9505408691154367","geom":null,"note":null,"editor_id":null,"uid":null,"editor_date":null}},{"type":"Feature","geometry":{"type":"Point","coordinates":[24.000299714,49.830672353]},"properties":{"address":"Художня 11","name_build":"вілла","date_build":"поч. XX ст.","num_ohor_build":"2485","moid":"9505408691154368","geom":{"type":"Point","coordinates":[24.00029971433788,49.83067235332476]},"note":null,"editor_id":null,"uid":null,"editor_date":null}},{"type":"Feature","geometry":{"type":"Point","coordinates":[24.062652111,49.834000288]},"properties":{"address":"Цетнерівка 18","name_build":"вілла","date_build":"1928 р.","num_ohor_build":"1675","moid":"9505408691154369","geom":{"type":"Point","coordinates":[24.062652111352943,49.83400028774803]},"note":null,"editor_id":null,"uid":null,"editor_date":null}},{"type":"Feature","geometry":{"type":"Point","coordinates":[24.030777713,49.83802789]},"properties":{"address":"Чайковського П. 6","name_build":"житл.-адм.буд. (житл.-адм.буд.)","date_build":"1904-1905 рр.","num_ohor_build":"2222","moid":"9505408691154370","geom":{"type":"Point","coordinates":[24.03077771316571,49.83802789045513]},"note":null,"editor_id":null,"uid":null,"editor_date":null}},{"type":"Feature","geometry":{"type":"Point","coordinates":[24.030388724,49.837624879]},"properties":{"address":"Чайковського П. 7","name_build":"філармонія (товариство Галицьке музичне товариство)","date_build":"1907-1910 рр.","num_ohor_build":"374","moid":"9505408691154371","geom":{"type":"Point","coordinates":[24.030388723700675,49.83762487926352]},"note":null,"editor_id":null,"uid":null,"editor_date":null}},{"type":"Feature","geometry":{"type":"Point","coordinates":[24.030059715,49.837815877]},"properties":{"address":"Чайковського П. 10","name_build":"житл. буд.","date_build":"1887 р.","num_ohor_build":"375","moid":"9505408691154372","geom":{"type":"Point","coordinates":[24.030059714506557,49.83781587725789]},"note":null,"editor_id":null,"uid":null,"editor_date":null}},{"type":"Feature","geometry":{"type":"Point","coordinates":[24.029867715,49.837759874]},"properties":{"address":"Чайковського П. 12","name_build":"житл. буд.","date_build":"кін. XIX ст.","num_ohor_build":"376","moid":"9505408691154373","geom":{"type":"Point","coordinates":[24.029867714841632,49.83775987373849]},"note":null,"editor_id":null,"uid":null,"editor_date":null}},{"type":"Feature","geometry":null,"properties":{"address":"Чайковського П. 35","name_build":"адм.буд. (вілла Домчанської)","date_build":"1886-1889 рр.","num_ohor_build":"1683","moid":"9505408691154374","geom":null,"note":null,"editor_id":null,"uid":null,"editor_date":null}},{"type":"Feature","geometry":null,"properties":{"address":"єпис. Чарнецького М. 6","name_build":"вілла","date_build":"30-ті XX ст.","num_ohor_build":"2845","moid":"9505408691154375","geom":null,"note":null,"editor_id":null,"uid":null,"editor_date":null}},{"type":"Feature","geometry":null,"properties":{"address":"Черемшини М. 3","name_build":"житл. буд.","date_build":"1874 р.","num_ohor_build":"2496","moid":"9505408691154376","geom":null,"note":null,"editor_id":null,"uid":null,"editor_date":null}},{"type":"Feature","geometry":null,"properties":{"address":"Черешнева 2/4","name_build":"вілла","date_build":"поч. XX ст.","num_ohor_build":"2491","moid":"9505408691154377","geom":null,"note":null,"editor_id":null,"uid":null,"editor_date":null}},{"type":"Feature","geometry":null,"properties":{"address":"Черешнева 3/5","name_build":"вілла","date_build":"поч. XX ст.","num_ohor_build":"2492","moid":"9505408691154378","geom":null,"note":null,"editor_id":null,"uid":null,"editor_date":null}},{"type":"Feature","geometry":null,"properties":{"address":"Черешнева 6/8","name_build":"вілла","date_build":"поч. XX ст.","num_ohor_build":"2493","moid":"9505408691154379","geom":null,"note":null,"editor_id":null,"uid":null,"editor_date":null}},{"type":"Feature","geometry":null,"properties":{"address":"Черешнева 7/9","name_build":"вілла","date_build":"поч. XX ст.","num_ohor_build":"2494","moid":"9505408691154380","geom":null,"note":null,"editor_id":null,"uid":null,"editor_date":null}},{"type":"Feature","geometry":null,"properties":{"address":"Черешнева 11/13","name_build":"вілла","date_build":"поч. XX ст.","num_ohor_build":"2495","moid":"9505408691154381","geom":null,"note":null,"editor_id":null,"uid":null,"editor_date":null}},{"type":"Feature","geometry":{"type":"Point","coordinates":[24.046855763,49.840420153]},"properties":{"address":"Чернігівська 2","name_build":"житл. буд.","date_build":"1910-1912 рр.","num_ohor_build":"1542","moid":"9505408691154382","geom":{"type":"Point","coordinates":[24.046855763386432,49.84042015294087]},"note":null,"editor_id":null,"uid":null,"editor_date":null}},{"type":"Feature","geometry":{"type":"Point","coordinates":[24.047245778,49.840087154]},"properties":{"address":"Чернігівська 3","name_build":"житл. буд.","date_build":"поч. XIX ст.","num_ohor_build":"1543","moid":"9505408691154383","geom":{"type":"Point","coordinates":[24.047245777917606,49.84008715382185]},"note":null,"editor_id":null,"uid":null,"editor_date":null}},{"type":"Feature","geometry":{"type":"Point","coordinates":[24.044575803,49.838720097]},"properties":{"address":"Чернігівська 15","name_build":"житл. буд.","date_build":"1937 р.","num_ohor_build":"386","moid":"9505408691154384","geom":{"type":"Point","coordinates":[24.044575802579434,49.83872009662728]},"note":null,"editor_id":null,"uid":null,"editor_date":null}},{"type":"Feature","geometry":{"type":"Point","coordinates":[24.04438581,49.83845209]},"properties":{"address":"Чернігівська 17","name_build":"житл. буд.","date_build":"1928-1930 рр.","num_ohor_build":"387","moid":"9505408691154385","geom":{"type":"Point","coordinates":[24.044385810145776,49.838452090162185]},"note":null,"editor_id":null,"uid":null,"editor_date":null}},{"type":"Feature","geometry":{"type":"Point","coordinates":[24.043535831,49.837632067]},"properties":{"address":"Чернігівська 27","name_build":"житл. буд.","date_build":"1912 р.","num_ohor_build":"388","moid":"9505408691154386","geom":{"type":"Point","coordinates":[24.043535831095493,49.837632066555926]},"note":null,"editor_id":null,"uid":null,"editor_date":null}},{"type":"Feature","geometry":{"type":"Point","coordinates":[24.043366832,49.837553063]},"properties":{"address":"Чернігівська 29","name_build":"житл. буд.","date_build":"1913 р.","num_ohor_build":"389","moid":"9505408691154387","geom":{"type":"Point","coordinates":[24.043366832400338,49.83755306304141]},"note":null,"editor_id":null,"uid":null,"editor_date":null}},{"type":"Feature","geometry":null,"properties":{"address":"Чечета Г. 1","name_build":"церква Андрія з дзвінницею","date_build":"1923 р.","num_ohor_build":"2455","moid":"9505408691154388","geom":null,"note":null,"editor_id":null,"uid":null,"editor_date":null}},{"type":"Feature","geometry":null,"properties":{"address":"Чорновола пр. 25","name_build":"житл. буд.","date_build":"1911 р.","num_ohor_build":"2206","moid":"9505408691154389","geom":null,"note":null,"editor_id":null,"uid":null,"editor_date":null}},{"type":"Feature","geometry":null,"properties":{"address":"Чорновола пр. 37","name_build":"житл. буд.","date_build":"30-ті XX ст.","num_ohor_build":"2483","moid":"9505408691154390","geom":null,"note":null,"editor_id":null,"uid":null,"editor_date":null}},{"type":"Feature","geometry":{"type":"Point","coordinates":[24.06541189,49.841180428]},"properties":{"address":"Чумацька 1","name_build":"вілла","date_build":"30-ті XX ст.","num_ohor_build":"2846","moid":"9505408691154391","geom":{"type":"Point","coordinates":[24.065411889622887,49.84118042780008]},"note":null,"editor_id":null,"uid":null,"editor_date":null}},{"type":"Feature","geometry":{"type":"Point","coordinates":[24.065903898,49.841064433]},"properties":{"address":"Чумацька 2","name_build":"вілла","date_build":"30-ті XX ст.","num_ohor_build":"2847","moid":"9505408691154392","geom":{"type":"Point","coordinates":[24.06590389760704,49.841064433176776]},"note":null,"editor_id":null,"uid":null,"editor_date":null}},{"type":"Feature","geometry":{"type":"Point","coordinates":[24.065335888,49.841224427]},"properties":{"address":"Чумацька 3","name_build":"вілла","date_build":"30-ті XX ст.","num_ohor_build":"2848","moid":"9505408691154393","geom":{"type":"Point","coordinates":[24.065335887501742,49.84122442733556]},"note":null,"editor_id":null,"uid":null,"editor_date":null}},{"type":"Feature","geometry":{"type":"Point","coordinates":[24.065705888,49.841312434]},"properties":{"address":"Чумацька 4","name_build":"вілла","date_build":"1932 р.","num_ohor_build":"2223","moid":"9505408691154394","geom":{"type":"Point","coordinates":[24.06570588754094,49.84131243383826]},"note":null,"editor_id":null,"uid":null,"editor_date":null}},{"type":"Feature","geometry":{"type":"Point","coordinates":[24.064899874,49.841508425]},"properties":{"address":"Чумацька 7","name_build":"вілла","date_build":"30-ті XX ст.","num_ohor_build":"2849","moid":"9505408691154395","geom":{"type":"Point","coordinates":[24.064899874258046,49.8415084251138]},"note":null,"editor_id":null,"uid":null,"editor_date":null}},{"type":"Feature","geometry":{"type":"Point","coordinates":[24.064093856,49.841848418]},"properties":{"address":"Чумацька 11а","name_build":"вілла","date_build":"30-ті XX ст.","num_ohor_build":"2850","moid":"9505408691154396","geom":{"type":"Point","coordinates":[24.06409385607331,49.84184841841006]},"note":null,"editor_id":null,"uid":null,"editor_date":null}},{"type":"Feature","geometry":{"type":"Point","coordinates":[24.064503855,49.841992426]},"properties":{"address":"Чумацька 24","name_build":"вілла","date_build":"30-ті XX ст.","num_ohor_build":"2851","moid":"9505408691154397","geom":{"type":"Point","coordinates":[24.06450385453389,49.84199242626821]},"note":null,"editor_id":null,"uid":null,"editor_date":null}},{"type":"Feature","geometry":{"type":"Point","coordinates":[24.06428985,49.842088425]},"properties":{"address":"Чумацька 26","name_build":"вілла","date_build":"30-ті XX ст.","num_ohor_build":"2852","moid":"9505408691154398","geom":{"type":"Point","coordinates":[24.064289849510654,49.84208842456868]},"note":null,"editor_id":null,"uid":null,"editor_date":null}},{"type":"Feature","geometry":null,"properties":{"address":"ген. Чупринки Т. 1","name_build":"школа","date_build":"1930 р.","num_ohor_build":"206","moid":"9505408691154399","geom":null,"note":null,"editor_id":null,"uid":null,"editor_date":null}},{"type":"Feature","geometry":null,"properties":{"address":"ген. Чупринки Т. 4","name_build":"житл. буд.","date_build":"1911 р.","num_ohor_build":"207","moid":"9505408691154400","geom":null,"note":null,"editor_id":null,"uid":null,"editor_date":null}},{"type":"Feature","geometry":null,"properties":{"address":"ген. Чупринки Т. 6","name_build":"житл. буд.","date_build":"1905-1910 рр.","num_ohor_build":"1009","moid":"9505408691154401","geom":null,"note":null,"editor_id":null,"uid":null,"editor_date":null}},{"type":"Feature","geometry":null,"properties":{"address":"ген. Чупринки Т. 8","name_build":"житл. буд.","date_build":"1905-1910 рр.","num_ohor_build":"1010","moid":"9505408691154402","geom":null,"note":null,"editor_id":null,"uid":null,"editor_date":null}},{"type":"Feature","geometry":null,"properties":{"address":"ген. Чупринки Т. 11а","name_build":"адм.буд. банк (житл. буд.)","date_build":"1907 р.","num_ohor_build":"1011","moid":"9505408691154403","geom":null,"note":null,"editor_id":null,"uid":null,"editor_date":null}},{"type":"Feature","geometry":null,"properties":{"address":"ген. Чупринки Т. 16а","name_build":"житл. буд.","date_build":"поч. XX ст.","num_ohor_build":"2181","moid":"9505408691154404","geom":null,"note":null,"editor_id":null,"uid":null,"editor_date":null}},{"type":"Feature","geometry":null,"properties":{"address":"ген. Чупринки Т. 17","name_build":"житл. буд.","date_build":"поч. XX ст.","num_ohor_build":"1012","moid":"9505408691154405","geom":null,"note":null,"editor_id":null,"uid":null,"editor_date":null}},{"type":"Feature","geometry":null,"properties":{"address":"ген. Чупринки Т. 21","name_build":"вілла","date_build":"поч. XX ст.","num_ohor_build":"1013","moid":"9505408691154406","geom":null,"note":null,"editor_id":null,"uid":null,"editor_date":null}},{"type":"Feature","geometry":null,"properties":{"address":"ген. Чупринки Т. 49","name_build":"житл. буд. (житл. буд. будинок Бромільських)","date_build":"1908-1910 рр.","num_ohor_build":"209","moid":"9505408691154409","geom":null,"note":null,"editor_id":null,"uid":null,"editor_date":null}},{"type":"Feature","geometry":null,"properties":{"address":"ген. Чупринки Т. 50","name_build":"житл. буд. (житл. буд. палац Бесядецького)","date_build":"1900-1901 рр.","num_ohor_build":"210","moid":"9505408691285482","geom":null,"note":null,"editor_id":null,"uid":null,"editor_date":null}},{"type":"Feature","geometry":null,"properties":{"address":"ген. Чупринки Т. 54","name_build":"житл. буд.","date_build":"1907-1908 рр.","num_ohor_build":"1655","moid":"9505408691285484","geom":null,"note":null,"editor_id":null,"uid":null,"editor_date":null}},{"type":"Feature","geometry":null,"properties":{"address":"ген. Чупринки Т. 58а","name_build":"житл. буд. (пром. буд. фабрика І.Левинського)","date_build":"поч. XX ст.","num_ohor_build":"2182","moid":"9505408691285485","geom":null,"note":null,"editor_id":null,"uid":null,"editor_date":null}},{"type":"Feature","geometry":null,"properties":{"address":"ген. Чупринки Т. 60","name_build":"житл. буд.","date_build":"1911 р.","num_ohor_build":"1015","moid":"9505408691285486","geom":null,"note":null,"editor_id":null,"uid":null,"editor_date":null}},{"type":"Feature","geometry":null,"properties":{"address":"ген. Чупринки Т. 61","name_build":"лікарня (вілла Равського, монстир)","date_build":"1896 р.","num_ohor_build":"1656","moid":"9505408691285487","geom":null,"note":null,"editor_id":null,"uid":null,"editor_date":null}},{"type":"Feature","geometry":null,"properties":{"address":"ген. Чупринки Т. 62","name_build":"житл. буд.","date_build":"1938 р.","num_ohor_build":"2183","moid":"9505408691285488","geom":null,"note":null,"editor_id":null,"uid":null,"editor_date":null}},{"type":"Feature","geometry":null,"properties":{"address":"ген. Чупринки Т. 68","name_build":"житл. буд.","date_build":"1916 р.","num_ohor_build":"2184","moid":"9505408691285489","geom":null,"note":null,"editor_id":null,"uid":null,"editor_date":null}},{"type":"Feature","geometry":null,"properties":{"address":"ген. Чупринки Т. 72","name_build":"навч. закл. (вілла Бізанца)","date_build":"кін. XIX ст.","num_ohor_build":"2783","moid":"9505408691285490","geom":null,"note":null,"editor_id":null,"uid":null,"editor_date":null}},{"type":"Feature","geometry":null,"properties":{"address":"ген. Чупринки Т. 94","name_build":"вілла (вілла Скібневських)","date_build":"1909-1912 рр.","num_ohor_build":"212","moid":"9505408691285491","geom":null,"note":null,"editor_id":null,"uid":null,"editor_date":null}},{"type":"Feature","geometry":null,"properties":{"address":"ген. Чупринки Т. 103","name_build":"навч.корпус лісотехнічної академії (адм.буд. бурса Укр. Педагогічного Товариства)","date_build":"1906-1908 рр.","num_ohor_build":"213","moid":"9505408691285492","geom":null,"note":null,"editor_id":null,"uid":null,"editor_date":null}},{"type":"Feature","geometry":null,"properties":{"address":"ген. Чупринки Т. 129","name_build":"житл. буд.","date_build":"поч. XX ст.","num_ohor_build":"2185","moid":"9505408691285493","geom":null,"note":null,"editor_id":null,"uid":null,"editor_date":null}},{"type":"Feature","geometry":null,"properties":{"address":"Шашкевича М. пл. 1","name_build":"адм.буд. (житл. буд.)","date_build":"1911 р.","num_ohor_build":"743","moid":"9505408691285494","geom":null,"note":null,"editor_id":null,"uid":null,"editor_date":null}},{"type":"Feature","geometry":null,"properties":{"address":"Шашкевича М. пл. 2","name_build":"житл. буд.","date_build":"1909 р.","num_ohor_build":"744","moid":"9505408691285495","geom":null,"note":null,"editor_id":null,"uid":null,"editor_date":null}},{"type":"Feature","geometry":null,"properties":{"address":"Шашкевича М. пл. 3","name_build":"житл. буд.","date_build":"1912 р.","num_ohor_build":"745","moid":"9505408691285496","geom":null,"note":null,"editor_id":null,"uid":null,"editor_date":null}},{"type":"Feature","geometry":null,"properties":{"address":"Шашкевича М. пл. 4","name_build":"житл. буд.","date_build":"1909 р.","num_ohor_build":"746","moid":"9505408691285497","geom":null,"note":null,"editor_id":null,"uid":null,"editor_date":null}},{"type":"Feature","geometry":null,"properties":{"address":"Шашкевича М. пл. 5","name_build":"навч. закл. (товариство будинок музичного товариства)","date_build":"1913-1916 рр.","num_ohor_build":"390","moid":"9505408691285498","geom":null,"note":null,"editor_id":null,"uid":null,"editor_date":null}},{"type":"Feature","geometry":null,"properties":{"address":"Шашкевича М. пл. 6","name_build":"житл. буд.","date_build":"1909 р.","num_ohor_build":"747","moid":"9505408691285499","geom":null,"note":null,"editor_id":null,"uid":null,"editor_date":null}},{"type":"Feature","geometry":null,"properties":{"address":"Шевченка пр. 1","name_build":"адм.буд. (банк Іпотечний)","date_build":"1876-1877 рр.","num_ohor_build":"1547","moid":"9505408691285500","geom":null,"note":null,"editor_id":null,"uid":null,"editor_date":null}},{"type":"Feature","geometry":null,"properties":{"address":"Шевченка пр. 2","name_build":"готель \"Жорж\"","date_build":"1899 р.","num_ohor_build":"1548","moid":"9505408691285501","geom":null,"note":null,"editor_id":null,"uid":null,"editor_date":null}},{"type":"Feature","geometry":null,"properties":{"address":"Шевченка пр. 4","name_build":"адм.буд. (житл. буд. будинок Сегаля)","date_build":"1904-1905 рр.","num_ohor_build":"396","moid":"9505408691285502","geom":null,"note":null,"editor_id":null,"uid":null,"editor_date":null}},{"type":"Feature","geometry":null,"properties":{"address":"Шевченка пр. 5","name_build":"житл. буд.","date_build":"1913 р.","num_ohor_build":"397","moid":"9505408691285503","geom":null,"note":null,"editor_id":null,"uid":null,"editor_date":null}},{"type":"Feature","geometry":null,"properties":{"address":"Шевченка пр. 7","name_build":"адм.буд. (адм.буд. Шпрехера)","date_build":"1929-1930 рр.","num_ohor_build":"398","moid":"9505408691285504","geom":null,"note":null,"editor_id":null,"uid":null,"editor_date":null}},{"type":"Feature","geometry":null,"properties":{"address":"Шевченка пр. 9","name_build":"навч. заклад (адм.буд.)","date_build":"1888 р.","num_ohor_build":"399","moid":"9505408691285505","geom":null,"note":null,"editor_id":null,"uid":null,"editor_date":null}},{"type":"Feature","geometry":null,"properties":{"address":"Шевченка пр. 10","name_build":"житл.-адм.буд. (адм.буд.)","date_build":"1888-1893 рр.","num_ohor_build":"400","moid":"9505408691285506","geom":null,"note":null,"editor_id":null,"uid":null,"editor_date":null}},{"type":"Feature","geometry":null,"properties":{"address":"Шевченка пр. 11","name_build":"адм.буд.","date_build":"кін. XIX ст.","num_ohor_build":"1549","moid":"9505408691285507","geom":null,"note":null,"editor_id":null,"uid":null,"editor_date":null}},{"type":"Feature","geometry":null,"properties":{"address":"Шевченка пр. 12","name_build":"житл. буд.","date_build":"1877 р.","num_ohor_build":"401","moid":"9505408691285508","geom":null,"note":null,"editor_id":null,"uid":null,"editor_date":null}},{"type":"Feature","geometry":null,"properties":{"address":"Шевченка пр. 13","name_build":"адм.буд. (казино міське)","date_build":"1876 р.","num_ohor_build":"402","moid":"9505408691285509","geom":null,"note":null,"editor_id":null,"uid":null,"editor_date":null}},{"type":"Feature","geometry":null,"properties":{"address":"Шевченка пр. 14","name_build":"житл. буд.","date_build":"1896-1897 рр.","num_ohor_build":"403","moid":"9505408691285510","geom":null,"note":null,"editor_id":null,"uid":null,"editor_date":null}},{"type":"Feature","geometry":null,"properties":{"address":"Шевченка пр. 16","name_build":"житл. буд.","date_build":"1895-1896 рр.","num_ohor_build":"404","moid":"9505408691285511","geom":null,"note":null,"editor_id":null,"uid":null,"editor_date":null}},{"type":"Feature","geometry":null,"properties":{"address":"Шевченка пр. 17","name_build":"адм.буд. (тор-пром.пал.)","date_build":"1907-1912 рр.","num_ohor_build":"405","moid":"9505408691285512","geom":null,"note":null,"editor_id":null,"uid":null,"editor_date":null}},{"type":"Feature","geometry":null,"properties":{"address":"Шевченка пр. 19","name_build":"адм.буд (тор-пром.пал.)","date_build":"1883 р.","num_ohor_build":"406","moid":"9505408691285513","geom":null,"note":null,"editor_id":null,"uid":null,"editor_date":null}},{"type":"Feature","geometry":null,"properties":{"address":"Шевченка пр. 20","name_build":"житл. буд.","date_build":"1883-1884 рр.","num_ohor_build":"407","moid":"9505408691285514","geom":null,"note":null,"editor_id":null,"uid":null,"editor_date":null}},{"type":"Feature","geometry":null,"properties":{"address":"Шевченка пр. 21","name_build":"житл. буд.","date_build":"1910 р.","num_ohor_build":"408","moid":"9505408691285515","geom":null,"note":null,"editor_id":null,"uid":null,"editor_date":null}},{"type":"Feature","geometry":null,"properties":{"address":"Шевченка пр. 22","name_build":"житл. буд.","date_build":"1885 р.","num_ohor_build":"409","moid":"9505408691285516","geom":null,"note":null,"editor_id":null,"uid":null,"editor_date":null}},{"type":"Feature","geometry":null,"properties":{"address":"Шевченка пр. 23","name_build":"адмін. буд. банк (житл. буд.)","date_build":"1880 р.","num_ohor_build":"410","moid":"9505408691285517","geom":null,"note":null,"editor_id":null,"uid":null,"editor_date":null}},{"type":"Feature","geometry":null,"properties":{"address":"Шевченка пр. 25","name_build":"житл. буд.","date_build":"1912 р.","num_ohor_build":"411","moid":"9505408691285518","geom":null,"note":null,"editor_id":null,"uid":null,"editor_date":null}},{"type":"Feature","geometry":null,"properties":{"address":"Шевченка пр. 26","name_build":"житл. буд.","date_build":"1898 р.","num_ohor_build":"412","moid":"9505408691285519","geom":null,"note":null,"editor_id":null,"uid":null,"editor_date":null}},{"type":"Feature","geometry":null,"properties":{"address":"Шевченка пр. 28","name_build":"житл.-адм.буд. (житл. буд.)","date_build":"1897 р.","num_ohor_build":"1684","moid":"9505408691285520","geom":null,"note":null,"editor_id":null,"uid":null,"editor_date":null}},{"type":"Feature","geometry":null,"properties":{"address":"Шевченка пр. 34","name_build":"житл. буд.","date_build":"поч. XX ст.","num_ohor_build":"1550","moid":"9505408691285521","geom":null,"note":null,"editor_id":null,"uid":null,"editor_date":null}},{"type":"Feature","geometry":null,"properties":{"address":"Шевченка пр. 36","name_build":"житл.-адм.буд. (житл. буд.)","date_build":"кін. XIX ст.","num_ohor_build":"1551","moid":"9505408691285522","geom":null,"note":null,"editor_id":null,"uid":null,"editor_date":null}},{"type":"Feature","geometry":{"type":"Point","coordinates":[24.017940444,49.842848775]},"properties":{"address":"Шевченка Т. 4","name_build":"житл. буд.","date_build":"1908 р.","num_ohor_build":"391","moid":"9505408691285523","geom":{"type":"Point","coordinates":[24.017940444005745,49.84284877526949]},"note":null,"editor_id":null,"uid":null,"editor_date":null}},{"type":"Feature","geometry":{"type":"Point","coordinates":[24.032200778,49.836472889]},"properties":{"address":"Шевченка Т. 21","name_build":"вілла","date_build":"30-ті XX ст.","num_ohor_build":"2853","moid":"9505408691285524","geom":{"type":"Point","coordinates":[24.032200777742958,49.83647288890603]},"note":null,"editor_id":null,"uid":null,"editor_date":null}},{"type":"Feature","geometry":{"type":"Point","coordinates":[24.031599782,49.836191876]},"properties":{"address":"Шевченка Т. 24","name_build":"житл. буд.","date_build":"1912-1913 рр.","num_ohor_build":"392","moid":"9505408691285525","geom":{"type":"Point","coordinates":[24.031599782388902,49.836191876407156]},"note":null,"editor_id":null,"uid":null,"editor_date":null}},{"type":"Feature","geometry":{"type":"Point","coordinates":[24.031751792,49.835955875]},"properties":{"address":"Шевченка Т. 26","name_build":"житл. буд.","date_build":"1912-1913 рр.","num_ohor_build":"393","moid":"9505408691285526","geom":{"type":"Point","coordinates":[24.031751791665624,49.8359558752612]},"note":null,"editor_id":null,"uid":null,"editor_date":null}},{"type":"Feature","geometry":{"type":"Point","coordinates":[24.032783806,49.835783888]},"properties":{"address":"Шевченка Т. 27","name_build":"житл. буд.","date_build":"поч. XX ст.","num_ohor_build":"1091","moid":"9505408691285527","geom":{"type":"Point","coordinates":[24.032783805965998,49.83578388754283]},"note":null,"editor_id":null,"uid":null,"editor_date":null}},{"type":"Feature","geometry":{"type":"Point","coordinates":[24.031799799,49.835739873]},"properties":{"address":"Шевченка Т. 28","name_build":"житл. буд.","date_build":"поч. XX ст.","num_ohor_build":"1092","moid":"9505408691285528","geom":{"type":"Point","coordinates":[24.031799799410376,49.835739872914964]},"note":null,"editor_id":null,"uid":null,"editor_date":null}},{"type":"Feature","geometry":{"type":"Point","coordinates":[24.03151381,49.835363864]},"properties":{"address":"Шевченка Т. 30","name_build":"житл. буд.","date_build":"1912 р.","num_ohor_build":"394","moid":"9505408691285529","geom":{"type":"Point","coordinates":[24.03151380986741,49.835363863568844]},"note":null,"editor_id":null,"uid":null,"editor_date":null}},{"type":"Feature","geometry":{"type":"Point","coordinates":[24.005722232,49.846143647]},"properties":{"address":"Шевченка Т. 35","name_build":"житл. буд.","date_build":"поч. XX ст.","num_ohor_build":"1686","moid":"9505408691285530","geom":{"type":"Point","coordinates":[24.005722231900453,49.8461436474657]},"note":null,"editor_id":null,"uid":null,"editor_date":null}},{"type":"Feature","geometry":{"type":"Point","coordinates":[24.004938216,49.84641964]},"properties":{"address":"Шевченка Т. 41","name_build":"житл. буд.","date_build":"1928 р.","num_ohor_build":"395","moid":"9505408691285531","geom":{"type":"Point","coordinates":[24.00493821609222,49.846419640169216]},"note":null,"editor_id":null,"uid":null,"editor_date":null}},{"type":"Feature","geometry":{"type":"Point","coordinates":[24.009788297,49.845215692]},"properties":{"address":"Шевченка Т. 60","name_build":"адм.буд. (вілла Тома)","date_build":"кін. XIX ст.","num_ohor_build":"2497","moid":"9505408691285532","geom":{"type":"Point","coordinates":[24.009788296741966,49.845215692363624]},"note":null,"editor_id":null,"uid":null,"editor_date":null}},{"type":"Feature","geometry":{"type":"Point","coordinates":[24.007452253,49.845951669]},"properties":{"address":"Шевченка Т. 66","name_build":"церква Апостола Андрія первозванного (костел Реформаторів)","date_build":"1896-1901 рр.","num_ohor_build":"1685","moid":"9505408691285533","geom":{"type":"Point","coordinates":[24.007452252579526,49.84595166941348]},"note":null,"editor_id":null,"uid":null,"editor_date":null}},{"type":"Feature","geometry":{"type":"Point","coordinates":[24.008500544,49.837643568]},"properties":{"address":"Шептицьких 26","name_build":"адм.буд. (пром. буд. фабрика \"Бранка\")","date_build":"1905 р.","num_ohor_build":"1537","moid":"9505408691285534","geom":{"type":"Point","coordinates":[24.008500544054197,49.837643567846335]},"note":null,"editor_id":null,"uid":null,"editor_date":null}},{"type":"Feature","geometry":{"type":"Point","coordinates":[24.00679356,49.836764531]},"properties":{"address":"Шептицьких 41","name_build":"вілла","date_build":"кін. XIX ст.","num_ohor_build":"2854","moid":"9505408691285535","geom":{"type":"Point","coordinates":[24.006793560029326,49.836764531212594]},"note":null,"editor_id":null,"uid":null,"editor_date":null}},{"type":"Feature","geometry":null,"properties":{"address":"Шолом-Алейхема 12","name_build":"навч.корпус (адм.буд.)","date_build":"1898-1899 рр.","num_ohor_build":"1051","moid":"9505408691285536","geom":null,"note":null,"editor_id":null,"uid":null,"editor_date":null}},{"type":"Feature","geometry":{"type":"Point","coordinates":[24.020854479,49.842533812]},"properties":{"address":"Шопена Ф. 7","name_build":"житл. буд.","date_build":"кін. XIX ст.","num_ohor_build":"1094","moid":"9505408691285537","geom":{"type":"Point","coordinates":[24.020854478565553,49.842533812350176]},"note":null,"editor_id":null,"uid":null,"editor_date":null}},{"type":"Feature","geometry":{"type":"Point","coordinates":[24.023248428,49.844586875]},"properties":{"address":"Шпитальна 9","name_build":"адм.буд.","date_build":"1936 р.","num_ohor_build":"2239","moid":"9505408691285538","geom":{"type":"Point","coordinates":[24.023248428237874,49.84458687523614]},"note":null,"editor_id":null,"uid":null,"editor_date":null}},{"type":"Feature","geometry":{"type":"Point","coordinates":[24.034263766,49.83730293]},"properties":{"address":"Шухевича В. 2","name_build":"школа","date_build":"1876 р.","num_ohor_build":"1","moid":"9505408691285539","geom":{"type":"Point","coordinates":[24.03426376637642,49.83730292992263]},"note":null,"editor_id":null,"uid":null,"editor_date":null}},{"type":"Feature","geometry":{"type":"Point","coordinates":[24.019632523,49.840925772]},"properties":{"address":"Щепкіна М. 5","name_build":"житл. буд.","date_build":"1910 р.","num_ohor_build":"1104","moid":"9505408691285540","geom":{"type":"Point","coordinates":[24.01963252332335,49.840925772396865]},"note":null,"editor_id":null,"uid":null,"editor_date":null}},{"type":"Feature","geometry":null,"properties":{"address":"св. Юра пл. 1","name_build":"навч. закл. (монастир Святого серця","date_build":"1844 р.","num_ohor_build":"367","moid":"9505408691285541","geom":null,"note":null,"editor_id":null,"uid":null,"editor_date":null}},{"type":"Feature","geometry":null,"properties":{"address":null,"name_build":"(Sacre Coer))","date_build":null,"num_ohor_build":null,"moid":"9505408691285542","geom":null,"note":null,"editor_id":null,"uid":null,"editor_date":null}},{"type":"Feature","geometry":null,"properties":{"address":"св. Юра пл. 9","name_build":"навч.заклад (навч.корпус \"Хімічна лабораторія Політехніки\")","date_build":"1876 р.","num_ohor_build":"368","moid":"9505408691285543","geom":null,"note":null,"editor_id":null,"uid":null,"editor_date":null}},{"type":"Feature","geometry":null,"properties":{"address":"Яворського С. пл. 1","name_build":"адм.буд.","date_build":"1912 р.","num_ohor_build":"1002","moid":"9505408691285544","geom":null,"note":null,"editor_id":null,"uid":null,"editor_date":null}},{"type":"Feature","geometry":{"type":"Point","coordinates":[24.00309575,49.830308388]},"properties":{"address":"Коновальця Є. 57","name_build":"вілла","date_build":"кін. XIX ст.","num_ohor_build":"2636","moid":"9505408689188233","geom":{"type":"Point","coordinates":[24.003095749562185,49.83030838803616]},"note":null,"editor_id":null,"uid":null,"editor_date":null}},{"type":"Feature","geometry":{"type":"Point","coordinates":[24.002755754,49.83008838]},"properties":{"address":"Коновальця Є. 61","name_build":"вілла","date_build":"1912 р.","num_ohor_build":"1552","moid":"9505408689188234","geom":{"type":"Point","coordinates":[24.002755754271885,49.83008838011031]},"note":null,"editor_id":null,"uid":null,"editor_date":null}},{"type":"Feature","geometry":{"type":"Point","coordinates":[24.002465762,49.829800372]},"properties":{"address":"Коновальця Є. 65","name_build":"житл. буд.","date_build":"1903 р.","num_ohor_build":"2245","moid":"9505408689188235","geom":{"type":"Point","coordinates":[24.002465761704055,49.82980037194316]},"note":null,"editor_id":null,"uid":null,"editor_date":null}},{"type":"Feature","geometry":{"type":"Point","coordinates":[24.052830258,49.827324054]},"properties":{"address":"Азовська 4","name_build":"вілла","date_build":"30-ті XX ст.","num_ohor_build":"2537","moid":"9505408689057601","geom":{"type":"Point","coordinates":[24.052830257980037,49.82732405425325]},"note":null,"editor_id":null,"uid":null,"editor_date":null}},{"type":"Feature","geometry":{"type":"Point","coordinates":[24.052888253,49.827488057]},"properties":{"address":"Азовська 6","name_build":"вілла","date_build":"30-ті XX ст.","num_ohor_build":"2538","moid":"9505408689057602","geom":{"type":"Point","coordinates":[24.052888252876546,49.82748805737987]},"note":null,"editor_id":null,"uid":null,"editor_date":null}},{"type":"Feature","geometry":{"type":"Point","coordinates":[24.05260424,49.827800058]},"properties":{"address":"Азовська 7","name_build":"вілла","date_build":"30-ті XX ст.","num_ohor_build":"2539","moid":"9505408689057603","geom":{"type":"Point","coordinates":[24.05260423993643,49.8278000577145]},"note":null,"editor_id":null,"uid":null,"editor_date":null}},{"type":"Feature","geometry":{"type":"Point","coordinates":[24.048192186,49.828320002]},"properties":{"address":"Албанська 4","name_build":"вілла","date_build":"30-ті XX ст.","num_ohor_build":"2540","moid":"9505408689057604","geom":{"type":"Point","coordinates":[24.04819218610421,49.82832000220319]},"note":null,"editor_id":null,"uid":null,"editor_date":null}},{"type":"Feature","geometry":{"type":"Point","coordinates":[24.048586189,49.828340008]},"properties":{"address":"Албанська 6","name_build":"вілла","date_build":"30-ті XX ст.","num_ohor_build":"2541","moid":"9505408689057605","geom":{"type":"Point","coordinates":[24.048586188651058,49.82834000809263]},"note":null,"editor_id":null,"uid":null,"editor_date":null}},{"type":"Feature","geometry":{"type":"Point","coordinates":[24.048782181,49.828624015]},"properties":{"address":"Албанська 7","name_build":"вілла","date_build":"30-ті XX ст.","num_ohor_build":"2542","moid":"9505408689057606","geom":{"type":"Point","coordinates":[24.048782180595033,49.82862401486718]},"note":null,"editor_id":null,"uid":null,"editor_date":null}},{"type":"Feature","geometry":{"type":"Point","coordinates":[24.00490764,49.833948465]},"properties":{"address":"Антоновича В. 20","name_build":"житл. буд.","date_build":"1908 р.","num_ohor_build":"1740","moid":"9505408689057607","geom":{"type":"Point","coordinates":[24.004907640477967,49.83394846487241]},"note":null,"editor_id":null,"uid":null,"editor_date":null}},{"type":"Feature","geometry":{"type":"Point","coordinates":[24.004173642,49.833740452]},"properties":{"address":"Антоновича В. 24","name_build":"вілла","date_build":"кін. XIX ст.","num_ohor_build":"2543","moid":"9505408689057608","geom":{"type":"Point","coordinates":[24.00417364156132,49.83374045150379]},"note":null,"editor_id":null,"uid":null,"editor_date":null}},{"type":"Feature","geometry":{"type":"Point","coordinates":[24.001773688,49.83179839]},"properties":{"address":"Антоновича В. 47","name_build":"адм.буд. (вілла профспілки  машиністів залізниці)","date_build":"1929 р.","num_ohor_build":"1741","moid":"9505408689057609","geom":{"type":"Point","coordinates":[24.00177368805479,49.831798390100495]},"note":null,"editor_id":null,"uid":null,"editor_date":null}},{"type":"Feature","geometry":{"type":"Point","coordinates":[24.001129679,49.831896382]},"properties":{"address":"Антоновича В. 54","name_build":"вілла","date_build":"1905 р.","num_ohor_build":"2422","moid":"9505408689057610","geom":{"type":"Point","coordinates":[24.001129679459364,49.83189638230376]},"note":null,"editor_id":null,"uid":null,"editor_date":null}},{"type":"Feature","geometry":{"type":"Point","coordinates":[24.000825686,49.831630374]},"properties":{"address":"Антоновича В. 58","name_build":"вілла","date_build":"кін. XIX ст.","num_ohor_build":"2544","moid":"9505408689057611","geom":{"type":"Point","coordinates":[24.00082568602967,49.83163037424558]},"note":null,"editor_id":null,"uid":null,"editor_date":null}},{"type":"Feature","geometry":{"type":"Point","coordinates":[23.997390735,49.829363294]},"properties":{"address":"Антоновича В. 83","name_build":"житл. буд.","date_build":"1908 р.","num_ohor_build":"1742","moid":"9505408689057612","geom":{"type":"Point","coordinates":[23.997390735130278,49.82936329355004]},"note":null,"editor_id":null,"uid":null,"editor_date":null}},{"type":"Feature","geometry":{"type":"Point","coordinates":[23.994026776,49.827363218]},"properties":{"address":"Антоновича В. 109","name_build":"вілла","date_build":"1929 р.","num_ohor_build":"1743","moid":"9505408689057613","geom":{"type":"Point","coordinates":[23.994026775724244,49.827363217611016]},"note":null,"editor_id":null,"uid":null,"editor_date":null}},{"type":"Feature","geometry":{"type":"Point","coordinates":[24.051908286,49.826276026]},"properties":{"address":"Аральська 3","name_build":"вілла","date_build":"30-ті XX ст.","num_ohor_build":"2545","moid":"9505408689057614","geom":{"type":"Point","coordinates":[24.051908286074532,49.826276026425035]},"note":null,"editor_id":null,"uid":null,"editor_date":null}},{"type":"Feature","geometry":{"type":"Point","coordinates":[24.052541291,49.826281036]},"properties":{"address":"Аральська 8","name_build":"вілла","date_build":"30-ті XX ст.","num_ohor_build":"2546","moid":"9505408689057615","geom":{"type":"Point","coordinates":[24.05254129109032,49.826281035505886]},"note":null,"editor_id":null,"uid":null,"editor_date":null}},{"type":"Feature","geometry":{"type":"Point","coordinates":[24.052852285,49.826528043]},"properties":{"address":"Аральська 10","name_build":"вілла","date_build":"30-ті XX ст.","num_ohor_build":"2547","moid":"9505408689057616","geom":{"type":"Point","coordinates":[24.052852285236675,49.826528043398376]},"note":null,"editor_id":null,"uid":null,"editor_date":null}},{"type":"Feature","geometry":{"type":"Point","coordinates":[24.052944268,49.827044052]},"properties":{"address":"Аральська 15","name_build":"вілла","date_build":"30-ті XX ст.","num_ohor_build":"2548","moid":"9505408689057617","geom":{"type":"Point","coordinates":[24.05294426843854,49.827044051947595]},"note":null,"editor_id":null,"uid":null,"editor_date":null}},{"type":"Feature","geometry":{"type":"Point","coordinates":[24.053076264,49.827200056]},"properties":{"address":"Аральська 17","name_build":"вілла","date_build":"30-ті XX ст.","num_ohor_build":"2549","moid":"9505408689057618","geom":{"type":"Point","coordinates":[24.053076264213548,49.82720005601535]},"note":null,"editor_id":null,"uid":null,"editor_date":null}},{"type":"Feature","geometry":{"type":"Point","coordinates":[24.053292263,49.82728806]},"properties":{"address":"Аральська 19","name_build":"вілла","date_build":"30-ті XX ст.","num_ohor_build":"2550","moid":"9505408689057619","geom":{"type":"Point","coordinates":[24.053292262989853,49.82728806032479]},"note":null,"editor_id":null,"uid":null,"editor_date":null}},{"type":"Feature","geometry":{"type":"Point","coordinates":[24.05346026,49.827412064]},"properties":{"address":"Аральська 21","name_build":"вілла","date_build":"30-ті XX ст.","num_ohor_build":"2551","moid":"9505408689057620","geom":{"type":"Point","coordinates":[24.053460260148313,49.82741206445604]},"note":null,"editor_id":null,"uid":null,"editor_date":null}},{"type":"Feature","geometry":{"type":"Point","coordinates":[24.053654257,49.827544069]},"properties":{"address":"Аральська 23","name_build":"вілла","date_build":"30-ті XX ст.","num_ohor_build":"2552","moid":"9505408689057621","geom":{"type":"Point","coordinates":[24.05365425724766,49.82754406906967]},"note":null,"editor_id":null,"uid":null,"editor_date":null}},{"type":"Feature","geometry":{"type":"Point","coordinates":[24.035376014,49.830295847]},"properties":{"address":"Архипенка О. 8","name_build":"житл. буд.","date_build":"1907 р.","num_ohor_build":"312","moid":"9505408689057622","geom":{"type":"Point","coordinates":[24.03537601394175,49.83029584746893]},"note":null,"editor_id":null,"uid":null,"editor_date":null}},{"type":"Feature","geometry":{"type":"Point","coordinates":[24.035542016,49.830271849]},"properties":{"address":"Архипенка О. 10","name_build":"житл. буд.","date_build":"1897 р.","num_ohor_build":"313","moid":"9505408689057623","geom":{"type":"Point","coordinates":[24.035542016117027,49.83027184949565]},"note":null,"editor_id":null,"uid":null,"editor_date":null}},{"type":"Feature","geometry":{"type":"Point","coordinates":[24.038016056,49.829703877]},"properties":{"address":"Архипенка О. 32","name_build":"житл. буд.","date_build":"1930 р.","num_ohor_build":"1400","moid":"9505408689057624","geom":{"type":"Point","coordinates":[24.038016055693507,49.82970387675047]},"note":null,"editor_id":null,"uid":null,"editor_date":null}},{"type":"Feature","geometry":{"type":"Point","coordinates":[24.012639658,49.835299594]},"properties":{"address":"Архітекторська 3","name_build":"житл. буд.","date_build":"1906-1908 рр.","num_ohor_build":"847","moid":"9505408689057625","geom":{"type":"Point","coordinates":[24.0126396576775,49.83529959391999]},"note":null,"editor_id":null,"uid":null,"editor_date":null}},{"type":"Feature","geometry":{"type":"Point","coordinates":[24.012639652,49.835463596]},"properties":{"address":"Архітекторська 5","name_build":"житл. буд.","date_build":"1906-1908 рр.","num_ohor_build":"848","moid":"9505408689057626","geom":{"type":"Point","coordinates":[24.012639652095032,49.83546359621963]},"note":null,"editor_id":null,"uid":null,"editor_date":null}},{"type":"Feature","geometry":{"type":"Point","coordinates":[24.012587645,49.835659598]},"properties":{"address":"Архітекторська 7","name_build":"житл. буд.","date_build":"1906-1908 рр.","num_ohor_build":"849","moid":"9505408689057627","geom":{"type":"Point","coordinates":[24.012587644998177,49.83565959822751]},"note":null,"editor_id":null,"uid":null,"editor_date":null}},{"type":"Feature","geometry":{"type":"Point","coordinates":[24.018763736,49.834455669]},"properties":{"address":"Бандери С. 1","name_build":"адм.буд. управління МВС (адм.буд. міської поліції)","date_build":"1890-1892 рр.","num_ohor_build":"2157","moid":"9505408689057628","geom":{"type":"Point","coordinates":[24.018763736472565,49.83445566928824]},"note":null,"editor_id":null,"uid":null,"editor_date":null}},{"type":"Feature","geometry":{"type":"Point","coordinates":[24.019895737,49.834719689]},"properties":{"address":"Бандери С. 2","name_build":"житл. буд.","date_build":"1908-1909 рр.","num_ohor_build":"191","moid":"9505408689057629","geom":{"type":"Point","coordinates":[24.019895736743663,49.83471968910934]},"note":null,"editor_id":null,"uid":null,"editor_date":null}},{"type":"Feature","geometry":{"type":"Point","coordinates":[24.018403731,49.834539665]},"properties":{"address":"Бандери С. 3","name_build":"адм.буд.","date_build":"1909-1910 рр.","num_ohor_build":"1348","moid":"9505408689057630","geom":{"type":"Point","coordinates":[24.018403730669792,49.83453966534006]},"note":null,"editor_id":null,"uid":null,"editor_date":null}},{"type":"Feature","geometry":null,"properties":{"address":null,"name_build":"(банк нафтовий)","date_build":null,"num_ohor_build":null,"moid":"9505408689057631","geom":null,"note":null,"editor_id":null,"uid":null,"editor_date":null}},{"type":"Feature","geometry":{"type":"Point","coordinates":[24.019551733,49.834759685]},"properties":{"address":"Бандери С. 4","name_build":"житл. буд.","date_build":"1908-1909 рр.","num_ohor_build":"752","moid":"9505408689057632","geom":{"type":"Point","coordinates":[24.0195517325691,49.83475968477199]},"note":null,"editor_id":null,"uid":null,"editor_date":null}},{"type":"Feature","geometry":{"type":"Point","coordinates":[24.018099728,49.834559661]},"properties":{"address":"Бандери С. 5","name_build":"житл. буд.","date_build":"1909-1910 рр.","num_ohor_build":"994","moid":"9505408689057633","geom":{"type":"Point","coordinates":[24.018099727503316,49.83455966129175]},"note":null,"editor_id":null,"uid":null,"editor_date":null}},{"type":"Feature","geometry":{"type":"Point","coordinates":[24.019359729,49.834823683]},"properties":{"address":"Бандери С. 6","name_build":"житл. буд.","date_build":"1908-1909 рр.","num_ohor_build":"753","moid":"9505408689057634","geom":{"type":"Point","coordinates":[24.019359728820664,49.83482368293555]},"note":null,"editor_id":null,"uid":null,"editor_date":null}},{"type":"Feature","geometry":{"type":"Point","coordinates":[24.016535728,49.834178634]},"properties":{"address":"Бандери С. 11","name_build":"школа №3 (школа св.Марії Магдалини)","date_build":"1883 р.","num_ohor_build":"192","moid":"9505408689057635","geom":{"type":"Point","coordinates":[24.016535727683543,49.8341786336785]},"note":null,"editor_id":null,"uid":null,"editor_date":null}},{"type":"Feature","geometry":null,"properties":{"address":"Бандери С. 11а","name_build":"житл.- адм.буд.","date_build":"XIX ст.","num_ohor_build":"193","moid":"9505408689057636","geom":null,"note":null,"editor_id":null,"uid":null,"editor_date":null}},{"type":"Feature","geometry":{"type":"Point","coordinates":[24.012656672,49.834875588]},"properties":{"address":"Бандери С. 14","name_build":"школа (перша українська гімназія)","date_build":"1906 р.","num_ohor_build":"195","moid":"9505408689057637","geom":{"type":"Point","coordinates":[24.012656672248923,49.83487558821663]},"note":null,"editor_id":null,"uid":null,"editor_date":null}},{"type":"Feature","geometry":{"type":"Point","coordinates":[24.011708665,49.834849574]},"properties":{"address":"Бандери С. 16","name_build":"житл. буд.","date_build":"1908 р.","num_ohor_build":"196","moid":"9505408689057638","geom":{"type":"Point","coordinates":[24.011708665385196,49.83484957435264]},"note":null,"editor_id":null,"uid":null,"editor_date":null}},{"type":"Feature","geometry":{"type":"Point","coordinates":[24.011201662,49.834840567]},"properties":{"address":"Бандери С. 20","name_build":"житл. буд.","date_build":"1909-1910 рр.","num_ohor_build":"995","moid":"9505408689057639","geom":{"type":"Point","coordinates":[24.011201661547627,49.83484056700676]},"note":null,"editor_id":null,"uid":null,"editor_date":null}},{"type":"Feature","geometry":{"type":"Point","coordinates":[24.01099566,49.834827564]},"properties":{"address":"Бандери С. 22","name_build":"житл. буд.","date_build":"1911 р.","num_ohor_build":"197","moid":"9505408689057640","geom":{"type":"Point","coordinates":[24.010995660306452,49.83482756389104]},"note":null,"editor_id":null,"uid":null,"editor_date":null}},{"type":"Feature","geometry":{"type":"Point","coordinates":[24.014839705,49.834443613]},"properties":{"address":"Бандери С. 23","name_build":"житл. буд.","date_build":"1883 р.","num_ohor_build":"647","moid":"9505408689057641","geom":{"type":"Point","coordinates":[24.014839704798245,49.83444361324431]},"note":null,"editor_id":null,"uid":null,"editor_date":null}},{"type":"Feature","geometry":{"type":"Point","coordinates":[24.010589657,49.834815558]},"properties":{"address":"Бандери С. 24","name_build":"житл. буд. (житл. буд. \"Будинок Фінклера\")","date_build":"поч. XX ст.","num_ohor_build":"996","moid":"9505408689057642","geom":{"type":"Point","coordinates":[24.01058965739666,49.834815557941326]},"note":null,"editor_id":null,"uid":null,"editor_date":null}},{"type":"Feature","geometry":{"type":"Point","coordinates":[24.014619703,49.83444361]},"properties":{"address":"Бандери С. 25","name_build":"житл. буд.","date_build":"1887 р.","num_ohor_build":"648","moid":"9505408689057643","geom":{"type":"Point","coordinates":[24.014619702999752,49.8344436101116]},"note":null,"editor_id":null,"uid":null,"editor_date":null}},{"type":"Feature","geometry":{"type":"Point","coordinates":[24.013291692,49.834439591]},"properties":{"address":"Бандери С. 31","name_build":"житл. буд.","date_build":"1907 р.","num_ohor_build":"997","moid":"9505408689057644","geom":{"type":"Point","coordinates":[24.013291692280045,49.834439591145205]},"note":null,"editor_id":null,"uid":null,"editor_date":null}},{"type":"Feature","geometry":{"type":"Point","coordinates":[24.01297169,49.834415586]},"properties":{"address":"Бандери С. 33","name_build":"житл. буд.","date_build":"1907 р.","num_ohor_build":"998","moid":"9505408689057645","geom":{"type":"Point","coordinates":[24.012971690481216,49.83441558625194]},"note":null,"editor_id":null,"uid":null,"editor_date":null}},{"type":"Feature","geometry":null,"properties":{"address":"Кооперативна 2/4","name_build":"вілла","date_build":"поч. XX ст.","num_ohor_build":"2441","moid":"9505408689319341","geom":null,"note":null,"editor_id":null,"uid":null,"editor_date":null}},{"type":"Feature","geometry":{"type":"Point","coordinates":[24.012799689,49.834423584]},"properties":{"address":"Бандери С. 35","name_build":"житл. буд.","date_build":"1908 р.","num_ohor_build":"649","moid":"9505408689057646","geom":{"type":"Point","coordinates":[24.01279968880298,49.83442358391488]},"note":null,"editor_id":null,"uid":null,"editor_date":null}},{"type":"Feature","geometry":{"type":"Point","coordinates":[24.012555687,49.83442758]},"properties":{"address":"Бандери С. 37","name_build":"житл. буд.","date_build":"1908 р.","num_ohor_build":"1349","moid":"9505408689057647","geom":{"type":"Point","coordinates":[24.01255568667239,49.834427580496474]},"note":null,"editor_id":null,"uid":null,"editor_date":null}},{"type":"Feature","geometry":{"type":"Point","coordinates":[24.012303685,49.834427577]},"properties":{"address":"Бандери С. 39","name_build":"житл. буд.","date_build":"1908 р.","num_ohor_build":"1350","moid":"9505408689057648","geom":{"type":"Point","coordinates":[24.012303684612586,49.83442757690804]},"note":null,"editor_id":null,"uid":null,"editor_date":null}},{"type":"Feature","geometry":{"type":"Point","coordinates":[24.01182368,49.83443957]},"properties":{"address":"Бандери С. 43","name_build":"житл. буд.","date_build":"поч. XX ст.","num_ohor_build":"1351","moid":"9505408689057649","geom":{"type":"Point","coordinates":[24.011823680280795,49.83443957024119]},"note":null,"editor_id":null,"uid":null,"editor_date":null}},{"type":"Feature","geometry":null,"properties":{"address":"Бандери С. 46","name_build":"житл. буд.","date_build":"поч. XX ст.","num_ohor_build":"1634","moid":"9505408689057650","geom":null,"note":null,"editor_id":null,"uid":null,"editor_date":null}},{"type":"Feature","geometry":{"type":"Point","coordinates":[24.011008673,49.834467559]},"properties":{"address":"Бандери С. 47","name_build":"житл. буд.","date_build":"1910 р.","num_ohor_build":"999","moid":"9505408689057651","geom":{"type":"Point","coordinates":[24.011008672666495,49.83446755902828]},"note":null,"editor_id":null,"uid":null,"editor_date":null}},{"type":"Feature","geometry":{"type":"Point","coordinates":[24.010825669,49.834517557]},"properties":{"address":"Бандери С. 47а","name_build":"житл. буд.","date_build":"поч. XX ст.","num_ohor_build":"1000","moid":"9505408689057652","geom":{"type":"Point","coordinates":[24.01082566946893,49.834517557123476]},"note":null,"editor_id":null,"uid":null,"editor_date":null}},{"type":"Feature","geometry":{"type":"Point","coordinates":[24.010576668,49.834511553]},"properties":{"address":"Бандери С. 49","name_build":"житл. буд.","date_build":"1909 р.","num_ohor_build":"650","moid":"9505408689057653","geom":{"type":"Point","coordinates":[24.01057666763809,49.8345115534936]},"note":null,"editor_id":null,"uid":null,"editor_date":null}},{"type":"Feature","geometry":{"type":"Point","coordinates":[24.009147656,49.834511533]},"properties":{"address":"Бандери С. 57","name_build":"житл. буд.","date_build":"1906 р.","num_ohor_build":"1001","moid":"9505408689057654","geom":{"type":"Point","coordinates":[24.00914765595956,49.8345115331446]},"note":null,"editor_id":null,"uid":null,"editor_date":null}},{"type":"Feature","geometry":{"type":"Point","coordinates":[24.008811652,49.834535529]},"properties":{"address":"Бандери С. 59","name_build":"житл. буд.","date_build":"1905 р.","num_ohor_build":"651","moid":"9505408689057655","geom":{"type":"Point","coordinates":[24.00881165239683,49.83453552869644]},"note":null,"editor_id":null,"uid":null,"editor_date":null}},{"type":"Feature","geometry":null,"properties":{"address":"акад. Гнатюка В. 2","name_build":"банк ","date_build":"1913 р.","num_ohor_build":"580","moid":"9505408689318966","geom":null,"note":null,"editor_id":null,"uid":null,"editor_date":null}},{"type":"Feature","geometry":{"type":"Point","coordinates":[24.00856565,49.834543525]},"properties":{"address":"Бандери С. 61","name_build":"житл. буд.","date_build":"1906 р.","num_ohor_build":"652","moid":"9505408689057656","geom":{"type":"Point","coordinates":[24.008565650114228,49.83454352530555]},"note":null,"editor_id":null,"uid":null,"editor_date":null}},{"type":"Feature","geometry":{"type":"Point","coordinates":[24.007523641,49.834575511]},"properties":{"address":"Бандери С. 69","name_build":"житл. буд.","date_build":"1913 р.","num_ohor_build":"1352","moid":"9505408689057657","geom":{"type":"Point","coordinates":[24.00752364051018,49.83457551091597]},"note":null,"editor_id":null,"uid":null,"editor_date":null}},{"type":"Feature","geometry":{"type":"Point","coordinates":[24.004527578,49.835681484]},"properties":{"address":"Бандери С. 91","name_build":"школа № 55 (міська школа М.Конарського)","date_build":"1891-1893 рр.","num_ohor_build":"198","moid":"9505408689057658","geom":{"type":"Point","coordinates":[24.00452757838238,49.83568148375856]},"note":null,"editor_id":null,"uid":null,"editor_date":null}},{"type":"Feature","geometry":{"type":"Point","coordinates":[24.042313556,49.845416158]},"properties":{"address":"Барвінських 7","name_build":"вілла","date_build":"поч. XX ст.","num_ohor_build":"2561","moid":"9505408689057659","geom":{"type":"Point","coordinates":[24.042313556076103,49.84541615835892]},"note":null,"editor_id":null,"uid":null,"editor_date":null}},{"type":"Feature","geometry":{"type":"Point","coordinates":[24.042335563,49.845228156]},"properties":{"address":"Барвінських 9","name_build":"вілла","date_build":"поч. XX ст.","num_ohor_build":"2562","moid":"9505408689057660","geom":{"type":"Point","coordinates":[24.04233556265826,49.84522815603469]},"note":null,"editor_id":null,"uid":null,"editor_date":null}},{"type":"Feature","geometry":{"type":"Point","coordinates":[24.042313568,49.845056153]},"properties":{"address":"Барвінських 11","name_build":"вілла","date_build":"поч. XX ст.","num_ohor_build":"2563","moid":"9505408689057661","geom":{"type":"Point","coordinates":[24.042313568335103,49.84505615330838]},"note":null,"editor_id":null,"uid":null,"editor_date":null}},{"type":"Feature","geometry":{"type":"Point","coordinates":[24.041799555,49.84533615]},"properties":{"address":"Барвінських 12","name_build":"вілла","date_build":"поч. XX ст.","num_ohor_build":"2564","moid":"9505408689057662","geom":{"type":"Point","coordinates":[24.041799554590202,49.84533614991732]},"note":null,"editor_id":null,"uid":null,"editor_date":null}},{"type":"Feature","geometry":{"type":"Point","coordinates":[24.041851562,49.845136148]},"properties":{"address":"Барвінських 14","name_build":"вілла","date_build":"поч. XX ст.","num_ohor_build":"2565","moid":"9505408689057663","geom":{"type":"Point","coordinates":[24.041851561826697,49.84513614785197]},"note":null,"editor_id":null,"uid":null,"editor_date":null}},{"type":"Feature","geometry":{"type":"Point","coordinates":[24.042295575,49.84485615]},"properties":{"address":"Барвінських 15","name_build":"вілла","date_build":"30-ті XX ст.","num_ohor_build":"2566","moid":"9505408689057664","geom":{"type":"Point","coordinates":[24.042295574998114,49.84485615024621]},"note":null,"editor_id":null,"uid":null,"editor_date":null}},{"type":"Feature","geometry":{"type":"Point","coordinates":[24.041879569,49.844932145]},"properties":{"address":"Барвінських 16","name_build":"вілла","date_build":"поч. XX ст.","num_ohor_build":"2567","moid":"9505408689057665","geom":{"type":"Point","coordinates":[24.041879569002756,49.84493214538873]},"note":null,"editor_id":null,"uid":null,"editor_date":null}},{"type":"Feature","geometry":{"type":"Point","coordinates":[24.027932,49.858271134]},"properties":{"address":"Баронча С. 5","name_build":"житл. буд.","date_build":"1910 р.","num_ohor_build":"2178","moid":"9505408689057666","geom":{"type":"Point","coordinates":[24.027932000385384,49.85827113388176]},"note":null,"editor_id":null,"uid":null,"editor_date":null}},{"type":"Feature","geometry":{"type":"Point","coordinates":[24.04442016,49.828167946]},"properties":{"address":"Басараб О. 1","name_build":"житл. буд. гуртожиток (житл. буд.)","date_build":"поч. XX ст.","num_ohor_build":"2028","moid":"9505408689057667","geom":{"type":"Point","coordinates":[24.044420160382934,49.82816794637332]},"note":null,"editor_id":null,"uid":null,"editor_date":null}},{"type":"Feature","geometry":{"type":"Point","coordinates":[24.02925861,49.840699906]},"properties":{"address":"Беринди П. 1","name_build":"житл. буд. (житл. буд. Губриновичів)","date_build":"1892-1893 рр.","num_ohor_build":"939","moid":"9505408689057668","geom":{"type":"Point","coordinates":[24.029258609769634,49.840699906303485]},"note":null,"editor_id":null,"uid":null,"editor_date":null}},{"type":"Feature","geometry":{"type":"Point","coordinates":[24.029063612,49.840599902]},"properties":{"address":"Беринди П. 3","name_build":"житл. буд.","date_build":"1890 р.","num_ohor_build":"140","moid":"9505408689057669","geom":{"type":"Point","coordinates":[24.029063611578504,49.84059990212411]},"note":null,"editor_id":null,"uid":null,"editor_date":null}},{"type":"Feature","geometry":null,"properties":{"address":"Беринди П. 20","name_build":"житл. буд.","date_build":"XIX ст.","num_ohor_build":"141","moid":"9505408689057670","geom":null,"note":null,"editor_id":null,"uid":null,"editor_date":null}},{"type":"Feature","geometry":null,"properties":{"address":"Беринди П. 22","name_build":"житл. буд.","date_build":"XIX ст.","num_ohor_build":"141","moid":"9505408689057671","geom":null,"note":null,"editor_id":null,"uid":null,"editor_date":null}},{"type":"Feature","geometry":null,"properties":{"address":"акад. Богомольця О. 2","name_build":"житл. буд.","date_build":"1908 р.","num_ohor_build":"2","moid":"9505408689057672","geom":null,"note":null,"editor_id":null,"uid":null,"editor_date":null}},{"type":"Feature","geometry":null,"properties":{"address":"акад. Богомольця О. 3","name_build":"житл. буд.","date_build":"1905-1906 рр.","num_ohor_build":"3","moid":"9505408689057673","geom":null,"note":null,"editor_id":null,"uid":null,"editor_date":null}},{"type":"Feature","geometry":null,"properties":{"address":"акад. Богомольця О. 4","name_build":"житл. буд.","date_build":"1906 р.","num_ohor_build":"4","moid":"9505408689057674","geom":null,"note":null,"editor_id":null,"uid":null,"editor_date":null}},{"type":"Feature","geometry":null,"properties":{"address":"акад. Богомольця О. 5","name_build":"житл. буд.","date_build":"1906 р.","num_ohor_build":"5","moid":"9505408689057675","geom":null,"note":null,"editor_id":null,"uid":null,"editor_date":null}},{"type":"Feature","geometry":null,"properties":{"address":"акад. Богомольця О. 6","name_build":"житл. буд.","date_build":"1905-1906 рр.","num_ohor_build":"6","moid":"9505408689057676","geom":null,"note":null,"editor_id":null,"uid":null,"editor_date":null}},{"type":"Feature","geometry":null,"properties":{"address":"акад. Богомольця О. 7","name_build":"житл. буд.","date_build":"1907 р.","num_ohor_build":"7","moid":"9505408689057677","geom":null,"note":null,"editor_id":null,"uid":null,"editor_date":null}},{"type":"Feature","geometry":null,"properties":{"address":"акад. Богомольця О. 8","name_build":"житл. буд.","date_build":"1905 р.","num_ohor_build":"8","moid":"9505408689057678","geom":null,"note":null,"editor_id":null,"uid":null,"editor_date":null}},{"type":"Feature","geometry":null,"properties":{"address":"акад. Богомольця О. 9","name_build":"адм.буд. (житл. буд.)","date_build":"1905-1906 рр.","num_ohor_build":"9","moid":"9505408689057679","geom":null,"note":null,"editor_id":null,"uid":null,"editor_date":null}},{"type":"Feature","geometry":null,"properties":{"address":"акад. Богомольця О. 11","name_build":"житл. буд.","date_build":"1906 р.","num_ohor_build":"10","moid":"9505408689057680","geom":null,"note":null,"editor_id":null,"uid":null,"editor_date":null}},{"type":"Feature","geometry":null,"properties":{"address":"Богуна Ів. 3","name_build":"житл. буд.","date_build":"кін. XIX ст.","num_ohor_build":"850","moid":"9505408689057681","geom":null,"note":null,"editor_id":null,"uid":null,"editor_date":null}},{"type":"Feature","geometry":null,"properties":{"address":"Богуна Ів. 5","name_build":"житл. буд.","date_build":"1905-1907 рр.","num_ohor_build":"851","moid":"9505408689057682","geom":null,"note":null,"editor_id":null,"uid":null,"editor_date":null}},{"type":"Feature","geometry":null,"properties":{"address":"Богуна Ів. 7","name_build":"житл. буд.","date_build":"1905-1907 рр.","num_ohor_build":"852","moid":"9505408689057683","geom":null,"note":null,"editor_id":null,"uid":null,"editor_date":null}},{"type":"Feature","geometry":null,"properties":{"address":"Бой-Желенського Т. 2","name_build":"житл. буд.","date_build":"поч. XX ст.","num_ohor_build":"2029","moid":"9505408689057684","geom":null,"note":null,"editor_id":null,"uid":null,"editor_date":null}},{"type":"Feature","geometry":null,"properties":{"address":"Бой-Желенського Т. 4","name_build":"вілла","date_build":"30-ті XX ст.","num_ohor_build":"2559","moid":"9505408689057685","geom":null,"note":null,"editor_id":null,"uid":null,"editor_date":null}},{"type":"Feature","geometry":null,"properties":{"address":"Бой-Желенського Т. 6","name_build":"вілла","date_build":"30-ті XX ст.","num_ohor_build":"2560","moid":"9505408689057686","geom":null,"note":null,"editor_id":null,"uid":null,"editor_date":null}},{"type":"Feature","geometry":null,"properties":{"address":"Бой-Желенського Т. 14","name_build":"житл. буд. гуртожиток (житл. буд. дім техніка)","date_build":"1921-1926 рр.","num_ohor_build":"2030","moid":"9505408689057687","geom":null,"note":null,"editor_id":null,"uid":null,"editor_date":null}},{"type":"Feature","geometry":{"type":"Point","coordinates":[24.000982206,49.845759575]},"properties":{"address":"Бортнянського Д. 36","name_build":"вілла","date_build":"30-ті XX ст.","num_ohor_build":"2553","moid":"9505408689057688","geom":{"type":"Point","coordinates":[24.000982206247837,49.845759574569925]},"note":null,"editor_id":null,"uid":null,"editor_date":null}},{"type":"Feature","geometry":{"type":"Point","coordinates":[24.000712208,49.845647569]},"properties":{"address":"Бортнянського Д. 38","name_build":"вілла","date_build":"30-ті XX ст.","num_ohor_build":"2554","moid":"9505408689057689","geom":{"type":"Point","coordinates":[24.00071220785681,49.84564756915399]},"note":null,"editor_id":null,"uid":null,"editor_date":null}},{"type":"Feature","geometry":{"type":"Point","coordinates":[24.000540205,49.845675567]},"properties":{"address":"Бортнянського Д. 40","name_build":"вілла","date_build":"30-ті XX ст.","num_ohor_build":"2555","moid":"9505408689057690","geom":{"type":"Point","coordinates":[24.00054020549786,49.845675567096734]},"note":null,"editor_id":null,"uid":null,"editor_date":null}},{"type":"Feature","geometry":{"type":"Point","coordinates":[24.000328199,49.845807566]},"properties":{"address":"Бортнянського Д. 42","name_build":"вілла","date_build":"30-ті XX ст.","num_ohor_build":"2556","moid":"9505408689057691","geom":{"type":"Point","coordinates":[24.000328199269717,49.84580756592788]},"note":null,"editor_id":null,"uid":null,"editor_date":null}},{"type":"Feature","geometry":{"type":"Point","coordinates":[23.998384184,49.845783538]},"properties":{"address":"Бортнянського Д. 54","name_build":"вілла","date_build":"30-ті XX ст.","num_ohor_build":"2557","moid":"9505408689057692","geom":{"type":"Point","coordinates":[23.998384184206092,49.84578353790251]},"note":null,"editor_id":null,"uid":null,"editor_date":null}},{"type":"Feature","geometry":{"type":"Point","coordinates":[23.998248195,49.845439531]},"properties":{"address":"Бортнянського Д. 55","name_build":"вілла","date_build":"30-ті XX ст.","num_ohor_build":"2558","moid":"9505408689057693","geom":{"type":"Point","coordinates":[23.99824819481241,49.84543953114257]},"note":null,"editor_id":null,"uid":null,"editor_date":null}},{"type":"Feature","geometry":null,"properties":{"address":"Брюлова К. 2","name_build":"житл. буд.","date_build":"поч. XX ст.","num_ohor_build":"853","moid":"9505408689057694","geom":null,"note":null,"editor_id":null,"uid":null,"editor_date":null}},{"type":"Feature","geometry":null,"properties":{"address":"Брюлова К. 4","name_build":"житл. буд.","date_build":"1905 р.","num_ohor_build":"854","moid":"9505408689188767","geom":null,"note":null,"editor_id":null,"uid":null,"editor_date":null}},{"type":"Feature","geometry":null,"properties":{"address":"Брюлова К. 6","name_build":"житл. буд.","date_build":"поч. XX ст.","num_ohor_build":"855","moid":"9505408689188768","geom":null,"note":null,"editor_id":null,"uid":null,"editor_date":null}},{"type":"Feature","geometry":{"type":"Point","coordinates":[24.030815669,49.839319909]},"properties":{"address":"Валова 2","name_build":"житл. буд.","date_build":"XIX ст.","num_ohor_build":"11","moid":"9505408689188769","geom":{"type":"Point","coordinates":[24.030815669494014,49.839319909118274]},"note":null,"editor_id":null,"uid":null,"editor_date":null}},{"type":"Feature","geometry":{"type":"Point","coordinates":[24.03119167,49.839391915]},"properties":{"address":"Валова 4","name_build":"житл. буд.","date_build":"XIX ст.","num_ohor_build":"12","moid":"9505408689188770","geom":{"type":"Point","coordinates":[24.031191670120123,49.83939191548219]},"note":null,"editor_id":null,"uid":null,"editor_date":null}},{"type":"Feature","geometry":{"type":"Point","coordinates":[24.031497663,49.839663924]},"properties":{"address":"Валова 5","name_build":"житл. буд.","date_build":"XVIII ст.","num_ohor_build":"856","moid":"9505408689188771","geom":{"type":"Point","coordinates":[24.03149766336462,49.839663923654655]},"note":null,"editor_id":null,"uid":null,"editor_date":null}},{"type":"Feature","geometry":{"type":"Point","coordinates":[24.032279664,49.839839937]},"properties":{"address":"Валова 9","name_build":"банк ощадний (житл. буд.)","date_build":"1909-1911 рр.","num_ohor_build":"13","moid":"9505408689188772","geom":{"type":"Point","coordinates":[24.03227966377329,49.839839937258574]},"note":null,"editor_id":null,"uid":null,"editor_date":null}},{"type":"Feature","geometry":{"type":"Point","coordinates":[24.032547663,49.839919942]},"properties":{"address":"Валова 11","name_build":"житл. буд.","date_build":"1910 р.","num_ohor_build":"14","moid":"9505408689188773","geom":{"type":"Point","coordinates":[24.032547663243317,49.83991994219686]},"note":null,"editor_id":null,"uid":null,"editor_date":null}},{"type":"Feature","geometry":{"type":"Point","coordinates":[24.032861663,49.840003948]},"properties":{"address":"Валова 13","name_build":"житл. буд.","date_build":"1909-1913 рр.","num_ohor_build":"15","moid":"9505408689188774","geom":{"type":"Point","coordinates":[24.032861662953728,49.84000394784629]},"note":null,"editor_id":null,"uid":null,"editor_date":null}},{"type":"Feature","geometry":{"type":"Point","coordinates":[24.033019675,49.839695946]},"properties":{"address":"Валова 14","name_build":"житл.-адм.буд. (житл. буд.)","date_build":"1888 р.","num_ohor_build":"857","moid":"9505408689188775","geom":{"type":"Point","coordinates":[24.03301967473261,49.839695945775816]},"note":null,"editor_id":null,"uid":null,"editor_date":null}},{"type":"Feature","geometry":null,"properties":{"address":"Валова 15","name_build":"житл. буд.","date_build":"XVIII ст.","num_ohor_build":"858","moid":"9505408689188776","geom":null,"note":null,"editor_id":null,"uid":null,"editor_date":null}},{"type":"Feature","geometry":{"type":"Point","coordinates":[24.033844663,49.840227965]},"properties":{"address":"Валова 19","name_build":"житл. буд.","date_build":"XVIII ст.","num_ohor_build":"859","moid":"9505408689188777","geom":{"type":"Point","coordinates":[24.033844663374104,49.84022796498563]},"note":null,"editor_id":null,"uid":null,"editor_date":null}},{"type":"Feature","geometry":{"type":"Point","coordinates":[24.035205662,49.84059999]},"properties":{"address":"Валова 29","name_build":"житл. буд.","date_build":"сер. XIX ст.","num_ohor_build":"860","moid":"9505408689188778","geom":{"type":"Point","coordinates":[24.035205661850757,49.84059998958353]},"note":null,"editor_id":null,"uid":null,"editor_date":null}},{"type":"Feature","geometry":{"type":"Point","coordinates":[24.011799884,49.857807898]},"properties":{"address":"Варшавська 42","name_build":"церква св.Андрія з дзвіницею ","date_build":"1924-1931 рр.","num_ohor_build":"2427","moid":"9505408689188779","geom":{"type":"Point","coordinates":[24.011799884172436,49.85780789759973]},"note":null,"editor_id":null,"uid":null,"editor_date":null}},{"type":"Feature","geometry":{"type":"Point","coordinates":[24.00125167,49.832200388]},"properties":{"address":"Васильківського С. 3","name_build":"вілла","date_build":"1905 р.","num_ohor_build":"2423","moid":"9505408689188780","geom":{"type":"Point","coordinates":[24.00125167010913,49.83220038830301]},"note":null,"editor_id":null,"uid":null,"editor_date":null}},{"type":"Feature","geometry":{"type":"Point","coordinates":[24.017207741,49.83394364]},"properties":{"address":"Вербицького М. 4","name_build":"вілла (вілла Рамулта)","date_build":"1890 р.","num_ohor_build":"74","moid":"9505408689188781","geom":{"type":"Point","coordinates":[24.017207741176293,49.83394363995194]},"note":null,"editor_id":null,"uid":null,"editor_date":null}},{"type":"Feature","geometry":{"type":"Point","coordinates":[24.017607752,49.833719643]},"properties":{"address":"Вербицького М. 6","name_build":"житл. буд. (житл. буд. Зелінського)","date_build":"1896 р.","num_ohor_build":"893","moid":"9505408689188782","geom":{"type":"Point","coordinates":[24.01760775207074,49.83371964250646]},"note":null,"editor_id":null,"uid":null,"editor_date":null}},{"type":"Feature","geometry":{"type":"Point","coordinates":[24.018143753,49.833815651]},"properties":{"address":"Вербицького М. 9","name_build":"житл. буд.","date_build":"1910 р.","num_ohor_build":"75","moid":"9505408689188783","geom":{"type":"Point","coordinates":[24.018143753185942,49.833815651484926]},"note":null,"editor_id":null,"uid":null,"editor_date":null}},{"type":"Feature","geometry":{"type":"Point","coordinates":[24.018267757,49.833747652]},"properties":{"address":"Вербицького М. 11","name_build":"житл. буд.","date_build":"1910 р.","num_ohor_build":"76","moid":"9505408689188784","geom":{"type":"Point","coordinates":[24.018267756514238,49.83374765229699]},"note":null,"editor_id":null,"uid":null,"editor_date":null}},{"type":"Feature","geometry":{"type":"Point","coordinates":[24.018499765,49.833563653]},"properties":{"address":"Вербицького М. 13","name_build":"житл. буд.","date_build":"XIX ст.","num_ohor_build":"77","moid":"9505408689188785","geom":{"type":"Point","coordinates":[24.018499764673674,49.8335636530202]},"note":null,"editor_id":null,"uid":null,"editor_date":null}},{"type":"Feature","geometry":{"type":"Point","coordinates":[24.018273769,49.833385647]},"properties":{"address":"Вербицького М. 14","name_build":"житл. буд.","date_build":"XIX ст.","num_ohor_build":"78","moid":"9505408689188786","geom":{"type":"Point","coordinates":[24.01827376888392,49.83338564730598]},"note":null,"editor_id":null,"uid":null,"editor_date":null}},{"type":"Feature","geometry":{"type":"Point","coordinates":[24.018419773,49.833303648]},"properties":{"address":"Вербицького М. 16","name_build":"житл. буд.","date_build":"1900 р.","num_ohor_build":"1241","moid":"9505408689188787","geom":{"type":"Point","coordinates":[24.018419772868523,49.833303648235]},"note":null,"editor_id":null,"uid":null,"editor_date":null}},{"type":"Feature","geometry":null,"properties":{"address":"Верхратського Ів. 4","name_build":"житл. буд.","date_build":"1910 р.","num_ohor_build":"1206","moid":"9505408689188788","geom":null,"note":null,"editor_id":null,"uid":null,"editor_date":null}},{"type":"Feature","geometry":null,"properties":{"address":"Верхратського Ів. 6","name_build":"житл. буд.","date_build":"1910 р.","num_ohor_build":"1207","moid":"9505408689188789","geom":null,"note":null,"editor_id":null,"uid":null,"editor_date":null}},{"type":"Feature","geometry":null,"properties":{"address":"Верхратського Ів. 7","name_build":"житл. буд.","date_build":"1910 р.","num_ohor_build":"1208","moid":"9505408689188790","geom":null,"note":null,"editor_id":null,"uid":null,"editor_date":null}},{"type":"Feature","geometry":null,"properties":{"address":"Верхратського Ів. 8","name_build":"житл. буд.","date_build":"1910 р.","num_ohor_build":"1209","moid":"9505408689188791","geom":null,"note":null,"editor_id":null,"uid":null,"editor_date":null}},{"type":"Feature","geometry":null,"properties":{"address":"Верхратського Ів. 9","name_build":"житл. буд.","date_build":"1910 р.","num_ohor_build":"1210","moid":"9505408689188792","geom":null,"note":null,"editor_id":null,"uid":null,"editor_date":null}},{"type":"Feature","geometry":null,"properties":{"address":"Верхратського Ів. 10","name_build":"житл. буд.","date_build":"1910 р.","num_ohor_build":"1211","moid":"9505408689188793","geom":null,"note":null,"editor_id":null,"uid":null,"editor_date":null}},{"type":"Feature","geometry":null,"properties":{"address":"Верхратського Ів. 11","name_build":"житл. буд.","date_build":"1910 р.","num_ohor_build":"1212","moid":"9505408689188794","geom":null,"note":null,"editor_id":null,"uid":null,"editor_date":null}},{"type":"Feature","geometry":null,"properties":{"address":"Верхратського Ів. 11а","name_build":"житл. буд.","date_build":"1910 р.","num_ohor_build":"1581","moid":"9505408689188795","geom":null,"note":null,"editor_id":null,"uid":null,"editor_date":null}},{"type":"Feature","geometry":null,"properties":{"address":"Верхратського Ів. 12","name_build":"житл. буд.","date_build":"1910 р.","num_ohor_build":"1213","moid":"9505408689188796","geom":null,"note":null,"editor_id":null,"uid":null,"editor_date":null}},{"type":"Feature","geometry":null,"properties":{"address":"Верхратського Ів. 15","name_build":"житл. буд.","date_build":"1913 р.","num_ohor_build":"872","moid":"9505408689188797","geom":null,"note":null,"editor_id":null,"uid":null,"editor_date":null}},{"type":"Feature","geometry":{"type":"Point","coordinates":[24.035307715,49.839063969]},"properties":{"address":"Винниченка В. 1","name_build":"житл. буд.","date_build":"1883 р.","num_ohor_build":"239","moid":"9505408689188798","geom":{"type":"Point","coordinates":[24.03530771497693,49.83906396948983]},"note":null,"editor_id":null,"uid":null,"editor_date":null}},{"type":"Feature","geometry":{"type":"Point","coordinates":[24.036093727,49.838908979]},"properties":{"address":"Винниченка В. 2","name_build":"житл. буд.","date_build":"кін. XIX ст.","num_ohor_build":"1371","moid":"9505408689188799","geom":{"type":"Point","coordinates":[24.03609372668804,49.83890897850739]},"note":null,"editor_id":null,"uid":null,"editor_date":null}},{"type":"Feature","geometry":{"type":"Point","coordinates":[24.035480707,49.839333976]},"properties":{"address":"Винниченка В. 3","name_build":"житл. буд.","date_build":"1858 р.","num_ohor_build":"1650","moid":"9505408689188800","geom":{"type":"Point","coordinates":[24.03548070720171,49.839333975740566]},"note":null,"editor_id":null,"uid":null,"editor_date":null}},{"type":"Feature","geometry":{"type":"Point","coordinates":[24.036845684,49.840340009]},"properties":{"address":"Винниченка В. 12","name_build":"житл. буд.","date_build":"XIX ст.","num_ohor_build":"1019","moid":"9505408689188801","geom":{"type":"Point","coordinates":[24.036845684129016,49.84034000928868]},"note":null,"editor_id":null,"uid":null,"editor_date":null}},{"type":"Feature","geometry":{"type":"Point","coordinates":[24.037605611,49.842668053]},"properties":{"address":"Винниченка В. 20","name_build":"монастир о.Василіан (монастир Кармелітів босих)","date_build":"XVII ст.","num_ohor_build":"240","moid":"9505408689188802","geom":{"type":"Point","coordinates":[24.0376056110913,49.84266805276763]},"note":null,"editor_id":null,"uid":null,"editor_date":null}},{"type":"Feature","geometry":{"type":"Point","coordinates":[24.037007628,49.842020035]},"properties":{"address":"Винниченка В. 20а","name_build":"житл. буд.","date_build":"XVIII ст.","num_ohor_build":"241","moid":"9505408689188803","geom":{"type":"Point","coordinates":[24.03700762825812,49.84202003516225]},"note":null,"editor_id":null,"uid":null,"editor_date":null}},{"type":"Feature","geometry":{"type":"Point","coordinates":[24.03638756,49.843880052]},"properties":{"address":"Винниченка В. 28","name_build":"житл. буд.","date_build":"1882 р.","num_ohor_build":"244","moid":"9505408689188804","geom":{"type":"Point","coordinates":[24.036387559849725,49.84388005242557]},"note":null,"editor_id":null,"uid":null,"editor_date":null}},{"type":"Feature","geometry":{"type":"Point","coordinates":[24.036657551,49.844208061]},"properties":{"address":"Винниченка В. 30","name_build":"монастир кармеліток босих","date_build":"1642-1700 рр.","num_ohor_build":"245","moid":"9505408689188805","geom":{"type":"Point","coordinates":[24.036657550891537,49.84420806087154]},"note":null,"editor_id":null,"uid":null,"editor_date":null}},{"type":"Feature","geometry":{"type":"Point","coordinates":[24.036108526,49.844793061]},"properties":{"address":"Винниченка В. 32","name_build":"палац (палац архієпископа)","date_build":"1844 р.","num_ohor_build":"246","moid":"9505408689188806","geom":{"type":"Point","coordinates":[24.03610852647566,49.84479306126011]},"note":null,"editor_id":null,"uid":null,"editor_date":null}},{"type":"Feature","geometry":{"type":"Point","coordinates":[24.049330774,49.840709192]},"properties":{"address":"Вишенського І. 9","name_build":"житл. буд.","date_build":"1908 р.","num_ohor_build":"39","moid":"9505408689188807","geom":{"type":"Point","coordinates":[24.049330773826046,49.84070919223538]},"note":null,"editor_id":null,"uid":null,"editor_date":null}},{"type":"Feature","geometry":{"type":"Point","coordinates":[24.049467777,49.840648193]},"properties":{"address":"Вишенського І. 11","name_build":"житл. буд.","date_build":"1908 р.","num_ohor_build":"40","moid":"9505408689188808","geom":{"type":"Point","coordinates":[24.049467777025196,49.84064819333016]},"note":null,"editor_id":null,"uid":null,"editor_date":null}},{"type":"Feature","geometry":{"type":"Point","coordinates":[24.049403787,49.840328188]},"properties":{"address":"Вишенського І. 12","name_build":"житл. буд. (житл. буд. вілла Ковшевича)","date_build":"1911-1912 рр.","num_ohor_build":"1214","moid":"9505408689188809","geom":{"type":"Point","coordinates":[24.04940378739433,49.84032818792917]},"note":null,"editor_id":null,"uid":null,"editor_date":null}},{"type":"Feature","geometry":{"type":"Point","coordinates":[24.049709779,49.840644197]},"properties":{"address":"Вишенського І. 13","name_build":"житл. буд.","date_build":"1908 р.","num_ohor_build":"41","moid":"9505408689188810","geom":{"type":"Point","coordinates":[24.049709779144283,49.84064419671967]},"note":null,"editor_id":null,"uid":null,"editor_date":null}},{"type":"Feature","geometry":{"type":"Point","coordinates":[24.049803791,49.840316193]},"properties":{"address":"Вишенського І. 14","name_build":"житл. буд.","date_build":"1908 р.","num_ohor_build":"1215","moid":"9505408689188811","geom":{"type":"Point","coordinates":[24.049803791080365,49.84031619345604]},"note":null,"editor_id":null,"uid":null,"editor_date":null}},{"type":"Feature","geometry":{"type":"Point","coordinates":[24.049813775,49.8407922]},"properties":{"address":"Вишенського І. 15","name_build":"житл. буд.","date_build":"1908 р.","num_ohor_build":"42","moid":"9505408689188812","geom":{"type":"Point","coordinates":[24.049813774958142,49.84079220027697]},"note":null,"editor_id":null,"uid":null,"editor_date":null}},{"type":"Feature","geometry":{"type":"Point","coordinates":[24.050017785,49.8405362]},"properties":{"address":"Вишенського І. 16","name_build":"житл. буд.","date_build":"1908 р.","num_ohor_build":"1216","moid":"9505408689188813","geom":{"type":"Point","coordinates":[24.050017785344618,49.84053619958973]},"note":null,"editor_id":null,"uid":null,"editor_date":null}},{"type":"Feature","geometry":{"type":"Point","coordinates":[24.05019978,49.840732205]},"properties":{"address":"Вишенського І. 20","name_build":"житл. буд.","date_build":"1908 р.","num_ohor_build":"562","moid":"9505408689188814","geom":{"type":"Point","coordinates":[24.050199780163638,49.84073220493108]},"note":null,"editor_id":null,"uid":null,"editor_date":null}},{"type":"Feature","geometry":{"type":"Point","coordinates":[24.050265778,49.840820207]},"properties":{"address":"Вишенського І. 22","name_build":"житл. буд.","date_build":"1908 р.","num_ohor_build":"563","moid":"9505408689188815","geom":{"type":"Point","coordinates":[24.0502657777087,49.840820207105494]},"note":null,"editor_id":null,"uid":null,"editor_date":null}},{"type":"Feature","geometry":{"type":"Point","coordinates":[24.050355775,49.84092821]},"properties":{"address":"Вишенського І. 24","name_build":"житл. буд.","date_build":"1908 р.","num_ohor_build":"564","moid":"9505408689188816","geom":{"type":"Point","coordinates":[24.050355774769557,49.84092820990224]},"note":null,"editor_id":null,"uid":null,"editor_date":null}},{"type":"Feature","geometry":{"type":"Point","coordinates":[24.050253761,49.841304214]},"properties":{"address":"Вишенського І. 25","name_build":"житл. буд.","date_build":"1908 р.","num_ohor_build":"43","moid":"9505408689188817","geom":{"type":"Point","coordinates":[24.05025376113343,49.841304213725486]},"note":null,"editor_id":null,"uid":null,"editor_date":null}},{"type":"Feature","geometry":{"type":"Point","coordinates":[24.050442755,49.84152922]},"properties":{"address":"Вишенського І. 29","name_build":"житл. буд.","date_build":"1908 р.","num_ohor_build":"44","moid":"9505408689188818","geom":{"type":"Point","coordinates":[24.05044275502229,49.84152921957344]},"note":null,"editor_id":null,"uid":null,"editor_date":null}},{"type":"Feature","geometry":{"type":"Point","coordinates":[24.050538752,49.841628222]},"properties":{"address":"Вишенського І. 31","name_build":"житл. буд.","date_build":"1908 р.","num_ohor_build":"45","moid":"9505408689188819","geom":{"type":"Point","coordinates":[24.05053875243859,49.84162822232937]},"note":null,"editor_id":null,"uid":null,"editor_date":null}},{"type":"Feature","geometry":{"type":"Point","coordinates":[24.050655764,49.84131222]},"properties":{"address":"Вишенського І. 32","name_build":"житл. буд.","date_build":"1908 р.","num_ohor_build":"1217","moid":"9505408689188820","geom":{"type":"Point","coordinates":[24.050655764155255,49.841312219561516]},"note":null,"editor_id":null,"uid":null,"editor_date":null}},{"type":"Feature","geometry":{"type":"Point","coordinates":[24.050615749,49.841739225]},"properties":{"address":"Вишенського І. 33","name_build":"житл. буд.","date_build":"1908 р.","num_ohor_build":"46","moid":"9505408689188821","geom":{"type":"Point","coordinates":[24.050615749290653,49.84173922498314]},"note":null,"editor_id":null,"uid":null,"editor_date":null}},{"type":"Feature","geometry":{"type":"Point","coordinates":[24.050743762,49.841408222]},"properties":{"address":"Вишенського І. 34","name_build":"житл. буд.","date_build":"1908 р.","num_ohor_build":"1218","moid":"9505408689188822","geom":{"type":"Point","coordinates":[24.050743761608178,49.84140822216145]},"note":null,"editor_id":null,"uid":null,"editor_date":null}},{"type":"Feature","geometry":{"type":"Point","coordinates":[24.050837758,49.841528225]},"properties":{"address":"Вишенського І. 36","name_build":"житл. буд.","date_build":"1908 р.","num_ohor_build":"1219","moid":"9505408689188823","geom":{"type":"Point","coordinates":[24.0508377582932,49.84152822518353]},"note":null,"editor_id":null,"uid":null,"editor_date":null}},{"type":"Feature","geometry":{"type":"Point","coordinates":[24.050920755,49.841657228]},"properties":{"address":"Вишенського І. 38","name_build":"житл. буд.","date_build":"1908 р.","num_ohor_build":"1220","moid":"9505408689188824","geom":{"type":"Point","coordinates":[24.050920754581668,49.841657228175286]},"note":null,"editor_id":null,"uid":null,"editor_date":null}},{"type":"Feature","geometry":{"type":"Point","coordinates":[24.051055752,49.841776232]},"properties":{"address":"Вишенського І. 40","name_build":"житл. буд.","date_build":"1780 р.","num_ohor_build":"1221","moid":"9505408689188825","geom":{"type":"Point","coordinates":[24.05105575163669,49.84177623176714]},"note":null,"editor_id":null,"uid":null,"editor_date":null}},{"type":"Feature","geometry":{"type":"Point","coordinates":[24.009014565,49.837152568]},"properties":{"address":"Війтовича П. 14","name_build":"житл. буд.","date_build":"1908 р.","num_ohor_build":"1583","moid":"9505408689188826","geom":{"type":"Point","coordinates":[24.009014564970478,49.83715256828146]},"note":null,"editor_id":null,"uid":null,"editor_date":null}},{"type":"Feature","geometry":{"type":"Point","coordinates":[24.063943861,49.841656414]},"properties":{"address":"Вільде І. 22","name_build":"вілла","date_build":"поч. XX ст.","num_ohor_build":"2155","moid":"9505408689188827","geom":{"type":"Point","coordinates":[24.06394386137916,49.841656413580004]},"note":null,"editor_id":null,"uid":null,"editor_date":null}},{"type":"Feature","geometry":{"type":"Point","coordinates":[24.063515898,49.840480391]},"properties":{"address":"Вільде І. 25","name_build":"вілла","date_build":"поч. XX ст.","num_ohor_build":"2156","moid":"9505408689188828","geom":{"type":"Point","coordinates":[24.063515897900942,49.84048039098304]},"note":null,"editor_id":null,"uid":null,"editor_date":null}},{"type":"Feature","geometry":{"type":"Point","coordinates":[24.029179537,49.842821935]},"properties":{"address":"Вірменська 2","name_build":"житл. буд.","date_build":"XVIII ст.","num_ohor_build":"862","moid":"9505408689188829","geom":{"type":"Point","coordinates":[24.029179536872046,49.842821934942236]},"note":null,"editor_id":null,"uid":null,"editor_date":null}},{"type":"Feature","geometry":{"type":"Point","coordinates":[24.02978954,49.842871944]},"properties":{"address":"Вірменська 8","name_build":"житл. буд.","date_build":"XVIII ст.","num_ohor_build":"20","moid":"9505408689188830","geom":{"type":"Point","coordinates":[24.029789540161804,49.84287194433011]},"note":null,"editor_id":null,"uid":null,"editor_date":null}},{"type":"Feature","geometry":{"type":"Point","coordinates":[24.030834545,49.842967961]},"properties":{"address":"Вірменська 12","name_build":"житл. буд. (житл. буд. кам’яниця Вільчків)","date_build":"поч. XIX ст.","num_ohor_build":"321","moid":"9505408689188831","geom":{"type":"Point","coordinates":[24.030834545445753,49.84296796055768]},"note":null,"editor_id":null,"uid":null,"editor_date":null}},{"type":"Feature","geometry":{"type":"Point","coordinates":[24.030962546,49.842986963]},"properties":{"address":"Вірменська 14","name_build":"житл. буд. (житл. буд. кам’яниця Бернатовичів)","date_build":"XVIII ст.","num_ohor_build":"22","moid":"9505408689188832","geom":{"type":"Point","coordinates":[24.030962545846453,49.84298696264691]},"note":null,"editor_id":null,"uid":null,"editor_date":null}},{"type":"Feature","geometry":{"type":"Point","coordinates":[24.031812543,49.843274979]},"properties":{"address":"Вірменська 19","name_build":"житл. буд.","date_build":"XVII ст.","num_ohor_build":"323","moid":"9505408689188833","geom":{"type":"Point","coordinates":[24.03181254299715,49.84327497879079]},"note":null,"editor_id":null,"uid":null,"editor_date":null}},{"type":"Feature","geometry":null,"properties":{"address":"Вірменська 26","name_build":"житл. буд.","date_build":"1872-1876 рр.","num_ohor_build":"24","moid":"9505408689188834","geom":null,"note":null,"editor_id":null,"uid":null,"editor_date":null}},{"type":"Feature","geometry":{"type":"Point","coordinates":[24.032739546,49.843403994]},"properties":{"address":"Вірменська 27","name_build":"житл. буд.","date_build":"1807 р.","num_ohor_build":"25","moid":"9505408689188835","geom":{"type":"Point","coordinates":[24.032739546192605,49.84340399380087]},"note":null,"editor_id":null,"uid":null,"editor_date":null}},{"type":"Feature","geometry":{"type":"Point","coordinates":[24.032555556,49.843067986]},"properties":{"address":"Вірменська 28","name_build":"житл. буд.","date_build":"1898 р.","num_ohor_build":"863","moid":"9505408689188836","geom":{"type":"Point","coordinates":[24.032555556127488,49.8430679864676]},"note":null,"editor_id":null,"uid":null,"editor_date":null}},{"type":"Feature","geometry":{"type":"Point","coordinates":[24.033059549,49.843403998]},"properties":{"address":"Вірменська 29","name_build":"житл. буд.","date_build":"XVIII ст.","num_ohor_build":"26","moid":"9505408689188837","geom":{"type":"Point","coordinates":[24.033059548812105,49.84340399835771]},"note":null,"editor_id":null,"uid":null,"editor_date":null}},{"type":"Feature","geometry":{"type":"Point","coordinates":[24.032671556,49.843099989]},"properties":{"address":"Вірменська 30","name_build":"житл. буд.","date_build":"XVIII ст.","num_ohor_build":"27","moid":"9505408689188838","geom":{"type":"Point","coordinates":[24.03267155598742,49.84309998856831]},"note":null,"editor_id":null,"uid":null,"editor_date":null}},{"type":"Feature","geometry":{"type":"Point","coordinates":[24.03324855,49.843400001]},"properties":{"address":"Вірменська 31","name_build":"житл. буд.","date_build":"XVIII ст.","num_ohor_build":"28","moid":"9505408689188839","geom":{"type":"Point","coordinates":[24.033248550495472,49.84340000099298]},"note":null,"editor_id":null,"uid":null,"editor_date":null}},{"type":"Feature","geometry":{"type":"Point","coordinates":[24.039693748,49.839153033]},"properties":{"address":"Вітвера Г. 8","name_build":"житл. буд.","date_build":"поч. XX ст.","num_ohor_build":"1544","moid":"9505408689188840","geom":{"type":"Point","coordinates":[24.03969374785734,49.83915303318979]},"note":null,"editor_id":null,"uid":null,"editor_date":null}},{"type":"Feature","geometry":{"type":"Point","coordinates":[24.039699751,49.839052032]},"properties":{"address":"Вітвера Г. 10","name_build":"житл. буд. (житл. буд.)","date_build":"поч. XX ст.","num_ohor_build":"1545","moid":"9505408689188841","geom":{"type":"Point","coordinates":[24.039699751344664,49.83905203185836]},"note":null,"editor_id":null,"uid":null,"editor_date":null}},{"type":"Feature","geometry":{"type":"Point","coordinates":[24.039721757,49.83889203]},"properties":{"address":"Вітвера Г. 12","name_build":"житл. буд.","date_build":"поч. XX ст.","num_ohor_build":"1546","moid":"9505408689188842","geom":{"type":"Point","coordinates":[24.03972175697141,49.83889202992709]},"note":null,"editor_id":null,"uid":null,"editor_date":null}},{"type":"Feature","geometry":{"type":"Point","coordinates":[24.028623986,49.82949574]},"properties":{"address":"Вітовського Д. 7а","name_build":"житл. буд.","date_build":"поч. XX ст.","num_ohor_build":"1582","moid":"9505408689188843","geom":{"type":"Point","coordinates":[24.02862398591091,49.829495740117956]},"note":null,"editor_id":null,"uid":null,"editor_date":null}},{"type":"Feature","geometry":{"type":"Point","coordinates":[24.024547944,49.829735685]},"properties":{"address":"Вітовського Д. 35","name_build":"вілла","date_build":"поч. XX ст.","num_ohor_build":"2033","moid":"9505408689188844","geom":{"type":"Point","coordinates":[24.02454794440265,49.829735685451226]},"note":null,"editor_id":null,"uid":null,"editor_date":null}},{"type":"Feature","geometry":{"type":"Point","coordinates":[24.019951854,49.831279642]},"properties":{"address":"Вітовського Д. 55","name_build":"адм.буд. (адм.буд. міських електричних закладів)","date_build":"1936 р.","num_ohor_build":"2034","moid":"9505408689188845","geom":{"type":"Point","coordinates":[24.01995185427668,49.83127964166545]},"note":null,"editor_id":null,"uid":null,"editor_date":null}},{"type":"Feature","geometry":{"type":"Point","coordinates":[24.031316459,49.845630005]},"properties":{"address":"Вічева 2","name_build":"житл. буд.","date_build":"кін. XVIII ст.","num_ohor_build":"38","moid":"9505408689188846","geom":{"type":"Point","coordinates":[24.031316458741617,49.845630004761]},"note":null,"editor_id":null,"uid":null,"editor_date":null}},{"type":"Feature","geometry":{"type":"Point","coordinates":[24.029805699,49.838219879]},"properties":{"address":"Вороного М. 5","name_build":"житл. буд.","date_build":"поч. XX ст.","num_ohor_build":"1035","moid":"9505408689188847","geom":{"type":"Point","coordinates":[24.029805698675315,49.83821987930767]},"note":null,"editor_id":null,"uid":null,"editor_date":null}},{"type":"Feature","geometry":{"type":"Point","coordinates":[24.028955704,49.837847862]},"properties":{"address":"Вороного М. 9","name_build":"житл. буд.","date_build":"1904-1907 рр.","num_ohor_build":"721","moid":"9505408689188848","geom":{"type":"Point","coordinates":[24.028955704383062,49.83784786198663]},"note":null,"editor_id":null,"uid":null,"editor_date":null}},{"type":"Feature","geometry":{"type":"Point","coordinates":[24.028783704,49.837807859]},"properties":{"address":"Вороного М. 11","name_build":"житл. буд.","date_build":"XIX ст.","num_ohor_build":"298","moid":"9505408689188849","geom":{"type":"Point","coordinates":[24.02878370433726,49.837807858976454]},"note":null,"editor_id":null,"uid":null,"editor_date":null}},{"type":"Feature","geometry":{"type":"Point","coordinates":[24.026152378,49.846747947]},"properties":{"address":"Вугільна 3","name_build":"синаґоґа","date_build":"поч. XIX ст.","num_ohor_build":"2032","moid":"9505408689188850","geom":{"type":"Point","coordinates":[24.026152378401832,49.846747946901935]},"note":null,"editor_id":null,"uid":null,"editor_date":null}},{"type":"Feature","geometry":{"type":"Point","coordinates":[24.029865495,49.844215964]},"properties":{"address":"Гавришкевича С. 2","name_build":"житл. буд.","date_build":"1874 р.","num_ohor_build":"879","moid":"9505408689188851","geom":{"type":"Point","coordinates":[24.02986549501807,49.844215964264016]},"note":null,"editor_id":null,"uid":null,"editor_date":null}},{"type":"Feature","geometry":{"type":"Point","coordinates":[24.030333502,49.84413597]},"properties":{"address":"Гавришкевича С. 6","name_build":"житл. буд.","date_build":"сер. XIX ст.","num_ohor_build":"64","moid":"9505408689188852","geom":{"type":"Point","coordinates":[24.03033350157273,49.844135969806416]},"note":null,"editor_id":null,"uid":null,"editor_date":null}},{"type":"Feature","geometry":{"type":"Point","coordinates":[24.030511504,49.844111972]},"properties":{"address":"Гавришкевича С. 8","name_build":"житл. буд.","date_build":"XIX ст.","num_ohor_build":"880","moid":"9505408689188853","geom":{"type":"Point","coordinates":[24.030511503846892,49.84411197200458]},"note":null,"editor_id":null,"uid":null,"editor_date":null}},{"type":"Feature","geometry":{"type":"Point","coordinates":[24.030727506,49.844091975]},"properties":{"address":"Гавришкевича С. 10","name_build":"житл. буд.","date_build":"XIX ст.","num_ohor_build":"882","moid":"9505408689188854","geom":{"type":"Point","coordinates":[24.030727506295886,49.844091974799994]},"note":null,"editor_id":null,"uid":null,"editor_date":null}},{"type":"Feature","geometry":{"type":"Point","coordinates":[24.029261235,49.851700061]},"properties":{"address":"Гайдамацька 7","name_build":"житл. буд.","date_build":"1910-1911 рр.","num_ohor_build":"62","moid":"9505408689188855","geom":{"type":"Point","coordinates":[24.02926123516589,49.851700060638635]},"note":null,"editor_id":null,"uid":null,"editor_date":null}},{"type":"Feature","geometry":{"type":"Point","coordinates":[24.031419625,49.840767938]},"properties":{"address":"Галицька 5","name_build":"житл. буд.","date_build":"XVI ст.","num_ohor_build":"873","moid":"9505408689188856","geom":{"type":"Point","coordinates":[24.03141962514035,49.840767938029366]},"note":null,"editor_id":null,"uid":null,"editor_date":null}},{"type":"Feature","geometry":{"type":"Point","coordinates":[24.033089682,49.839495944]},"properties":{"address":"Галицька 7","name_build":"житл. буд.","date_build":"1785 р.","num_ohor_build":"874","moid":"9505408689188857","geom":{"type":"Point","coordinates":[24.03308968211432,49.83949594396719]},"note":null,"editor_id":null,"uid":null,"editor_date":null}},{"type":"Feature","geometry":null,"properties":{"address":"Галицька пл. 7","name_build":"житл. буд.","date_build":"1902 р.","num_ohor_build":"878","moid":"9505408689188858","geom":null,"note":null,"editor_id":null,"uid":null,"editor_date":null}},{"type":"Feature","geometry":{"type":"Point","coordinates":[24.031466631,49.840592936]},"properties":{"address":"Галицька 9","name_build":"житл. буд.","date_build":"XVII ст.","num_ohor_build":"875","moid":"9505408689188859","geom":{"type":"Point","coordinates":[24.031466631483088,49.840592936243965]},"note":null,"editor_id":null,"uid":null,"editor_date":null}},{"type":"Feature","geometry":{"type":"Point","coordinates":[24.031931691,49.83894792]},"properties":{"address":"Галицька 12","name_build":"житл. буд.","date_build":"XVI ст.","num_ohor_build":"876","moid":"9505408689188860","geom":{"type":"Point","coordinates":[24.031931691291764,49.83894791979148]},"note":null,"editor_id":null,"uid":null,"editor_date":null}},{"type":"Feature","geometry":null,"properties":{"address":"Галицька пл. 15","name_build":"адм.буд. (банк)","date_build":"1876-1877 рр.","num_ohor_build":"727","moid":"9505408689188861","geom":null,"note":null,"editor_id":null,"uid":null,"editor_date":null}},{"type":"Feature","geometry":{"type":"Point","coordinates":[24.031881657,49.839951933]},"properties":{"address":"Галицька 19","name_build":"житл. буд. (житл.-адм.буд. акційне товариство Галицького купецького банку)","date_build":"1916 р.","num_ohor_build":"877","moid":"9505408689188862","geom":{"type":"Point","coordinates":[24.031881656702744,49.839951933162276]},"note":null,"editor_id":null,"uid":null,"editor_date":null}},{"type":"Feature","geometry":null,"properties":{"address":"Галицька 20","name_build":"житл. буд.","date_build":"XVI ст.","num_ohor_build":"65","moid":"9505408689188863","geom":null,"note":null,"editor_id":null,"uid":null,"editor_date":null}},{"type":"Feature","geometry":{"type":"Point","coordinates":[24.031987663,49.839783932]},"properties":{"address":"Галицька 21","name_build":"житл.-адм.буд. (житл. буд. кам’яниця Балабана)","date_build":"1908-1910 рр.","num_ohor_build":"66","moid":"9505408689187840","geom":{"type":"Point","coordinates":[24.031987663289787,49.839783932315164]},"note":null,"editor_id":null,"uid":null,"editor_date":null}},{"type":"Feature","geometry":null,"properties":{"address":"Галицького Д. пл. 1","name_build":"театр ляльок (клуб ремісників)","date_build":"1913-1919 рр.","num_ohor_build":"63","moid":"9505408689187841","geom":null,"note":null,"editor_id":null,"uid":null,"editor_date":null}},{"type":"Feature","geometry":null,"properties":{"address":"Галицького Д. пл. 2","name_build":"житл. буд.","date_build":"поч. XIX ст.","num_ohor_build":"883","moid":"9505408689187842","geom":null,"note":null,"editor_id":null,"uid":null,"editor_date":null}},{"type":"Feature","geometry":null,"properties":{"address":"Галицького Д. пл. 3","name_build":"житл. буд.","date_build":"поч. XIX ст.","num_ohor_build":"884","moid":"9505408689187843","geom":null,"note":null,"editor_id":null,"uid":null,"editor_date":null}},{"type":"Feature","geometry":null,"properties":{"address":"Галицького Д. пл. 13","name_build":"житл. буд.","date_build":"поч. XIX ст.","num_ohor_build":"885","moid":"9505408689187844","geom":null,"note":null,"editor_id":null,"uid":null,"editor_date":null}},{"type":"Feature","geometry":null,"properties":{"address":"Галицького Д. пл. 14","name_build":"житл. буд.","date_build":"поч. XIX ст.","num_ohor_build":"886","moid":"9505408689318917","geom":null,"note":null,"editor_id":null,"uid":null,"editor_date":null}},{"type":"Feature","geometry":null,"properties":{"address":"Галицького Д. пл. 15","name_build":"житл. буд.","date_build":"поч. XIX ст.","num_ohor_build":"887","moid":"9505408689318918","geom":null,"note":null,"editor_id":null,"uid":null,"editor_date":null}},{"type":"Feature","geometry":{"type":"Point","coordinates":[24.056556002,49.835744225]},"properties":{"address":"Галілея Г. 7","name_build":"вілла","date_build":"поч. XIX ст.","num_ohor_build":"2428","moid":"9505408689318919","geom":{"type":"Point","coordinates":[24.056556002031034,49.83574422543653]},"note":null,"editor_id":null,"uid":null,"editor_date":null}},{"type":"Feature","geometry":{"type":"Point","coordinates":[24.018663881,49.830191608]},"properties":{"address":"Гвардійська 5б","name_build":"житл. буд.","date_build":"поч. XX ст.","num_ohor_build":"2083","moid":"9505408689318920","geom":{"type":"Point","coordinates":[24.018663880768997,49.830191608068915]},"note":null,"editor_id":null,"uid":null,"editor_date":null}},{"type":"Feature","geometry":null,"properties":{"address":"Гвардійська 5ц","name_build":"житл. буд.","date_build":"поч. XX ст.","num_ohor_build":"2087","moid":"9505408689318921","geom":null,"note":null,"editor_id":null,"uid":null,"editor_date":null}},{"type":"Feature","geometry":{"type":"Point","coordinates":[24.01811187,49.830383603]},"properties":{"address":"Гвардійська 6","name_build":"житл. буд.","date_build":"1902 р.","num_ohor_build":"891","moid":"9505408689318922","geom":{"type":"Point","coordinates":[24.018111869722333,49.83038360290173]},"note":null,"editor_id":null,"uid":null,"editor_date":null}},{"type":"Feature","geometry":{"type":"Point","coordinates":[24.018649898,49.829683601]},"properties":{"address":"Гвардійська 7","name_build":"житл. буд.","date_build":"1910 р.","num_ohor_build":"2089","moid":"9505408689318923","geom":{"type":"Point","coordinates":[24.01864989794065,49.82968360074583]},"note":null,"editor_id":null,"uid":null,"editor_date":null}},{"type":"Feature","geometry":{"type":"Point","coordinates":[24.018069876,49.8301996]},"properties":{"address":"Гвардійська 8","name_build":"житл. буд.","date_build":"поч. XX ст.","num_ohor_build":"2090","moid":"9505408689318924","geom":{"type":"Point","coordinates":[24.018069875640204,49.83019959972347]},"note":null,"editor_id":null,"uid":null,"editor_date":null}},{"type":"Feature","geometry":{"type":"Point","coordinates":[24.017345883,49.829803584]},"properties":{"address":"Гвардійська 8а","name_build":"навч. закл. дитячий садок (вілла)","date_build":"20-ті XX ст.","num_ohor_build":"2568","moid":"9505408689318925","geom":{"type":"Point","coordinates":[24.017345883196153,49.82980358386177]},"note":null,"editor_id":null,"uid":null,"editor_date":null}},{"type":"Feature","geometry":{"type":"Point","coordinates":[24.018623902,49.829559599]},"properties":{"address":"Гвардійська 9","name_build":"житл. буд.","date_build":"1910 р.","num_ohor_build":"2091","moid":"9505408689318926","geom":{"type":"Point","coordinates":[24.018623901947446,49.82955959863677]},"note":null,"editor_id":null,"uid":null,"editor_date":null}},{"type":"Feature","geometry":{"type":"Point","coordinates":[24.018619906,49.829447597]},"properties":{"address":"Гвардійська 11","name_build":"житл. буд.","date_build":"1910 р.","num_ohor_build":"2092","moid":"9505408689318927","geom":{"type":"Point","coordinates":[24.018619905725767,49.82944759700922]},"note":null,"editor_id":null,"uid":null,"editor_date":null}},{"type":"Feature","geometry":{"type":"Point","coordinates":[24.018610909,49.829338595]},"properties":{"address":"Гвардійська 11а","name_build":"житл. буд.","date_build":"поч. XX ст.","num_ohor_build":"2093","moid":"9505408689318928","geom":{"type":"Point","coordinates":[24.018610909361097,49.82933859535255]},"note":null,"editor_id":null,"uid":null,"editor_date":null}},{"type":"Feature","geometry":{"type":"Point","coordinates":[24.018655916,49.829163594]},"properties":{"address":"Гвардійська 15","name_build":"житл. буд.","date_build":"поч. XX ст.","num_ohor_build":"2094","moid":"9505408689318929","geom":{"type":"Point","coordinates":[24.018655915683652,49.82916359353925]},"note":null,"editor_id":null,"uid":null,"editor_date":null}},{"type":"Feature","geometry":{"type":"Point","coordinates":[24.018759952,49.82811558]},"properties":{"address":"Гвардійська 28","name_build":"житл. буд.","date_build":"поч. XX ст.","num_ohor_build":"2095","moid":"9505408689318930","geom":{"type":"Point","coordinates":[24.018759952192454,49.82811558032385]},"note":null,"editor_id":null,"uid":null,"editor_date":null}},{"type":"Feature","geometry":{"type":"Point","coordinates":[24.018784957,49.827969579]},"properties":{"address":"Гвардійська 30","name_build":"житл. буд.","date_build":"поч. XX ст.","num_ohor_build":"2096","moid":"9505408689318931","geom":{"type":"Point","coordinates":[24.01878495736437,49.827969578632434]},"note":null,"editor_id":null,"uid":null,"editor_date":null}},{"type":"Feature","geometry":{"type":"Point","coordinates":[24.018767963,49.827793576]},"properties":{"address":"Гвардійська 30а","name_build":"житл. буд.","date_build":"поч. XX ст.","num_ohor_build":"2097","moid":"9505408689318932","geom":{"type":"Point","coordinates":[24.01876796321358,49.82779357592234]},"note":null,"editor_id":null,"uid":null,"editor_date":null}},{"type":"Feature","geometry":{"type":"Point","coordinates":[24.017957985,49.826955553]},"properties":{"address":"Гвардійська 40","name_build":"житл. буд.","date_build":"поч. XX ст.","num_ohor_build":"2098","moid":"9505408689318933","geom":{"type":"Point","coordinates":[24.017957985102633,49.82695555263852]},"note":null,"editor_id":null,"uid":null,"editor_date":null}},{"type":"Feature","geometry":null,"properties":{"address":"Герцена І 5","name_build":"житл. буд.","date_build":"поч. XX ст.","num_ohor_build":"2078","moid":"9505408689318934","geom":null,"note":null,"editor_id":null,"uid":null,"editor_date":null}},{"type":"Feature","geometry":null,"properties":{"address":"Герцена І 6","name_build":"житл. буд.","date_build":"1912 р.","num_ohor_build":"732","moid":"9505408689318935","geom":null,"note":null,"editor_id":null,"uid":null,"editor_date":null}},{"type":"Feature","geometry":null,"properties":{"address":"Герцена І 9","name_build":"житл. буд.","date_build":"1929 р.","num_ohor_build":"1586","moid":"9505408689318936","geom":null,"note":null,"editor_id":null,"uid":null,"editor_date":null}},{"type":"Feature","geometry":{"type":"Point","coordinates":[23.996047798,49.827200244]},"properties":{"address":"Гіпсова 28","name_build":"вілла","date_build":"1909 р.","num_ohor_build":"2569","moid":"9505408689318937","geom":{"type":"Point","coordinates":[23.99604779776933,49.827200244104446]},"note":null,"editor_id":null,"uid":null,"editor_date":null}},{"type":"Feature","geometry":null,"properties":{"address":"Гіпсова 37а","name_build":"вілла","date_build":"1937 р.","num_ohor_build":"2080","moid":"9505408689318938","geom":null,"note":null,"editor_id":null,"uid":null,"editor_date":null}},{"type":"Feature","geometry":null,"properties":{"address":"Гіпсова 37б","name_build":"вілла","date_build":"1936 р.","num_ohor_build":"2081","moid":"9505408689318939","geom":null,"note":null,"editor_id":null,"uid":null,"editor_date":null}},{"type":"Feature","geometry":{"type":"Point","coordinates":[24.013283698,49.834275589]},"properties":{"address":"Глибока 4","name_build":"житл. буд.","date_build":"1907-1910 рр.","num_ohor_build":"1077","moid":"9505408689318940","geom":{"type":"Point","coordinates":[24.013283697796776,49.83427558873163]},"note":null,"editor_id":null,"uid":null,"editor_date":null}},{"type":"Feature","geometry":{"type":"Point","coordinates":[24.012923703,49.83404758]},"properties":{"address":"Глибока 8","name_build":"житл. буд.","date_build":"1907-1910 рр.","num_ohor_build":"1078","moid":"9505408689318941","geom":{"type":"Point","coordinates":[24.012923702614522,49.83404758040826]},"note":null,"editor_id":null,"uid":null,"editor_date":null}},{"type":"Feature","geometry":{"type":"Point","coordinates":[24.012603708,49.833799572]},"properties":{"address":"Глибока 12","name_build":"житл. буд.","date_build":"1907-1910 рр.","num_ohor_build":"1079","moid":"9505408689318942","geom":{"type":"Point","coordinates":[24.01260370843996,49.83379957237408]},"note":null,"editor_id":null,"uid":null,"editor_date":null}},{"type":"Feature","geometry":{"type":"Point","coordinates":[24.012153715,49.833491562]},"properties":{"address":"Глибока 14","name_build":"житл. буд. (житл. буд. працівників залізниці)","date_build":"1909 р.","num_ohor_build":"373","moid":"9505408689318943","geom":{"type":"Point","coordinates":[24.012153715244946,49.83349156164744]},"note":null,"editor_id":null,"uid":null,"editor_date":null}},{"type":"Feature","geometry":{"type":"Point","coordinates":[24.011740726,49.83307755]},"properties":{"address":"Глибока 16","name_build":"житл. буд.","date_build":"XIX ст.","num_ohor_build":"1080","moid":"9505408689318944","geom":{"type":"Point","coordinates":[24.011740725960056,49.83307754996139]},"note":null,"editor_id":null,"uid":null,"editor_date":null}},{"type":"Feature","geometry":{"type":"Point","coordinates":[24.012393725,49.833271562]},"properties":{"address":"Глибока 21","name_build":"житл. буд.","date_build":"1908 р.","num_ohor_build":"1407","moid":"9505408689318945","geom":{"type":"Point","coordinates":[24.01239372469443,49.83327156198009]},"note":null,"editor_id":null,"uid":null,"editor_date":null}},{"type":"Feature","geometry":{"type":"Point","coordinates":[24.029783838,49.834111821]},"properties":{"address":"Глібова Л. 2","name_build":"житл. буд.","date_build":"1899 р.","num_ohor_build":"570","moid":"9505408689318946","geom":{"type":"Point","coordinates":[24.029783838322125,49.83411182137575]},"note":null,"editor_id":null,"uid":null,"editor_date":null}},{"type":"Feature","geometry":{"type":"Point","coordinates":[24.029443839,49.834019815]},"properties":{"address":"Глібова Л. 3","name_build":"житл. буд.","date_build":"XIX ст.","num_ohor_build":"571","moid":"9505408689318947","geom":{"type":"Point","coordinates":[24.029443838671178,49.83401981524433]},"note":null,"editor_id":null,"uid":null,"editor_date":null}},{"type":"Feature","geometry":{"type":"Point","coordinates":[24.029579832,49.83425582]},"properties":{"address":"Глібова Л. 4","name_build":"житл. буд.","date_build":"1897 р.","num_ohor_build":"572","moid":"9505408689318948","geom":{"type":"Point","coordinates":[24.029579831752002,49.834255820490846]},"note":null,"editor_id":null,"uid":null,"editor_date":null}},{"type":"Feature","geometry":{"type":"Point","coordinates":[24.029297834,49.834114814]},"properties":{"address":"Глібова Л. 5","name_build":"житл. буд.","date_build":"1899 р.","num_ohor_build":"573","moid":"9505408689318949","geom":{"type":"Point","coordinates":[24.029297834243348,49.834114814497966]},"note":null,"editor_id":null,"uid":null,"editor_date":null}},{"type":"Feature","geometry":{"type":"Point","coordinates":[24.028946823,49.834346813]},"properties":{"address":"Глібова Л. 9","name_build":"житл. буд.","date_build":"XIX ст.","num_ohor_build":"1587","moid":"9505408689318950","geom":{"type":"Point","coordinates":[24.028946823475476,49.83434681275424]},"note":null,"editor_id":null,"uid":null,"editor_date":null}},{"type":"Feature","geometry":null,"properties":{"address":"Глібова Л. 9а","name_build":"житл. буд.","date_build":"XIX ст.","num_ohor_build":"574","moid":"9505408689318951","geom":null,"note":null,"editor_id":null,"uid":null,"editor_date":null}},{"type":"Feature","geometry":{"type":"Point","coordinates":[24.029157812,49.834739821]},"properties":{"address":"Глібова Л. 10","name_build":"житл. буд.","date_build":"1896 р.","num_ohor_build":"575","moid":"9505408689318952","geom":{"type":"Point","coordinates":[24.02915781182629,49.83473982127067]},"note":null,"editor_id":null,"uid":null,"editor_date":null}},{"type":"Feature","geometry":{"type":"Point","coordinates":[24.028927804,49.83491182]},"properties":{"address":"Глібова Л. 12","name_build":"житл. буд.","date_build":"1892 р.","num_ohor_build":"722","moid":"9505408689318953","geom":{"type":"Point","coordinates":[24.028927804090287,49.83491182040821]},"note":null,"editor_id":null,"uid":null,"editor_date":null}},{"type":"Feature","geometry":null,"properties":{"address":null,"name_build":"(вілла \"Палатин\")","date_build":null,"num_ohor_build":null,"moid":"9505408689318954","geom":null,"note":null,"editor_id":null,"uid":null,"editor_date":null}},{"type":"Feature","geometry":{"type":"Point","coordinates":[24.02845981,49.83463181]},"properties":{"address":"Глібова Л. 15","name_build":"житл. буд.","date_build":"1890 р.","num_ohor_build":"723","moid":"9505408689318955","geom":{"type":"Point","coordinates":[24.028459809790903,49.83463180981738]},"note":null,"editor_id":null,"uid":null,"editor_date":null}},{"type":"Feature","geometry":{"type":"Point","coordinates":[24.019667904,49.829735616]},"properties":{"address":"Глінки М. 1","name_build":"житл. буд.","date_build":"поч. XX ст.","num_ohor_build":"1226","moid":"9505408689318956","geom":{"type":"Point","coordinates":[24.01966790449475,49.82973561596959]},"note":null,"editor_id":null,"uid":null,"editor_date":null}},{"type":"Feature","geometry":{"type":"Point","coordinates":[24.019063896,49.829851609]},"properties":{"address":"Глінки М. 2","name_build":"вілла","date_build":"30-ті XX ст.","num_ohor_build":"2570","moid":"9505408689318957","geom":{"type":"Point","coordinates":[24.01906389560899,49.829851608996385]},"note":null,"editor_id":null,"uid":null,"editor_date":null}},{"type":"Feature","geometry":{"type":"Point","coordinates":[24.019483917,49.829331608]},"properties":{"address":"Глінки М. 3","name_build":"житл. буд.","date_build":"1923 р.","num_ohor_build":"1277","moid":"9505408689318958","geom":{"type":"Point","coordinates":[24.01948391673712,49.829331607684345]},"note":null,"editor_id":null,"uid":null,"editor_date":null}},{"type":"Feature","geometry":{"type":"Point","coordinates":[24.019462909,49.82953961]},"properties":{"address":"Глінки М. 3б","name_build":"вілла","date_build":"поч. XX ст.","num_ohor_build":"2099","moid":"9505408689318959","geom":{"type":"Point","coordinates":[24.019462909487867,49.82953961030219]},"note":null,"editor_id":null,"uid":null,"editor_date":null}},{"type":"Feature","geometry":{"type":"Point","coordinates":[24.019479929,49.828971603]},"properties":{"address":"Глінки М. 5","name_build":"житл. буд.","date_build":"1904 р.","num_ohor_build":"1227","moid":"9505408689318960","geom":{"type":"Point","coordinates":[24.01947992895382,49.82897160257901]},"note":null,"editor_id":null,"uid":null,"editor_date":null}},{"type":"Feature","geometry":null,"properties":{"address":"Глінки М. 6","name_build":"вілла","date_build":"30-ті XX ст.","num_ohor_build":"2571","moid":"9505408689318961","geom":null,"note":null,"editor_id":null,"uid":null,"editor_date":null}},{"type":"Feature","geometry":null,"properties":{"address":"Глінки М. 7","name_build":"житл. буд.(житл. буд.)","date_build":"1903-1905 рр.","num_ohor_build":"1229","moid":"9505408689318962","geom":null,"note":null,"editor_id":null,"uid":null,"editor_date":null}},{"type":"Feature","geometry":null,"properties":{"address":"Глінки М. 9","name_build":"вілла","date_build":"поч. XX ст.","num_ohor_build":"2100","moid":"9505408689318963","geom":null,"note":null,"editor_id":null,"uid":null,"editor_date":null}},{"type":"Feature","geometry":{"type":"Point","coordinates":[24.018947926,49.828943595]},"properties":{"address":"Глінки М. 10","name_build":"вілла","date_build":"30-ті XX ст.","num_ohor_build":"2572","moid":"9505408689318964","geom":{"type":"Point","coordinates":[24.018947925556795,49.82894359461171]},"note":null,"editor_id":null,"uid":null,"editor_date":null}},{"type":"Feature","geometry":{"type":"Point","coordinates":[24.018967931,49.828799593]},"properties":{"address":"Глінки М. 12","name_build":"вілла","date_build":"поч. XX ст.","num_ohor_build":"2101","moid":"9505408689318965","geom":{"type":"Point","coordinates":[24.018967930620008,49.82879959287714]},"note":null,"editor_id":null,"uid":null,"editor_date":null}},{"type":"Feature","geometry":null,"properties":{"address":"акад. Гнатюка В. 8","name_build":"житл. буд.","date_build":"1901-1902 рр.","num_ohor_build":"1231","moid":"9505408689318967","geom":null,"note":null,"editor_id":null,"uid":null,"editor_date":null}},{"type":"Feature","geometry":null,"properties":{"address":"акад. Гнатюка В. 20/22","name_build":"житл. буд. (житл. буд. кам'яниця родини Ґрюнер)","date_build":"1910-1911 рр.","num_ohor_build":"770","moid":"9505408689318968","geom":null,"note":null,"editor_id":null,"uid":null,"editor_date":null}},{"type":"Feature","geometry":null,"properties":{"address":"Гніздовського Я. 1","name_build":"вілла","date_build":"30-ті XX ст.","num_ohor_build":"2655","moid":"9505408689318969","geom":null,"note":null,"editor_id":null,"uid":null,"editor_date":null}},{"type":"Feature","geometry":{"type":"Point","coordinates":[24.018243553,49.839728736]},"properties":{"address":"Гоголя М. 1","name_build":"адм.буд. Дирекція львівської залізниці","date_build":"1912 р.","num_ohor_build":"1230","moid":"9505408689318970","geom":{"type":"Point","coordinates":[24.01824355271895,49.83972873583008]},"note":null,"editor_id":null,"uid":null,"editor_date":null}},{"type":"Feature","geometry":{"type":"Point","coordinates":[24.017211521,49.840411731]},"properties":{"address":"Гоголя М. 5","name_build":"житл. буд.","date_build":"кін. XIX ст.","num_ohor_build":"577","moid":"9505408689318972","geom":{"type":"Point","coordinates":[24.017211521025263,49.84041173071195]},"note":null,"editor_id":null,"uid":null,"editor_date":null}},{"type":"Feature","geometry":{"type":"Point","coordinates":[24.016986501,49.840950735]},"properties":{"address":"Гоголя М. 10","name_build":"житл. буд.","date_build":"1873-1876 рр.","num_ohor_build":"578","moid":"9505408689318973","geom":{"type":"Point","coordinates":[24.01698650083306,49.84095073506649]},"note":null,"editor_id":null,"uid":null,"editor_date":null}},{"type":"Feature","geometry":{"type":"Point","coordinates":[24.016546487,49.841263733]},"properties":{"address":"Гоголя М. 12","name_build":"житл. буд.","date_build":"1884 р.","num_ohor_build":"579","moid":"9505408689318974","geom":{"type":"Point","coordinates":[24.016546486577514,49.84126373318987]},"note":null,"editor_id":null,"uid":null,"editor_date":null}},{"type":"Feature","geometry":{"type":"Point","coordinates":[24.016392482,49.841355732]},"properties":{"address":"Гоголя М. 14","name_build":"житл. буд.","date_build":"1913 р.","num_ohor_build":"2573","moid":"9505408689318975","geom":{"type":"Point","coordinates":[24.016392482185623,49.84135573228692]},"note":null,"editor_id":null,"uid":null,"editor_date":null}},{"type":"Feature","geometry":{"type":"Point","coordinates":[24.015598487,49.841037717]},"properties":{"address":"Гоголя М. 17","name_build":"школа № 52 (гімназія)","date_build":"сер. XIX ст.","num_ohor_build":"2574","moid":"9505408689318976","geom":{"type":"Point","coordinates":[24.015598486521057,49.841037716520155]},"note":null,"editor_id":null,"uid":null,"editor_date":null}},{"type":"Feature","geometry":{"type":"Point","coordinates":[24.00560844,49.83999556]},"properties":{"address":"Головацького Я. 26","name_build":"житл. буд.","date_build":"1912 р.","num_ohor_build":"2086","moid":"9505408689318977","geom":{"type":"Point","coordinates":[24.005608440342296,49.839995559639014]},"note":null,"editor_id":null,"uid":null,"editor_date":null}},{"type":"Feature","geometry":null,"properties":{"address":"Горбачевського Ів. 10","name_build":"житл. буд.","date_build":"1905 р.","num_ohor_build":"1278","moid":"9505408689318978","geom":null,"note":null,"editor_id":null,"uid":null,"editor_date":null}},{"type":"Feature","geometry":null,"properties":{"address":"Горбачевського Ів. 11","name_build":"житл. буд. (адм.буд. \"Дім техніків\")","date_build":"поч. XX ст.","num_ohor_build":"1616","moid":"9505408689318979","geom":null,"note":null,"editor_id":null,"uid":null,"editor_date":null}},{"type":"Feature","geometry":null,"properties":{"address":"Горбачевського Ів. 19","name_build":"житл. буд.","date_build":"поч. XX ст.","num_ohor_build":"1279","moid":"9505408689318980","geom":null,"note":null,"editor_id":null,"uid":null,"editor_date":null}},{"type":"Feature","geometry":null,"properties":{"address":"Горбачевського Ів. 21","name_build":"житл. буд.","date_build":"поч. XX ст.","num_ohor_build":"2449","moid":"9505408689318981","geom":null,"note":null,"editor_id":null,"uid":null,"editor_date":null}},{"type":"Feature","geometry":{"type":"Point","coordinates":[24.025153446,49.844517901]},"properties":{"address":"Городоцька 2","name_build":"житл.-адм.буд. (адм.буд. Товарний будинок)","date_build":"1910-1913 рр.","num_ohor_build":"1378","moid":"9505408689318982","geom":{"type":"Point","coordinates":[24.025153446173817,49.84451790139756]},"note":null,"editor_id":null,"uid":null,"editor_date":null}},{"type":"Feature","geometry":{"type":"Point","coordinates":[24.023520461,49.843699867]},"properties":{"address":"Городоцька 14","name_build":"житл.-адм.буд.","date_build":"поч. XX ст.","num_ohor_build":"2082","moid":"9505408689318983","geom":{"type":"Point","coordinates":[24.023520460669296,49.84369986666935]},"note":null,"editor_id":null,"uid":null,"editor_date":null}},{"type":"Feature","geometry":{"type":"Point","coordinates":[24.023997467,49.843618872]},"properties":{"address":"Городоцька 15","name_build":"готель (готель \"Асторія\")","date_build":"1913 р.","num_ohor_build":"1379","moid":"9505408689318984","geom":{"type":"Point","coordinates":[24.0239974673301,49.84361887232621]},"note":null,"editor_id":null,"uid":null,"editor_date":null}},{"type":"Feature","geometry":{"type":"Point","coordinates":[24.023020463,49.843523857]},"properties":{"address":"Городоцька 16","name_build":"житл.-адм.буд.","date_build":"поч. XX ст.","num_ohor_build":"1380","moid":"9505408689318985","geom":{"type":"Point","coordinates":[24.02302046257214,49.843523857080484]},"note":null,"editor_id":null,"uid":null,"editor_date":null}},{"type":"Feature","geometry":{"type":"Point","coordinates":[24.01713045,49.842463758]},"properties":{"address":"Городоцька 32","name_build":"костел Св.Анни","date_build":"1730 р.","num_ohor_build":"1584","moid":"9505408689318986","geom":{"type":"Point","coordinates":[24.017130450491816,49.842463758334986]},"note":null,"editor_id":null,"uid":null,"editor_date":null}},{"type":"Feature","geometry":{"type":"Point","coordinates":[24.016196457,49.842035739]},"properties":{"address":"Городоцька 36","name_build":"театр (товариство католиків)","date_build":"1911 р.","num_ohor_build":"1381","moid":"9505408689318987","geom":{"type":"Point","coordinates":[24.0161964574283,49.84203573903165]},"note":null,"editor_id":null,"uid":null,"editor_date":null}},{"type":"Feature","geometry":{"type":"Point","coordinates":[24.015816458,49.841919732]},"properties":{"address":"Городоцька 38","name_build":"школа (пром. буд. депо кінного трамваю)","date_build":"1879 р.","num_ohor_build":"1382","moid":"9505408689318988","geom":{"type":"Point","coordinates":[24.015816458270994,49.84191973199331]},"note":null,"editor_id":null,"uid":null,"editor_date":null}},{"type":"Feature","geometry":{"type":"Point","coordinates":[24.018979461,49.842588786]},"properties":{"address":"Городоцька 45","name_build":"житл. буд.","date_build":"1911 р.","num_ohor_build":"766","moid":"9505408689318989","geom":{"type":"Point","coordinates":[24.018979461356786,49.84258878641974]},"note":null,"editor_id":null,"uid":null,"editor_date":null}},{"type":"Feature","geometry":{"type":"Point","coordinates":[24.017768462,49.842271765]},"properties":{"address":"Городоцька 55","name_build":"житл. буд.","date_build":"поч. XX ст.","num_ohor_build":"1585","moid":"9505408689318990","geom":{"type":"Point","coordinates":[24.01776846224727,49.842271764728245]},"note":null,"editor_id":null,"uid":null,"editor_date":null}},{"type":"Feature","geometry":{"type":"Point","coordinates":[24.010411488,49.839743625]},"properties":{"address":"Городоцька 56","name_build":"житл. буд.","date_build":"поч. XX ст.","num_ohor_build":"1383","moid":"9505408689318991","geom":{"type":"Point","coordinates":[24.010411488175567,49.83974362450659]},"note":null,"editor_id":null,"uid":null,"editor_date":null}},{"type":"Feature","geometry":{"type":"Point","coordinates":[24.017174467,49.841991752]},"properties":{"address":"Городоцька 61","name_build":"житл. буд.","date_build":"поч. XX ст.","num_ohor_build":"1384","moid":"9505408689318992","geom":{"type":"Point","coordinates":[24.017174466924057,49.841991752342395]},"note":null,"editor_id":null,"uid":null,"editor_date":null}},{"type":"Feature","geometry":{"type":"Point","coordinates":[24.016147474,49.841524731]},"properties":{"address":"Городоцька 67","name_build":"житл. буд.","date_build":"поч. XX ст.","num_ohor_build":"1385","moid":"9505408689318993","geom":{"type":"Point","coordinates":[24.01614747442772,49.84152473116784]},"note":null,"editor_id":null,"uid":null,"editor_date":null}},{"type":"Feature","geometry":null,"properties":{"address":"Городоцька 69","name_build":"житл. буд.","date_build":"поч. XX ст.","num_ohor_build":"1386","moid":"9505408689318994","geom":null,"note":null,"editor_id":null,"uid":null,"editor_date":null}},{"type":"Feature","geometry":{"type":"Point","coordinates":[24.006595526,49.837727542]},"properties":{"address":"Городоцька 117","name_build":"житл. буд.","date_build":"1911 р.","num_ohor_build":"1387","moid":"9505408689318995","geom":{"type":"Point","coordinates":[24.00659552562689,49.837727541895255]},"note":null,"editor_id":null,"uid":null,"editor_date":null}},{"type":"Feature","geometry":{"type":"Point","coordinates":[24.001639546,49.835944446]},"properties":{"address":"Горської А. 5","name_build":"житл. буд. (адм.буд. дирекції фабрики помп)","date_build":"1912-1913 рр.","num_ohor_build":"1631","moid":"9505408689318996","geom":{"type":"Point","coordinates":[24.001639545836344,49.83594444631836]},"note":null,"editor_id":null,"uid":null,"editor_date":null}},{"type":"Feature","geometry":{"type":"Point","coordinates":[24.001824576,49.835088437]},"properties":{"address":"Горської А. 9","name_build":"житл. буд.","date_build":"1908-1909 рр.","num_ohor_build":"2154","moid":"9505408689318997","geom":{"type":"Point","coordinates":[24.001824576487248,49.835088436951864]},"note":null,"editor_id":null,"uid":null,"editor_date":null}},{"type":"Feature","geometry":{"type":"Point","coordinates":[24.020095779,49.833523675]},"properties":{"address":"Грабовського П. 6","name_build":"житл. буд.","date_build":"1911 р.","num_ohor_build":"1232","moid":"9505408689318998","geom":{"type":"Point","coordinates":[24.02009577908576,49.833523675184814]},"note":null,"editor_id":null,"uid":null,"editor_date":null}},{"type":"Feature","geometry":{"type":"Point","coordinates":[24.020427786,49.833395678]},"properties":{"address":"Грабовського П. 6а","name_build":"житл. буд.","date_build":"1939 р.","num_ohor_build":"1233","moid":"9505408689318999","geom":{"type":"Point","coordinates":[24.020427786157114,49.833395678117114]},"note":null,"editor_id":null,"uid":null,"editor_date":null}},{"type":"Feature","geometry":{"type":"Point","coordinates":[24.020611791,49.833299679]},"properties":{"address":"Грабовського П. 8","name_build":"житл. буд.","date_build":"1939 р.","num_ohor_build":"1234","moid":"9505408689319000","geom":{"type":"Point","coordinates":[24.02061179092908,49.83329967939079]},"note":null,"editor_id":null,"uid":null,"editor_date":null}},{"type":"Feature","geometry":{"type":"Point","coordinates":[24.023599816,49.833287722]},"properties":{"address":"Грабовського П. 11","name_build":"цитадель","date_build":"1851-1854 рр.","num_ohor_build":"264","moid":"9505408689319001","geom":{"type":"Point","coordinates":[24.023599815774897,49.83328772176804]},"note":null,"editor_id":null,"uid":null,"editor_date":null}},{"type":"Feature","geometry":{"type":"Point","coordinates":[24.021509517,49.841551808]},"properties":{"address":"Гребінки Є. 3","name_build":"житл. буд.","date_build":"1910 р.","num_ohor_build":"1236","moid":"9505408689319002","geom":{"type":"Point","coordinates":[24.021509517360972,49.841551807905745]},"note":null,"editor_id":null,"uid":null,"editor_date":null}},{"type":"Feature","geometry":{"type":"Point","coordinates":[24.021135514,49.841551803]},"properties":{"address":"Гребінки Є. 5","name_build":"житл. буд.","date_build":"1910 р.","num_ohor_build":"1237","moid":"9505408689319003","geom":{"type":"Point","coordinates":[24.021135514301776,49.84155180257975]},"note":null,"editor_id":null,"uid":null,"editor_date":null}},{"type":"Feature","geometry":{"type":"Point","coordinates":[24.021235504,49.841883809]},"properties":{"address":"Гребінки Є. 6","name_build":"житл. буд.","date_build":"1912 р.","num_ohor_build":"1238","moid":"9505408689319004","geom":{"type":"Point","coordinates":[24.02123550381513,49.841883808659965]},"note":null,"editor_id":null,"uid":null,"editor_date":null}},{"type":"Feature","geometry":{"type":"Point","coordinates":[24.020914513,49.841543799]},"properties":{"address":"Гребінки Є. 7","name_build":"житл. буд.","date_build":"1910 р.","num_ohor_build":"1239","moid":"9505408689319005","geom":{"type":"Point","coordinates":[24.020914512766502,49.84154379932038]},"note":null,"editor_id":null,"uid":null,"editor_date":null}},{"type":"Feature","geometry":{"type":"Point","coordinates":[24.020811502,49.841847802]},"properties":{"address":"Гребінки Є. 8","name_build":"житл. буд.","date_build":"1892 р.","num_ohor_build":"584","moid":"9505408689319006","geom":{"type":"Point","coordinates":[24.02081150157281,49.84184780211703]},"note":null,"editor_id":null,"uid":null,"editor_date":null}},{"type":"Feature","geometry":{"type":"Point","coordinates":[24.02061951,49.841551795]},"properties":{"address":"Гребінки Є. 9","name_build":"житл. буд.","date_build":"1912 р.","num_ohor_build":"1240","moid":"9505408689319007","geom":{"type":"Point","coordinates":[24.020619510081175,49.84155179523157]},"note":null,"editor_id":null,"uid":null,"editor_date":null}},{"type":"Feature","geometry":null,"properties":{"address":"ген. Грекова О. 8","name_build":"житл. буд.","date_build":"1929 р.","num_ohor_build":"2214","moid":"9505408689319008","geom":null,"note":null,"editor_id":null,"uid":null,"editor_date":null}},{"type":"Feature","geometry":null,"properties":{"address":"ген. Григоренка Г. пл. 1а","name_build":"житл. буд.","date_build":"1890 р.","num_ohor_build":"662","moid":"9505408689319009","geom":null,"note":null,"editor_id":null,"uid":null,"editor_date":null}},{"type":"Feature","geometry":null,"properties":{"address":"ген. Григоренка Г. пл. 2/4","name_build":"житл.-адм.буд. (торг.пасаж торговий дім Я.Строменгера)","date_build":"1906 р.","num_ohor_build":"765","moid":"9505408689319010","geom":null,"note":null,"editor_id":null,"uid":null,"editor_date":null}},{"type":"Feature","geometry":null,"properties":{"address":"ген. Григоренка Г. пл. 3","name_build":"адм.буд.","date_build":"1909-1912 рр.","num_ohor_build":"1657","moid":"9505408689319011","geom":null,"note":null,"editor_id":null,"uid":null,"editor_date":null}},{"type":"Feature","geometry":null,"properties":{"address":null,"name_build":"(банк Акціонерний кооперативний)","date_build":null,"num_ohor_build":null,"moid":"9505408689319012","geom":null,"note":null,"editor_id":null,"uid":null,"editor_date":null}},{"type":"Feature","geometry":null,"properties":{"address":"ген. Григоренка Г. пл. 5","name_build":"житл. буд. (ж.буд.,торг.пасаж Грюнерів)","date_build":"1912 р.","num_ohor_build":"767","moid":"9505408689319013","geom":null,"note":null,"editor_id":null,"uid":null,"editor_date":null}},{"type":"Feature","geometry":null,"properties":{"address":"Григоровича Д. 7","name_build":"житл. буд.","date_build":"1912 р.","num_ohor_build":"1235","moid":"9505408689319014","geom":null,"note":null,"editor_id":null,"uid":null,"editor_date":null}},{"type":"Feature","geometry":null,"properties":{"address":"Григоровича Д. 11","name_build":"житл. буд.","date_build":"поч. XX ст.","num_ohor_build":"1588","moid":"9505408689319015","geom":null,"note":null,"editor_id":null,"uid":null,"editor_date":null}},{"type":"Feature","geometry":null,"properties":{"address":"ген. Грицая Д. 6","name_build":"вілла","date_build":"30-ті XX ст.","num_ohor_build":"2575","moid":"9505408689319016","geom":null,"note":null,"editor_id":null,"uid":null,"editor_date":null}},{"type":"Feature","geometry":null,"properties":{"address":"ген. Грицая Д. 7","name_build":"вілла (вілла Квятковської Софії)","date_build":"1909-1910 рр.","num_ohor_build":"2040","moid":"9505408689319017","geom":null,"note":null,"editor_id":null,"uid":null,"editor_date":null}},{"type":"Feature","geometry":null,"properties":{"address":"ген. Грицая Д. 8","name_build":"вілла","date_build":"30-ті XX ст.","num_ohor_build":"2576","moid":"9505408689319018","geom":null,"note":null,"editor_id":null,"uid":null,"editor_date":null}},{"type":"Feature","geometry":{"type":"Point","coordinates":[24.032207835,49.834783865]},"properties":{"address":"Грушевського М. 5","name_build":"житл. буд.","date_build":"XIX ст.","num_ohor_build":"413","moid":"9505408688925810","geom":{"type":"Point","coordinates":[24.03220783528739,49.83478386531503]},"note":null,"editor_id":null,"uid":null,"editor_date":null}},{"type":"Feature","geometry":{"type":"Point","coordinates":[24.032317842,49.834619865]},"properties":{"address":"Грушевського М. 7","name_build":"житл. буд.","date_build":"XIX ст.","num_ohor_build":"414","moid":"9505408688925811","geom":{"type":"Point","coordinates":[24.032317841769263,49.834619864580915]},"note":null,"editor_id":null,"uid":null,"editor_date":null}},{"type":"Feature","geometry":{"type":"Point","coordinates":[24.032987884,49.833543859]},"properties":{"address":"Грушевського М. 10","name_build":"житл. буд.","date_build":"1910-1911 рр.","num_ohor_build":"415","moid":"9505408688925812","geom":{"type":"Point","coordinates":[24.03298788387222,49.83354385902804]},"note":null,"editor_id":null,"uid":null,"editor_date":null}},{"type":"Feature","geometry":{"type":"Point","coordinates":[24.032743858,49.834247865]},"properties":{"address":"Грушевського М. 11","name_build":"житл. буд.","date_build":"XIX ст.","num_ohor_build":"1095","moid":"9505408688925813","geom":{"type":"Point","coordinates":[24.032743857916252,49.83424786542857]},"note":null,"editor_id":null,"uid":null,"editor_date":null}},{"type":"Feature","geometry":{"type":"Point","coordinates":[24.032895865,49.834087865]},"properties":{"address":"Грушевського М. 13","name_build":"житл. буд.","date_build":"XIX ст.","num_ohor_build":"1096","moid":"9505408688925814","geom":{"type":"Point","coordinates":[24.032895864605567,49.83408786534853]},"note":null,"editor_id":null,"uid":null,"editor_date":null}},{"type":"Feature","geometry":{"type":"Point","coordinates":[24.03307587,49.833959866]},"properties":{"address":"Грушевського М. 15","name_build":"житл. буд.","date_build":"XIX ст.","num_ohor_build":"1097","moid":"9505408688925815","geom":{"type":"Point","coordinates":[24.03307587043494,49.83395986611599]},"note":null,"editor_id":null,"uid":null,"editor_date":null}},{"type":"Feature","geometry":{"type":"Point","coordinates":[24.033363897,49.83325586]},"properties":{"address":"Грушевського М. 16","name_build":"адм.буд. (житл. буд.)","date_build":"XIX ст.","num_ohor_build":"1098","moid":"9505408688925816","geom":{"type":"Point","coordinates":[24.03336389675061,49.83325586034187]},"note":null,"editor_id":null,"uid":null,"editor_date":null}},{"type":"Feature","geometry":{"type":"Point","coordinates":[24.033245876,49.833851867]},"properties":{"address":"Грушевського М. 17","name_build":"житл. буд.","date_build":"XIX ст.","num_ohor_build":"1099","moid":"9505408688925817","geom":{"type":"Point","coordinates":[24.033245875501795,49.8338518670216]},"note":null,"editor_id":null,"uid":null,"editor_date":null}},{"type":"Feature","geometry":{"type":"Point","coordinates":[24.033531899,49.833231862]},"properties":{"address":"Грушевського М. 18","name_build":"житл. буд.","date_build":"XIX ст.","num_ohor_build":"1100","moid":"9505408688925818","geom":{"type":"Point","coordinates":[24.033531898942314,49.833231862397206]},"note":null,"editor_id":null,"uid":null,"editor_date":null}},{"type":"Feature","geometry":{"type":"Point","coordinates":[24.033369879,49.833783868]},"properties":{"address":"Грушевського М. 19","name_build":"житл. буд.","date_build":"XIX ст.","num_ohor_build":"1101","moid":"9505408688925819","geom":{"type":"Point","coordinates":[24.033369878830857,49.83378386783331]},"note":null,"editor_id":null,"uid":null,"editor_date":null}},{"type":"Feature","geometry":{"type":"Point","coordinates":[24.033575884,49.833675869]},"properties":{"address":"Грушевського М. 21","name_build":"житл. буд.","date_build":"XIX ст.","num_ohor_build":"1102","moid":"9505408688925820","geom":{"type":"Point","coordinates":[24.03357588419233,49.83367586925147]},"note":null,"editor_id":null,"uid":null,"editor_date":null}},{"type":"Feature","geometry":{"type":"Point","coordinates":[24.033775891,49.83353187]},"properties":{"address":"Грушевського М. 23","name_build":"житл. буд.","date_build":"XIX ст.","num_ohor_build":"1103","moid":"9505408688925821","geom":{"type":"Point","coordinates":[24.033775890729835,49.83353187007923]},"note":null,"editor_id":null,"uid":null,"editor_date":null}},{"type":"Feature","geometry":{"type":"Point","coordinates":[24.005278694,49.83247745]},"properties":{"address":"Грюнвальдська 2","name_build":"житл. буд.","date_build":"1911 р.","num_ohor_build":"2084","moid":"9505408688925822","geom":{"type":"Point","coordinates":[24.005278693576912,49.83247744953136]},"note":null,"editor_id":null,"uid":null,"editor_date":null}},{"type":"Feature","geometry":{"type":"Point","coordinates":[24.004799678,49.832824448]},"properties":{"address":"Грюнвальдська 8","name_build":"житл. буд.","date_build":"1925 р.","num_ohor_build":"2430","moid":"9505408688925823","geom":{"type":"Point","coordinates":[24.004799677853274,49.83282444757549]},"note":null,"editor_id":null,"uid":null,"editor_date":null}},{"type":"Feature","geometry":{"type":"Point","coordinates":[24.004636672,49.832964447]},"properties":{"address":"Грюнвальдська 10","name_build":"житл. буд.","date_build":"1910 р.","num_ohor_build":"2085","moid":"9505408688925824","geom":{"type":"Point","coordinates":[24.00463667175657,49.832964447217215]},"note":null,"editor_id":null,"uid":null,"editor_date":null}},{"type":"Feature","geometry":{"type":"Point","coordinates":[24.004001665,49.832996439]},"properties":{"address":"Грюнвальдська 11а","name_build":"адм.буд. УНДІ поліграфії (житл. буд.)","date_build":"1925 р.","num_ohor_build":"2429","moid":"9505408688925825","geom":{"type":"Point","coordinates":[24.00400166547983,49.832996438623375]},"note":null,"editor_id":null,"uid":null,"editor_date":null}},{"type":"Feature","geometry":{"type":"Point","coordinates":[24.037983586,49.84350407]},"properties":{"address":"Гуцульська 3","name_build":"житл. буд.","date_build":"1892-1896 рр.","num_ohor_build":"68","moid":"9505408688925827","geom":{"type":"Point","coordinates":[24.03798358572111,49.843504069877774]},"note":null,"editor_id":null,"uid":null,"editor_date":null}},{"type":"Feature","geometry":{"type":"Point","coordinates":[24.038095583,49.843608073]},"properties":{"address":"Гуцульська 5","name_build":"житл. буд.","date_build":"1892-1896 рр.","num_ohor_build":"69","moid":"9505408688925828","geom":{"type":"Point","coordinates":[24.03809558309699,49.84360807293156]},"note":null,"editor_id":null,"uid":null,"editor_date":null}},{"type":"Feature","geometry":{"type":"Point","coordinates":[24.038151581,49.843680075]},"properties":{"address":"Гуцульська 7","name_build":"адм.буд. (житл. буд.)","date_build":"1892-1696 рр.","num_ohor_build":"70","moid":"9505408688925829","geom":{"type":"Point","coordinates":[24.038151581103914,49.84368007473901]},"note":null,"editor_id":null,"uid":null,"editor_date":null}},{"type":"Feature","geometry":{"type":"Point","coordinates":[24.03828858,49.843750078]},"properties":{"address":"Гуцульська 9","name_build":"адм.буд. (житл. буд.)","date_build":"1892-1896 рр.","num_ohor_build":"71","moid":"9505408688925830","geom":{"type":"Point","coordinates":[24.03828857984222,49.84375007767185]},"note":null,"editor_id":null,"uid":null,"editor_date":null}},{"type":"Feature","geometry":{"type":"Point","coordinates":[24.010144371,49.843119668]},"properties":{"address":"Гушалевича І. 1","name_build":"житл. буд.","date_build":"1904 р.","num_ohor_build":"1651","moid":"9505408688925832","geom":{"type":"Point","coordinates":[24.01014437103519,49.84311966804302]},"note":null,"editor_id":null,"uid":null,"editor_date":null}},{"type":"Feature","geometry":{"type":"Point","coordinates":[24.009938368,49.843151666]},"properties":{"address":"Гушалевича І. 3","name_build":"житл. буд.","date_build":"1904-1907 рр.","num_ohor_build":"1652","moid":"9505408688925833","geom":{"type":"Point","coordinates":[24.009938368261544,49.84315166555791]},"note":null,"editor_id":null,"uid":null,"editor_date":null}},{"type":"Feature","geometry":{"type":"Point","coordinates":[24.009482358,49.843339662]},"properties":{"address":"Гушалевича І. 5","name_build":"навч. закл. дитячий садок (вілла Бауера)","date_build":"1891-1892 рр.","num_ohor_build":"1653","moid":"9505408688925835","geom":{"type":"Point","coordinates":[24.009482358131798,49.84333966169978]},"note":null,"editor_id":null,"uid":null,"editor_date":null}},{"type":"Feature","geometry":{"type":"Point","coordinates":[24.044622069,49.830901988]},"properties":{"address":"Дніпровська 6","name_build":"житл. буд.","date_build":"поч. XX ст.","num_ohor_build":"2431","moid":"9505408688925836","geom":{"type":"Point","coordinates":[24.044622069020605,49.8309019876033]},"note":null,"editor_id":null,"uid":null,"editor_date":null}},{"type":"Feature","geometry":{"type":"Point","coordinates":[24.044437076,49.830651981]},"properties":{"address":"Дніпровська 8","name_build":"житл. буд.","date_build":"поч. XX ст.","num_ohor_build":"2104","moid":"9505408688925837","geom":{"type":"Point","coordinates":[24.04443707601169,49.83065198146236]},"note":null,"editor_id":null,"uid":null,"editor_date":null}},{"type":"Feature","geometry":{"type":"Point","coordinates":[24.04606758,49.845620215]},"properties":{"address":"Довбуша О. 24","name_build":"костел Войцеха","date_build":"1607 р.","num_ohor_build":"903","moid":"9505408688925838","geom":{"type":"Point","coordinates":[24.046067579882287,49.84562021467668]},"note":null,"editor_id":null,"uid":null,"editor_date":null}},{"type":"Feature","geometry":null,"properties":{"address":"Кооперативна 5/7","name_build":"вілла","date_build":"поч. XX ст.","num_ohor_build":"2442","moid":"9505408689319342","geom":null,"note":null,"editor_id":null,"uid":null,"editor_date":null}},{"type":"Feature","geometry":{"type":"Point","coordinates":[24.04121775,49.839448059]},"properties":{"address":"Донцова Д. 4","name_build":"житл. буд.","date_build":"1909-1910 рр.","num_ohor_build":"1606","moid":"9505408688925839","geom":{"type":"Point","coordinates":[24.041217750295058,49.839448059027845]},"note":null,"editor_id":null,"uid":null,"editor_date":null}},{"type":"Feature","geometry":{"type":"Point","coordinates":[24.041195757,49.839260056]},"properties":{"address":"Донцова Д. 6","name_build":"житл. буд.","date_build":"1906-1908 рр.","num_ohor_build":"1607","moid":"9505408688925840","geom":{"type":"Point","coordinates":[24.041195756514718,49.839260056077215]},"note":null,"editor_id":null,"uid":null,"editor_date":null}},{"type":"Feature","geometry":{"type":"Point","coordinates":[24.04109576,49.839136053]},"properties":{"address":"Донцова Д. 8","name_build":"житл. буд.","date_build":"1906-1908 рр.","num_ohor_build":"1607","moid":"9505408688925841","geom":{"type":"Point","coordinates":[24.04109575991692,49.83913605291383]},"note":null,"editor_id":null,"uid":null,"editor_date":null}},{"type":"Feature","geometry":{"type":"Point","coordinates":[24.040725756,49.839167048]},"properties":{"address":"Донцова Д. 8а","name_build":"житл. буд.","date_build":"1906-1907 рр.","num_ohor_build":"1607","moid":"9505408688925842","geom":{"type":"Point","coordinates":[24.04072575583164,49.83916704808043]},"note":null,"editor_id":null,"uid":null,"editor_date":null}},{"type":"Feature","geometry":{"type":"Point","coordinates":[24.041075767,49.83892005]},"properties":{"address":"Донцова Д. 10","name_build":"житл. буд.","date_build":"1906-1908 рр.","num_ohor_build":"1607","moid":"9505408688925843","geom":{"type":"Point","coordinates":[24.04107576710601,49.838920049598876]},"note":null,"editor_id":null,"uid":null,"editor_date":null}},{"type":"Feature","geometry":{"type":"Point","coordinates":[24.040739764,49.838924045]},"properties":{"address":"Донцова Д. 10а","name_build":"житл. буд.","date_build":"1906-1908 рр.","num_ohor_build":"1607","moid":"9505408688925844","geom":{"type":"Point","coordinates":[24.040739764218294,49.838924044870836]},"note":null,"editor_id":null,"uid":null,"editor_date":null}},{"type":"Feature","geometry":{"type":"Point","coordinates":[24.041079771,49.838804048]},"properties":{"address":"Донцова Д. 12","name_build":"житл. буд.","date_build":"1906-1908 рр.","num_ohor_build":"1607","moid":"9505408688925845","geom":{"type":"Point","coordinates":[24.041079771087496,49.83880404802851]},"note":null,"editor_id":null,"uid":null,"editor_date":null}},{"type":"Feature","geometry":{"type":"Point","coordinates":[24.041051775,49.838668046]},"properties":{"address":"Донцова Д. 14","name_build":"житл. буд.","date_build":"1906-1908 рр.","num_ohor_build":"1607","moid":"9505408688925846","geom":{"type":"Point","coordinates":[24.041051775487702,49.83866804572195]},"note":null,"editor_id":null,"uid":null,"editor_date":null}},{"type":"Feature","geometry":{"type":"Point","coordinates":[24.027499612,49.840223875]},"properties":{"address":"Дорошенка П. 1","name_build":"житл. буд.","date_build":"1880 р.","num_ohor_build":"88","moid":"9505408688925847","geom":{"type":"Point","coordinates":[24.027499611581636,49.84022387457927]},"note":null,"editor_id":null,"uid":null,"editor_date":null}},{"type":"Feature","geometry":{"type":"Point","coordinates":[24.027037619,49.839891863]},"properties":{"address":"Дорошенка П. 9","name_build":"житл. буд. (житл. буд. Строменгерів)","date_build":"1899 р.","num_ohor_build":"89","moid":"9505408688925850","geom":{"type":"Point","coordinates":[24.02703761910452,49.83989186334393]},"note":null,"editor_id":null,"uid":null,"editor_date":null}},{"type":"Feature","geometry":{"type":"Point","coordinates":[24.026925619,49.839871861]},"properties":{"address":"Дорошенка П. 11","name_build":"житл. буд. (житл. буд. \"Дім Шопена\")","date_build":"1898 р.","num_ohor_build":"90","moid":"9505408688925851","geom":{"type":"Point","coordinates":[24.02692561886902,49.83987186146856]},"note":null,"editor_id":null,"uid":null,"editor_date":null}},{"type":"Feature","geometry":{"type":"Point","coordinates":[24.025495612,49.839723839]},"properties":{"address":"Дорошенка П. 14","name_build":"житл. буд.","date_build":"1911 р.","num_ohor_build":"91","moid":"9505408688925852","geom":{"type":"Point","coordinates":[24.02549561220771,49.8397238390298]},"note":null,"editor_id":null,"uid":null,"editor_date":null}},{"type":"Feature","geometry":{"type":"Point","coordinates":[24.048101306,49.827152104]},"properties":{"address":"ген. Грицая Д. 11","name_build":"вілла","date_build":"30-ті XX ст.","num_ohor_build":"2578","moid":"9505408688925805","geom":{"type":"Point","coordinates":[24.048101305961612,49.82715210428404]},"note":null,"editor_id":null,"uid":null,"editor_date":null}},{"type":"Feature","geometry":{"type":"Point","coordinates":[24.048707485,49.826916785]},"properties":{"address":"ген. Грицая Д. 15","name_build":"вілла","date_build":"30-ті XX ст.","num_ohor_build":"2580","moid":"9505408688925807","geom":{"type":"Point","coordinates":[24.048707485198978,49.82691678544299]},"note":null,"editor_id":null,"uid":null,"editor_date":null}},{"type":"Feature","geometry":{"type":"Point","coordinates":[24.04894352,49.826819889]},"properties":{"address":"ген. Грицая Д. 17","name_build":"вілла","date_build":"30-ті XX ст.","num_ohor_build":"2581","moid":"9505408688925808","geom":{"type":"Point","coordinates":[24.04894351959229,49.826819889116905]},"note":null,"editor_id":null,"uid":null,"editor_date":null}},{"type":"Feature","geometry":{"type":"Point","coordinates":[24.026535623,49.839659853]},"properties":{"address":"Дорошенка П. 15","name_build":"житл. буд.","date_build":"1908-1909 рр.","num_ohor_build":"735","moid":"9505408688925853","geom":{"type":"Point","coordinates":[24.026535622895583,49.83965985294161]},"note":null,"editor_id":null,"uid":null,"editor_date":null}},{"type":"Feature","geometry":{"type":"Point","coordinates":[24.025292613,49.839663835]},"properties":{"address":"Дорошенка П. 16","name_build":"житл. буд.","date_build":"1890 р.","num_ohor_build":"92","moid":"9505408688925854","geom":{"type":"Point","coordinates":[24.02529261258961,49.83966383529757]},"note":null,"editor_id":null,"uid":null,"editor_date":null}},{"type":"Feature","geometry":{"type":"Point","coordinates":[24.026309626,49.839515848]},"properties":{"address":"Дорошенка П. 17","name_build":"житл. буд.","date_build":"1895 р.","num_ohor_build":"93","moid":"9505408688925855","geom":{"type":"Point","coordinates":[24.026309625948944,49.839515847703744]},"note":null,"editor_id":null,"uid":null,"editor_date":null}},{"type":"Feature","geometry":{"type":"Point","coordinates":[24.026051628,49.839407843]},"properties":{"address":"Дорошенка П. 19","name_build":"житл. буд.","date_build":"1908-1909 рр.","num_ohor_build":"94","moid":"9505408688925856","geom":{"type":"Point","coordinates":[24.026051627514878,49.839407842515136]},"note":null,"editor_id":null,"uid":null,"editor_date":null}},{"type":"Feature","geometry":{"type":"Point","coordinates":[24.024971626,49.839189824]},"properties":{"address":"Дорошенка П. 22","name_build":"житл. буд.","date_build":"1927 р.","num_ohor_build":"95","moid":"9505408688925857","geom":{"type":"Point","coordinates":[24.024971626100694,49.83918982407863]},"note":null,"editor_id":null,"uid":null,"editor_date":null}},{"type":"Feature","geometry":{"type":"Point","coordinates":[24.025439634,49.839055829]},"properties":{"address":"Дорошенка П. 23","name_build":"житл. буд.","date_build":"1889 р.","num_ohor_build":"96","moid":"9505408688925858","geom":{"type":"Point","coordinates":[24.025439634491423,49.83905582886346]},"note":null,"editor_id":null,"uid":null,"editor_date":null}},{"type":"Feature","geometry":{"type":"Point","coordinates":[24.024624631,49.838956816]},"properties":{"address":"Дорошенка П. 26","name_build":"адм.буд. АТС (адм.буд. Акціонерної телефонної спілки)","date_build":"1926 р.","num_ohor_build":"97","moid":"9505408688925859","geom":{"type":"Point","coordinates":[24.0246246311942,49.83895681586956]},"note":null,"editor_id":null,"uid":null,"editor_date":null}},{"type":"Feature","geometry":{"type":"Point","coordinates":[24.02484864,49.838751816]},"properties":{"address":"Дорошенка П. 29","name_build":"житл. буд.","date_build":"1882 р.","num_ohor_build":"98","moid":"9505408688925860","geom":{"type":"Point","coordinates":[24.0248486400057,49.83875181618412]},"note":null,"editor_id":null,"uid":null,"editor_date":null}},{"type":"Feature","geometry":{"type":"Point","coordinates":[24.024645644,49.838571811]},"properties":{"address":"Дорошенка П. 31","name_build":"житл. буд.","date_build":"1873 р.","num_ohor_build":"99","moid":"9505408688925861","geom":{"type":"Point","coordinates":[24.024645644472816,49.83857181076895]},"note":null,"editor_id":null,"uid":null,"editor_date":null}},{"type":"Feature","geometry":{"type":"Point","coordinates":[24.023933639,49.838575801]},"properties":{"address":"Дорошенка П. 32","name_build":"житл. буд.","date_build":"1908 р.","num_ohor_build":"100","moid":"9505408688925862","geom":{"type":"Point","coordinates":[24.02393363851203,49.83857580068635]},"note":null,"editor_id":null,"uid":null,"editor_date":null}},{"type":"Feature","geometry":{"type":"Point","coordinates":[24.02360364,49.838463794]},"properties":{"address":"Дорошенка П. 34","name_build":"житл. буд.","date_build":"кін. XIX ст.","num_ohor_build":"101","moid":"9505408688925863","geom":{"type":"Point","coordinates":[24.023603639625378,49.83846379441643]},"note":null,"editor_id":null,"uid":null,"editor_date":null}},{"type":"Feature","geometry":{"type":"Point","coordinates":[24.022775665,49.83753177]},"properties":{"address":"Дорошенка П. 41","name_build":"уч.корпус університуту (навч. закл. Богословська академія та Духовна семінарія)","date_build":"1889-1890 рр.","num_ohor_build":"912","moid":"9505408688925864","geom":{"type":"Point","coordinates":[24.022775664579946,49.83753176955494]},"note":null,"editor_id":null,"uid":null,"editor_date":null}},{"type":"Feature","geometry":{"type":"Point","coordinates":[24.021571681,49.836759742]},"properties":{"address":"Дорошенка П. 45","name_build":"житл. буд.","date_build":"30-ті XX ст.","num_ohor_build":"2105","moid":"9505408688925865","geom":{"type":"Point","coordinates":[24.021571681011757,49.83675974158359]},"note":null,"editor_id":null,"uid":null,"editor_date":null}},{"type":"Feature","geometry":{"type":"Point","coordinates":[24.021403683,49.836659738]},"properties":{"address":"Дорошенка П. 47","name_build":"житл. буд.","date_build":"30-ті XX ст.","num_ohor_build":"2106","moid":"9505408688925866","geom":{"type":"Point","coordinates":[24.02140368304174,49.83665973778893]},"note":null,"editor_id":null,"uid":null,"editor_date":null}},{"type":"Feature","geometry":{"type":"Point","coordinates":[24.021219685,49.836555734]},"properties":{"address":"Дорошенка П. 49","name_build":"житл. буд.","date_build":"30-ті XX ст.","num_ohor_build":"2107","moid":"9505408688925867","geom":{"type":"Point","coordinates":[24.02121968507703,49.836555733710334]},"note":null,"editor_id":null,"uid":null,"editor_date":null}},{"type":"Feature","geometry":{"type":"Point","coordinates":[24.021243702,49.836063727]},"properties":{"address":"Дорошенка П. 51","name_build":"житл. буд.","date_build":"1938 р.","num_ohor_build":"736","moid":"9505408688925868","geom":{"type":"Point","coordinates":[24.02124370202079,49.8360637271522]},"note":null,"editor_id":null,"uid":null,"editor_date":null}},{"type":"Feature","geometry":{"type":"Point","coordinates":[24.021059704,49.835951723]},"properties":{"address":"Дорошенка П. 53","name_build":"житл. буд.","date_build":"1938 р.","num_ohor_build":"737","moid":"9505408688925869","geom":{"type":"Point","coordinates":[24.02105970432831,49.83595172296145]},"note":null,"editor_id":null,"uid":null,"editor_date":null}},{"type":"Feature","geometry":{"type":"Point","coordinates":[24.020879707,49.835839719]},"properties":{"address":"Дорошенка П. 55","name_build":"житл. буд.","date_build":"1938 р.","num_ohor_build":"738","moid":"9505408688925870","geom":{"type":"Point","coordinates":[24.02087970666854,49.835839718827636]},"note":null,"editor_id":null,"uid":null,"editor_date":null}},{"type":"Feature","geometry":{"type":"Point","coordinates":[24.020699709,49.835727715]},"properties":{"address":"Дорошенка П. 57","name_build":"житл. буд.","date_build":"1938 р.","num_ohor_build":"739","moid":"9505408688925871","geom":{"type":"Point","coordinates":[24.02069970900878,49.83572771469386]},"note":null,"editor_id":null,"uid":null,"editor_date":null}},{"type":"Feature","geometry":{"type":"Point","coordinates":[24.020519711,49.835615711]},"properties":{"address":"Дорошенка П. 59","name_build":"житл. буд.","date_build":"1939 р.","num_ohor_build":"740","moid":"9505408688925872","geom":{"type":"Point","coordinates":[24.020519711349014,49.835615710560084]},"note":null,"editor_id":null,"uid":null,"editor_date":null}},{"type":"Feature","geometry":{"type":"Point","coordinates":[24.020887688,49.836379727]},"properties":{"address":"Дорошенка П. 61","name_build":"вілла","date_build":"30-ті XX ст.","num_ohor_build":"2108","moid":"9505408688925873","geom":{"type":"Point","coordinates":[24.020887688352772,49.83637972651454]},"note":null,"editor_id":null,"uid":null,"editor_date":null}},{"type":"Feature","geometry":{"type":"Point","coordinates":[24.019475703,49.835619696]},"properties":{"address":"Дорошенка П. 73","name_build":"житл. буд.","date_build":"1889-1890 рр.","num_ohor_build":"741","moid":"9505408688925874","geom":{"type":"Point","coordinates":[24.019475702675138,49.835619695750175]},"note":null,"editor_id":null,"uid":null,"editor_date":null}},{"type":"Feature","geometry":{"type":"Point","coordinates":[24.030363849,49.833931827]},"properties":{"address":"Драгоманова М. 5","name_build":"бібл. університету (бібл.)","date_build":"1904-1905 рр.","num_ohor_build":"894","moid":"9505408688925876","geom":{"type":"Point","coordinates":[24.030363849194128,49.833931827109325]},"note":null,"editor_id":null,"uid":null,"editor_date":null}},{"type":"Feature","geometry":{"type":"Point","coordinates":[24.030015838,49.834179826]},"properties":{"address":"Драгоманова М. 22","name_build":"житл. буд.","date_build":"кін. XIX ст.","num_ohor_build":"895","moid":"9505408688925877","geom":{"type":"Point","coordinates":[24.030015837906205,49.834179825632816]},"note":null,"editor_id":null,"uid":null,"editor_date":null}},{"type":"Feature","geometry":{"type":"Point","coordinates":[24.028295861,49.833091786]},"properties":{"address":"Драгоманова М. 42","name_build":"музей національний (палац)","date_build":"1897-1898 рр.","num_ohor_build":"86","moid":"9505408688925878","geom":{"type":"Point","coordinates":[24.028295860860702,49.833091785883006]},"note":null,"editor_id":null,"uid":null,"editor_date":null}},{"type":"Feature","geometry":{"type":"Point","coordinates":[24.026707899,49.831603742]},"properties":{"address":"Драгоманова М. 58","name_build":"лікарня дитячий психоневрологічний диспансер (житл. буд.)","date_build":"1909 р.","num_ohor_build":"896","moid":"9505408688925879","geom":{"type":"Point","coordinates":[24.026707898506938,49.831603742403296]},"note":null,"editor_id":null,"uid":null,"editor_date":null}},{"type":"Feature","geometry":{"type":"Point","coordinates":[24.02348362,49.8389998]},"properties":{"address":"Дрогобича Ю. 8","name_build":"житл. буд.","date_build":"XIX ст.","num_ohor_build":"1031","moid":"9505408688925880","geom":{"type":"Point","coordinates":[24.02348362039626,49.838999800224954]},"note":null,"editor_id":null,"uid":null,"editor_date":null}},{"type":"Feature","geometry":{"type":"Point","coordinates":[24.032352566,49.842727979]},"properties":{"address":"Друкарська 2","name_build":"житл.-адм.буд. музей-аптека (житл. буд.)","date_build":"1775 р.","num_ohor_build":"79","moid":"9505408688925881","geom":{"type":"Point","coordinates":[24.032352566042864,49.84272797880769]},"note":null,"editor_id":null,"uid":null,"editor_date":null}},{"type":"Feature","geometry":{"type":"Point","coordinates":[24.032352566,49.842727979]},"properties":{"address":"Друкарська 2","name_build":"фліґель","date_build":"XVII ст.","num_ohor_build":"80","moid":"9505408688925882","geom":{"type":"Point","coordinates":[24.032352566042864,49.84272797880769]},"note":null,"editor_id":null,"uid":null,"editor_date":null}},{"type":"Feature","geometry":{"type":"Point","coordinates":[24.031905556,49.842922975]},"properties":{"address":"Друкарська 3","name_build":"житл. буд.","date_build":"1897-1898 рр.","num_ohor_build":"81","moid":"9505408688925883","geom":{"type":"Point","coordinates":[24.031905555744217,49.842922975177636]},"note":null,"editor_id":null,"uid":null,"editor_date":null}},{"type":"Feature","geometry":{"type":"Point","coordinates":[24.032263554,49.843054982]},"properties":{"address":"Друкарська 4","name_build":"житл. буд.","date_build":"1872-1876 рр.","num_ohor_build":"82","moid":"9505408688925884","geom":{"type":"Point","coordinates":[24.032263554179952,49.84305498212715]},"note":null,"editor_id":null,"uid":null,"editor_date":null}},{"type":"Feature","geometry":{"type":"Point","coordinates":[24.031767533,49.843551982]},"properties":{"address":"Друкарська 9","name_build":"житл. буд.","date_build":"XVI ст.","num_ohor_build":"907","moid":"9505408688925885","geom":{"type":"Point","coordinates":[24.03176753319661,49.843551982035436]},"note":null,"editor_id":null,"uid":null,"editor_date":null}},{"type":"Feature","geometry":{"type":"Point","coordinates":[24.031849525,49.843819987]},"properties":{"address":"Друкарська 11","name_build":"житл. буд.","date_build":"1912 р.","num_ohor_build":"908","moid":"9505408688925886","geom":{"type":"Point","coordinates":[24.031849524741936,49.843819986962345]},"note":null,"editor_id":null,"uid":null,"editor_date":null}},{"type":"Feature","geometry":{"type":"Point","coordinates":[24.027420459,49.815295524]},"properties":{"address":"Енергетична 6","name_build":"житл. буд.","date_build":"1929 р.","num_ohor_build":"2240","moid":"9505408688925893","geom":{"type":"Point","coordinates":[24.027420459026487,49.815295523828766]},"note":null,"editor_id":null,"uid":null,"editor_date":null}},{"type":"Feature","geometry":{"type":"Point","coordinates":[24.028572462,49.815476543]},"properties":{"address":"Енергетична 9","name_build":"житл. буд.","date_build":"1929 р.","num_ohor_build":"2241","moid":"9505408688925894","geom":{"type":"Point","coordinates":[24.02857246229405,49.815476542765275]},"note":null,"editor_id":null,"uid":null,"editor_date":null}},{"type":"Feature","geometry":{"type":"Point","coordinates":[24.029871473,49.815459561]},"properties":{"address":"Енергетична 12","name_build":"житл. буд.","date_build":"1929 р.","num_ohor_build":"2242","moid":"9505408688925895","geom":{"type":"Point","coordinates":[24.02987147349625,49.815459561017384]},"note":null,"editor_id":null,"uid":null,"editor_date":null}},{"type":"Feature","geometry":null,"properties":{"address":"акад. Єфремова С. 33","name_build":"житл. буд.","date_build":"1911 р.","num_ohor_build":"1329","moid":"9505408689056975","geom":null,"note":null,"editor_id":null,"uid":null,"editor_date":null}},{"type":"Feature","geometry":null,"properties":{"address":"акад. Єфремова С. 35","name_build":"житл. буд.","date_build":"1911 р.","num_ohor_build":"1330","moid":"9505408689056976","geom":null,"note":null,"editor_id":null,"uid":null,"editor_date":null}},{"type":"Feature","geometry":null,"properties":{"address":"акад. Єфремова С. 47","name_build":"житл. буд. (житл. буд. Товариства взаємодопомоги католицьких священиків)","date_build":"1906 -1907 рр.","num_ohor_build":"632","moid":"9505408689056977","geom":null,"note":null,"editor_id":null,"uid":null,"editor_date":null}},{"type":"Feature","geometry":null,"properties":{"address":"акад. Єфремова С. 49","name_build":"житл. буд. (житл. буд. Товариства взаємодопомоги католицьких священиків)","date_build":"1906 р.","num_ohor_build":"1331","moid":"9505408689056978","geom":null,"note":null,"editor_id":null,"uid":null,"editor_date":null}},{"type":"Feature","geometry":null,"properties":{"address":"акад. Єфремова С. 51","name_build":"житл. буд.","date_build":"1911 р.","num_ohor_build":"1332","moid":"9505408689056979","geom":null,"note":null,"editor_id":null,"uid":null,"editor_date":null}},{"type":"Feature","geometry":null,"properties":{"address":"акад. Єфремова С. 59","name_build":"лікарня онкодиспансер (вілла)","date_build":"30-ті XX ст.","num_ohor_build":"2585","moid":"9505408689056980","geom":null,"note":null,"editor_id":null,"uid":null,"editor_date":null}},{"type":"Feature","geometry":null,"properties":{"address":"Жижки Я. 5","name_build":"житл. буд.","date_build":"XIX ст.","num_ohor_build":"102","moid":"9505408689056981","geom":null,"note":null,"editor_id":null,"uid":null,"editor_date":null}},{"type":"Feature","geometry":null,"properties":{"address":"Жижки Я. 6","name_build":"житл. буд.","date_build":"1885-1886 рр.","num_ohor_build":"910","moid":"9505408689056982","geom":null,"note":null,"editor_id":null,"uid":null,"editor_date":null}},{"type":"Feature","geometry":null,"properties":{"address":"Жижки Я. 7","name_build":"житл. буд.","date_build":"XIX ст.","num_ohor_build":"103","moid":"9505408689056983","geom":null,"note":null,"editor_id":null,"uid":null,"editor_date":null}},{"type":"Feature","geometry":null,"properties":{"address":"Жовківська 8","name_build":"монастир (монастир)","date_build":"д.п. XVIII ст.","num_ohor_build":"87","moid":"9505408689056984","geom":null,"note":null,"editor_id":null,"uid":null,"editor_date":null}},{"type":"Feature","geometry":null,"properties":{"address":"Жовківська 57","name_build":"житл. буд.","date_build":"1932 р.","num_ohor_build":"1589","moid":"9505408689056985","geom":null,"note":null,"editor_id":null,"uid":null,"editor_date":null}},{"type":"Feature","geometry":{"type":"Point","coordinates":[24.007953781,49.830552461]},"properties":{"address":"Жуковського В. 3","name_build":"вілла","date_build":"поч. XX ст.","num_ohor_build":"2110","moid":"9505408689056986","geom":{"type":"Point","coordinates":[24.007953780946202,49.830552460632596]},"note":null,"editor_id":null,"uid":null,"editor_date":null}},{"type":"Feature","geometry":{"type":"Point","coordinates":[24.007895779,49.830604461]},"properties":{"address":"Жуковського В. 5","name_build":"вілла","date_build":"поч. XX ст.","num_ohor_build":"2111","moid":"9505408689056987","geom":{"type":"Point","coordinates":[24.007895778702682,49.83060446053579]},"note":null,"editor_id":null,"uid":null,"editor_date":null}},{"type":"Feature","geometry":null,"properties":{"address":"Жуковського В. 7","name_build":"вілла","date_build":"поч. XX ст.","num_ohor_build":"2112","moid":"9505408689056988","geom":null,"note":null,"editor_id":null,"uid":null,"editor_date":null}},{"type":"Feature","geometry":{"type":"Point","coordinates":[24.007358763,49.830932457]},"properties":{"address":"Жуковського В. 11","name_build":"житл. буд.","date_build":"поч. XX ст.","num_ohor_build":"1592","moid":"9505408689056989","geom":{"type":"Point","coordinates":[24.0073587631527,49.830932457488075]},"note":null,"editor_id":null,"uid":null,"editor_date":null}},{"type":"Feature","geometry":{"type":"Point","coordinates":[24.02915015,49.854166094]},"properties":{"address":"Заводська 9","name_build":"житл. буд.","date_build":"1911-1913 рр.","num_ohor_build":"593","moid":"9505408689056990","geom":{"type":"Point","coordinates":[24.02915015024038,49.854166093648466]},"note":null,"editor_id":null,"uid":null,"editor_date":null}},{"type":"Feature","geometry":{"type":"Point","coordinates":[24.029358152,49.854160097]},"properties":{"address":"Заводська 11","name_build":"житл. буд.","date_build":"1911-1913 рр.","num_ohor_build":"593","moid":"9505408689056991","geom":{"type":"Point","coordinates":[24.029358152147527,49.85416009652677]},"note":null,"editor_id":null,"uid":null,"editor_date":null}},{"type":"Feature","geometry":{"type":"Point","coordinates":[24.053954639,49.875136741]},"properties":{"address":"Загірна 28а","name_build":"церква св. Дмитра (церква Дмитра)","date_build":"1912 р.","num_ohor_build":"2248","moid":"9505408689056992","geom":{"type":"Point","coordinates":[24.05395463862577,49.87513674119011]},"note":null,"editor_id":null,"uid":null,"editor_date":null}},{"type":"Feature","geometry":{"type":"Point","coordinates":[23.997544242,49.843896499]},"properties":{"address":"Залізнична 76","name_build":"вілла","date_build":"30-ті XX ст.","num_ohor_build":"2586","moid":"9505408689056993","geom":{"type":"Point","coordinates":[23.997544241616605,49.843896499482874]},"note":null,"editor_id":null,"uid":null,"editor_date":null}},{"type":"Feature","geometry":{"type":"Point","coordinates":[23.999825762,49.829164325]},"properties":{"address":"Залізняка М. 4","name_build":"вілла","date_build":"кін. XIX ст.","num_ohor_build":"2587","moid":"9505408689056994","geom":{"type":"Point","coordinates":[23.999825761786038,49.8291643254342]},"note":null,"editor_id":null,"uid":null,"editor_date":null}},{"type":"Feature","geometry":{"type":"Point","coordinates":[23.999825762,49.829164325]},"properties":{"address":"Залізняка М. 4","name_build":"вілла","date_build":"поч. XX ст.","num_ohor_build":"2113","moid":"9505408689056995","geom":{"type":"Point","coordinates":[23.999825761786038,49.8291643254342]},"note":null,"editor_id":null,"uid":null,"editor_date":null}},{"type":"Feature","geometry":null,"properties":{"address":"акад. Кучера Р. 4","name_build":"житл. буд.","date_build":"1907 р.","num_ohor_build":"1608","moid":"9505408688926280","geom":null,"note":null,"editor_id":null,"uid":null,"editor_date":null}},{"type":"Feature","geometry":{"type":"Point","coordinates":[24.036391835,49.835803939]},"properties":{"address":"Левицького К. 10","name_build":"житл. буд.","date_build":"1913 р.","num_ohor_build":"170","moid":"9505408688926287","geom":{"type":"Point","coordinates":[24.036391834817977,49.83580393919531]},"note":null,"editor_id":null,"uid":null,"editor_date":null}},{"type":"Feature","geometry":{"type":"Point","coordinates":[24.036827579,49.843428052]},"properties":{"address":"Лисенка М. 3","name_build":"житл. буд.","date_build":"1840-1841 рр.","num_ohor_build":"975","moid":"9505408689057415","geom":{"type":"Point","coordinates":[24.036827578843344,49.84342805235046]},"note":null,"editor_id":null,"uid":null,"editor_date":null}},{"type":"Feature","geometry":{"type":"Point","coordinates":[24.033664431,49.817621645]},"properties":{"address":"Мишуги О. 22","name_build":"вілла","date_build":"1936 р.","num_ohor_build":"2035","moid":"9505408689188607","geom":{"type":"Point","coordinates":[24.03366443101698,49.81762164533064]},"note":null,"editor_id":null,"uid":null,"editor_date":null}},{"type":"Feature","geometry":null,"properties":{"address":"Ожешко 8","name_build":"вілла","date_build":"1910 р.","num_ohor_build":"2169","moid":"9505408689319768","geom":null,"note":null,"editor_id":null,"uid":null,"editor_date":null}},{"type":"Feature","geometry":null,"properties":{"address":"Рутковича І. 10-12","name_build":"житл. буд.","date_build":"1889 р.","num_ohor_build":"762","moid":"9505408691153977","geom":null,"note":null,"editor_id":null,"uid":null,"editor_date":null}},{"type":"Feature","geometry":null,"properties":{"address":"Свободи пр. 45","name_build":"готель","date_build":"1875 р.","num_ohor_build":"615","moid":"9505408691285110","geom":null,"note":null,"editor_id":null,"uid":null,"editor_date":null}},{"type":"Feature","geometry":null,"properties":{"address":null,"name_build":null,"date_build":null,"num_ohor_build":null,"moid":"9505408688926277","geom":null,"note":null,"editor_id":null,"uid":null,"editor_date":null}},{"type":"Feature","geometry":null,"properties":{"address":"ген. Чупринки Т. 52","name_build":"житл. буд.","date_build":"1907 р.","num_ohor_build":"211","moid":"9505408691285483","geom":null,"note":null,"editor_id":null,"uid":null,"editor_date":null}},{"type":"Feature","geometry":null,"properties":{"address":"Яворського С. пл. 2","name_build":"житл. буд.","date_build":"XVIII ст.","num_ohor_build":"1003","moid":"9505408691285545","geom":null,"note":null,"editor_id":null,"uid":null,"editor_date":null}},{"type":"Feature","geometry":{"type":"Point","coordinates":[24.01139072,49.833171546]},"properties":{"address":"Японська 3","name_build":"житл. буд.","date_build":"1909 р.","num_ohor_build":"369","moid":"9505408691285546","geom":{"type":"Point","coordinates":[24.01139071990015,49.83317154629559]},"note":null,"editor_id":null,"uid":null,"editor_date":null}},{"type":"Feature","geometry":{"type":"Point","coordinates":[24.011155717,49.833200543]},"properties":{"address":"Японська 5","name_build":"фаб. (фаб.)","date_build":"1926-1928 рр.","num_ohor_build":"370","moid":"9505408691285547","geom":{"type":"Point","coordinates":[24.011155716992462,49.833200543355915]},"note":null,"editor_id":null,"uid":null,"editor_date":null}},{"type":"Feature","geometry":{"type":"Point","coordinates":[24.010879712,49.833281541]},"properties":{"address":"Японська 7","name_build":"житл. буд.","date_build":"1928 р.","num_ohor_build":"371","moid":"9505408691285548","geom":{"type":"Point","coordinates":[24.010879711979868,49.83328154056154]},"note":null,"editor_id":null,"uid":null,"editor_date":null}},{"type":"Feature","geometry":{"type":"Point","coordinates":[24.010064376,49.842954665]},"properties":{"address":"Ярослава Мудрого 21","name_build":"житл. буд.","date_build":"1905 р.","num_ohor_build":"1636","moid":"9505408691285549","geom":{"type":"Point","coordinates":[24.010064376000262,49.84295466459001]},"note":null,"editor_id":null,"uid":null,"editor_date":null}},{"type":"Feature","geometry":{"type":"Point","coordinates":[24.010392358,49.843551678]},"properties":{"address":"Ярослава Мудрого 29","name_build":"житл. буд.","date_build":"1904 р.","num_ohor_build":"1637","moid":"9505408691285550","geom":{"type":"Point","coordinates":[24.010392358350597,49.84355167763265]},"note":null,"editor_id":null,"uid":null,"editor_date":null}},{"type":"Feature","geometry":{"type":"Point","coordinates":[24.000370275,49.843595536]},"properties":{"address":"Ясна 11","name_build":"вілла","date_build":"30-ті XX ст.","num_ohor_build":"2855","moid":"9505408691285551","geom":{"type":"Point","coordinates":[24.00037027495286,49.84359553551317]},"note":null,"editor_id":null,"uid":null,"editor_date":null}},{"type":"Feature","geometry":{"type":"Point","coordinates":[24.000247273,49.843616534]},"properties":{"address":"Ясна 11а","name_build":"вілла","date_build":"30-ті XX ст.","num_ohor_build":"2856","moid":"9505408691285552","geom":{"type":"Point","coordinates":[24.000247273232826,49.84361653405575]},"note":null,"editor_id":null,"uid":null,"editor_date":null}},{"type":"Feature","geometry":{"type":"Point","coordinates":[24.000174262,49.843936538]},"properties":{"address":"Ясна 14","name_build":"вілла","date_build":"30-ті XX ст.","num_ohor_build":"2857","moid":"9505408691285553","geom":{"type":"Point","coordinates":[24.00017426173793,49.843936537502486]},"note":null,"editor_id":null,"uid":null,"editor_date":null}},{"type":"Feature","geometry":{"type":"Point","coordinates":[23.99971025,49.844176534]},"properties":{"address":"Ясна 18","name_build":"вілла","date_build":"30-ті XX ст.","num_ohor_build":"2858","moid":"9505408691285554","geom":{"type":"Point","coordinates":[23.99971024977334,49.84417653425864]},"note":null,"editor_id":null,"uid":null,"editor_date":null}},{"type":"Feature","geometry":{"type":"Point","coordinates":[23.999460265,49.843679524]},"properties":{"address":"Ясна 19","name_build":"вілла","date_build":"30-ті XX ст.","num_ohor_build":"2859","moid":"9505408691285555","geom":{"type":"Point","coordinates":[23.999460264658058,49.843679523729946]},"note":null,"editor_id":null,"uid":null,"editor_date":null}},{"type":"Feature","geometry":{"type":"Point","coordinates":[23.999400253,49.844015528]},"properties":{"address":"Ясна 20","name_build":"вілла","date_build":"30-ті XX ст.","num_ohor_build":"2860","moid":"9505408691285556","geom":{"type":"Point","coordinates":[23.99940025272437,49.84401552758613]},"note":null,"editor_id":null,"uid":null,"editor_date":null}},{"type":"Feature","geometry":{"type":"Point","coordinates":[23.998592254,49.843784513]},"properties":{"address":"Ясна 27","name_build":"вілла","date_build":"30-ті XX ст.","num_ohor_build":"2861","moid":"9505408691285557","geom":{"type":"Point","coordinates":[23.998592253991493,49.84378451283925]},"note":null,"editor_id":null,"uid":null,"editor_date":null}},{"type":"Feature","geometry":{"type":"Point","coordinates":[23.99827225,49.843812509]},"properties":{"address":"Ясна 29","name_build":"вілла","date_build":"30-ті XX ст.","num_ohor_build":"2862","moid":"9505408691285558","geom":{"type":"Point","coordinates":[23.998272250423966,49.84381250867407]},"note":null,"editor_id":null,"uid":null,"editor_date":null}},{"type":"Feature","geometry":{"type":"Point","coordinates":[23.997964236,49.844163509]},"properties":{"address":"Ясна 30","name_build":"вілла","date_build":"30-ті XX ст.","num_ohor_build":"2863","moid":"9505408691285559","geom":{"type":"Point","coordinates":[23.9979642359535,49.844163509208194]},"note":null,"editor_id":null,"uid":null,"editor_date":null}},{"type":"Feature","geometry":{"type":"Point","coordinates":[23.998128249,49.843828507]},"properties":{"address":"Ясна 31","name_build":"вілла","date_build":"30-ті XX ст.","num_ohor_build":"2864","moid":"9505408691285560","geom":{"type":"Point","coordinates":[23.99812824870279,49.843828506847416]},"note":null,"editor_id":null,"uid":null,"editor_date":null}},{"type":"Feature","geometry":{"type":"Point","coordinates":[24.025470535,49.84199187]},"properties":{"address":"Курбаса Л. 3","name_build":"театр молодіжний ім.Курбаса (казино де Парі)","date_build":"1909 р.","num_ohor_build":"179","moid":"9505408688926276","geom":{"type":"Point","coordinates":[24.02547053478335,49.841991870483355]},"note":null,"editor_id":null,"uid":null,"editor_date":null}},{"type":"Feature","geometry":{"type":"Point","coordinates":[23.997685754,49.828877291]},"properties":{"address":"Залізняка М. 11","name_build":"(костел Йосифа та будинок виздоровлюючих)","date_build":"поч. XX ст.","num_ohor_build":"2436","moid":"9505408689056996","geom":{"type":"Point","coordinates":[23.997685754077708,49.828877290937776]},"note":null,"editor_id":null,"uid":null,"editor_date":null}},{"type":"Feature","geometry":{"type":"Point","coordinates":[24.026568273,49.849927997]},"properties":{"address":"Замарстинівська 11","name_build":"школа","date_build":"1910 р.","num_ohor_build":"2119","moid":"9505408689056997","geom":{"type":"Point","coordinates":[24.026568273489698,49.84992799742952]},"note":null,"editor_id":null,"uid":null,"editor_date":null}},{"type":"Feature","geometry":{"type":"Point","coordinates":[24.02672823,49.851254018]},"properties":{"address":"Замарстинівська 11а","name_build":"житл. буд.","date_build":"1910 р.","num_ohor_build":"2120","moid":"9505408689056998","geom":{"type":"Point","coordinates":[24.026728229627537,49.851254018307195]},"note":null,"editor_id":null,"uid":null,"editor_date":null}},{"type":"Feature","geometry":{"type":"Point","coordinates":[24.027261959,49.859336139]},"properties":{"address":"Замарстинівська 112","name_build":"вілла","date_build":"поч. XX ст.","num_ohor_build":"2437","moid":"9505408689056999","geom":{"type":"Point","coordinates":[24.027261958603642,49.8593361392773]},"note":null,"editor_id":null,"uid":null,"editor_date":null}},{"type":"Feature","geometry":{"type":"Point","coordinates":[24.020677543,49.869936194]},"properties":{"address":"Замарстинівська 197","name_build":"житл. буд. (школа)","date_build":"кін. XIX ст.","num_ohor_build":"2438","moid":"9505408689057000","geom":{"type":"Point","coordinates":[24.02067754331823,49.869936194170116]},"note":null,"editor_id":null,"uid":null,"editor_date":null}},{"type":"Feature","geometry":{"type":"Point","coordinates":[24.018968517,49.870288175]},"properties":{"address":"Замарстинівська 213","name_build":"житл. буд. (нар. дім)","date_build":"поч. XX ст.","num_ohor_build":"2439","moid":"9505408689057001","geom":{"type":"Point","coordinates":[24.018968517326286,49.870288174759544]},"note":null,"editor_id":null,"uid":null,"editor_date":null}},{"type":"Feature","geometry":{"type":"Point","coordinates":[24.015184492,49.840775707]},"properties":{"address":"Замкнена 4","name_build":"вілла","date_build":"20-ті XX ст.","num_ohor_build":"2588","moid":"9505408689057002","geom":{"type":"Point","coordinates":[24.015184492056953,49.84077570695033]},"note":null,"editor_id":null,"uid":null,"editor_date":null}},{"type":"Feature","geometry":{"type":"Point","coordinates":[24.014623491,49.840683698]},"properties":{"address":"Замкнена 6","name_build":"бібл. (вілла)","date_build":"1928 р.","num_ohor_build":"2589","moid":"9505408689057003","geom":{"type":"Point","coordinates":[24.014623490602606,49.84068369767102]},"note":null,"editor_id":null,"uid":null,"editor_date":null}},{"type":"Feature","geometry":{"type":"Point","coordinates":[24.068244134,49.834676377]},"properties":{"address":"Запольської Г. 1","name_build":"вілла (вілла \"Скіз\")","date_build":"1907-1908 рр.","num_ohor_build":"2448","moid":"9505408689057004","geom":{"type":"Point","coordinates":[24.06824413420906,49.83467637684008]},"note":null,"editor_id":null,"uid":null,"editor_date":null}},{"type":"Feature","geometry":{"type":"Point","coordinates":[24.036086461,49.817311675]},"properties":{"address":"Запорізька 4","name_build":"вілла","date_build":"20-ті XX ст.","num_ohor_build":"2590","moid":"9505408689057005","geom":{"type":"Point","coordinates":[24.03608646137408,49.81731167545843]},"note":null,"editor_id":null,"uid":null,"editor_date":null}},{"type":"Feature","geometry":null,"properties":{"address":"Дудаєва Дж. 9","name_build":"адм.буд. (товариство Політехнічне)","date_build":"1905 р.","num_ohor_build":"156","moid":"9505408688925889","geom":null,"note":null,"editor_id":null,"uid":null,"editor_date":null}},{"type":"Feature","geometry":null,"properties":{"address":"Кооперативна 6/8","name_build":"вілла","date_build":"поч. XX ст.","num_ohor_build":"2443","moid":"9505408689319343","geom":null,"note":null,"editor_id":null,"uid":null,"editor_date":null}},{"type":"Feature","geometry":null,"properties":{"address":"Дудаєва Дж. 15","name_build":"адм.буд. центр математичного моделювання (житл. буд.)","date_build":"поч. XX ст.","num_ohor_build":"1319","moid":"9505408688925890","geom":null,"note":null,"editor_id":null,"uid":null,"editor_date":null}},{"type":"Feature","geometry":null,"properties":{"address":"Дудаєва Дж. 19","name_build":"житл. буд. (адм.буд. фірми \"Ходорів\")","date_build":"1924 р.","num_ohor_build":"982","moid":"9505408688925892","geom":null,"note":null,"editor_id":null,"uid":null,"editor_date":null}},{"type":"Feature","geometry":null,"properties":{"address":"акад. Єфремова С. 4","name_build":"житл. буд.","date_build":"1911-1913 рр.","num_ohor_build":"161","moid":"9505408688925896","geom":null,"note":null,"editor_id":null,"uid":null,"editor_date":null}},{"type":"Feature","geometry":null,"properties":{"address":"акад. Єфремова С. 6","name_build":"житл. буд.","date_build":"1910-1912 рр.","num_ohor_build":"162","moid":"9505408688925897","geom":null,"note":null,"editor_id":null,"uid":null,"editor_date":null}},{"type":"Feature","geometry":null,"properties":{"address":"акад. Єфремова С. 8","name_build":"житл. буд.","date_build":"1910-1911 рр.","num_ohor_build":"163","moid":"9505408688925898","geom":null,"note":null,"editor_id":null,"uid":null,"editor_date":null}},{"type":"Feature","geometry":null,"properties":{"address":"акад. Єфремова С. 24","name_build":"житл. буд.","date_build":"1907 р.","num_ohor_build":"164","moid":"9505408688925899","geom":null,"note":null,"editor_id":null,"uid":null,"editor_date":null}},{"type":"Feature","geometry":null,"properties":{"address":"акад. Єфремова С. 27","name_build":"житл. буд.","date_build":"1906 р.","num_ohor_build":"629","moid":"9505408688925900","geom":null,"note":null,"editor_id":null,"uid":null,"editor_date":null}},{"type":"Feature","geometry":null,"properties":{"address":"акад. Єфремова С. 29","name_build":"житл. буд.","date_build":"1907 р.","num_ohor_build":"630","moid":"9505408688925901","geom":null,"note":null,"editor_id":null,"uid":null,"editor_date":null}},{"type":"Feature","geometry":null,"properties":{"address":"акад. Єфремова С. 31","name_build":"житл. буд.","date_build":"1909 р.","num_ohor_build":"631","moid":"9505408688925902","geom":null,"note":null,"editor_id":null,"uid":null,"editor_date":null}},{"type":"Feature","geometry":{"type":"Point","coordinates":[24.035966465,49.817163672]},"properties":{"address":"Запорізька 6","name_build":"вілла","date_build":"20-ті XX ст.","num_ohor_build":"2591","moid":"9505408689057006","geom":{"type":"Point","coordinates":[24.035966465424192,49.81716367167447]},"note":null,"editor_id":null,"uid":null,"editor_date":null}},{"type":"Feature","geometry":{"type":"Point","coordinates":[24.035912502,49.816079656]},"properties":{"address":"Запорізька 7","name_build":"вілла","date_build":"20-ті XX ст.","num_ohor_build":"2592","moid":"9505408689057007","geom":{"type":"Point","coordinates":[24.03591250183717,49.81607965570182]},"note":null,"editor_id":null,"uid":null,"editor_date":null}},{"type":"Feature","geometry":{"type":"Point","coordinates":[24.035775507,49.815895651]},"properties":{"address":"Запорізька 9","name_build":"вілла","date_build":"20-ті XX ст.","num_ohor_build":"2593","moid":"9505408689057008","geom":{"type":"Point","coordinates":[24.0357755069718,49.81589565117102]},"note":null,"editor_id":null,"uid":null,"editor_date":null}},{"type":"Feature","geometry":{"type":"Point","coordinates":[24.035712474,49.816839664]},"properties":{"address":"Запорізька 10","name_build":"вілла","date_build":"20-ті XX ст.","num_ohor_build":"2594","moid":"9505408689057009","geom":{"type":"Point","coordinates":[24.035712474361752,49.81683966351459]},"note":null,"editor_id":null,"uid":null,"editor_date":null}},{"type":"Feature","geometry":{"type":"Point","coordinates":[24.035524484,49.816523656]},"properties":{"address":"Запорізька 14","name_build":"вілла","date_build":"20-ті XX ст.","num_ohor_build":"2595","moid":"9505408689057010","geom":{"type":"Point","coordinates":[24.0355244835672,49.81652365640643]},"note":null,"editor_id":null,"uid":null,"editor_date":null}},{"type":"Feature","geometry":{"type":"Point","coordinates":[24.035494518,49.815515642]},"properties":{"address":"Запорізька 15","name_build":"вілла","date_build":"20-ті XX ст.","num_ohor_build":"2596","moid":"9505408689057011","geom":{"type":"Point","coordinates":[24.03549451759157,49.81551564184149]},"note":null,"editor_id":null,"uid":null,"editor_date":null}},{"type":"Feature","geometry":{"type":"Point","coordinates":[24.035398488,49.816371652]},"properties":{"address":"Запорізька 16","name_build":"вілла","date_build":"20-ті XX ст.","num_ohor_build":"2597","moid":"9505408689057012","geom":{"type":"Point","coordinates":[24.035398487704057,49.81637165248103]},"note":null,"editor_id":null,"uid":null,"editor_date":null}},{"type":"Feature","geometry":{"type":"Point","coordinates":[24.035404521,49.815391639]},"properties":{"address":"Запорізька 17","name_build":"вілла","date_build":"20-ті XX ст.","num_ohor_build":"2598","moid":"9505408689057013","geom":{"type":"Point","coordinates":[24.03540452107079,49.81539163882127]},"note":null,"editor_id":null,"uid":null,"editor_date":null}},{"type":"Feature","geometry":{"type":"Point","coordinates":[24.035138499,49.815987643]},"properties":{"address":"Запорізька 18","name_build":"вілла","date_build":"20-ті XX ст.","num_ohor_build":"2599","moid":"9505408689057014","geom":{"type":"Point","coordinates":[24.035138498632044,49.81598764339428]},"note":null,"editor_id":null,"uid":null,"editor_date":null}},{"type":"Feature","geometry":{"type":"Point","coordinates":[24.035358526,49.815223636]},"properties":{"address":"Запорізька 19","name_build":"вілла","date_build":"20-ті XX ст.","num_ohor_build":"2600","moid":"9505408689057015","geom":{"type":"Point","coordinates":[24.035358526405844,49.81522363581019]},"note":null,"editor_id":null,"uid":null,"editor_date":null}},{"type":"Feature","geometry":{"type":"Point","coordinates":[24.034951545,49.814591621]},"properties":{"address":"Запорізька 25","name_build":"вілла","date_build":"20-ті XX ст.","num_ohor_build":"2601","moid":"9505408689057016","geom":{"type":"Point","coordinates":[24.034951544561235,49.814591621152864]},"note":null,"editor_id":null,"uid":null,"editor_date":null}},{"type":"Feature","geometry":{"type":"Point","coordinates":[24.03478555,49.814391616]},"properties":{"address":"Запорізька 27","name_build":"вілла","date_build":"20-ті XX ст.","num_ohor_build":"2602","moid":"9505408689057017","geom":{"type":"Point","coordinates":[24.03478555000212,49.814391615984974]},"note":null,"editor_id":null,"uid":null,"editor_date":null}},{"type":"Feature","geometry":{"type":"Point","coordinates":[24.031096011,49.829351773]},"properties":{"address":"Зарицьких 2","name_build":"житл. буд.","date_build":"1911 р.","num_ohor_build":"1224","moid":"9505408689057018","geom":{"type":"Point","coordinates":[24.03109601103571,49.829351773293034]},"note":null,"editor_id":null,"uid":null,"editor_date":null}},{"type":"Feature","geometry":{"type":"Point","coordinates":[24.030904011,49.82931177]},"properties":{"address":"Зарицьких 4","name_build":"житл. буд.","date_build":"1910 р.","num_ohor_build":"1225","moid":"9505408689057019","geom":{"type":"Point","coordinates":[24.030904010825683,49.82931176999846]},"note":null,"editor_id":null,"uid":null,"editor_date":null}},{"type":"Feature","geometry":{"type":"Point","coordinates":[24.03065601,49.829263766]},"properties":{"address":"Зарицьких 6","name_build":"житл. буд.","date_build":"1908-1909 рр.","num_ohor_build":"568","moid":"9505408689057020","geom":{"type":"Point","coordinates":[24.030656010429663,49.8292637657944]},"note":null,"editor_id":null,"uid":null,"editor_date":null}},{"type":"Feature","geometry":{"type":"Point","coordinates":[24.029932007,49.829191754]},"properties":{"address":"Зарицьких 8","name_build":"житл. буд.","date_build":"1907 р.","num_ohor_build":"569","moid":"9505408689057021","geom":{"type":"Point","coordinates":[24.029932006955708,49.82919175447675]},"note":null,"editor_id":null,"uid":null,"editor_date":null}},{"type":"Feature","geometry":null,"properties":{"address":"ген. Засядька О. 3","name_build":"вілла","date_build":"20-ті XX ст.","num_ohor_build":"2603","moid":"9505408689057022","geom":null,"note":null,"editor_id":null,"uid":null,"editor_date":null}},{"type":"Feature","geometry":null,"properties":{"address":"ген. Засядька О. 7","name_build":"вілла","date_build":"20-ті XX ст.","num_ohor_build":"2604","moid":"9505408689057023","geom":null,"note":null,"editor_id":null,"uid":null,"editor_date":null}},{"type":"Feature","geometry":{"type":"Point","coordinates":[24.009159795,49.830431476]},"properties":{"address":"Захарієвича Ю. 2","name_build":"житл. буд.","date_build":"поч. XX ст.","num_ohor_build":"2102","moid":"9505408689057024","geom":{"type":"Point","coordinates":[24.009159794918272,49.83043147610861]},"note":null,"editor_id":null,"uid":null,"editor_date":null}},{"type":"Feature","geometry":null,"properties":{"address":"Звенигородська пл. 8","name_build":"житл. буд.","date_build":"кін. XIX ст.","num_ohor_build":"106","moid":"9505408689057025","geom":null,"note":null,"editor_id":null,"uid":null,"editor_date":null}},{"type":"Feature","geometry":null,"properties":{"address":"Здоров’я 7","name_build":"житл. буд.","date_build":"1910 р.","num_ohor_build":"1594","moid":"9505408689057026","geom":null,"note":null,"editor_id":null,"uid":null,"editor_date":null}},{"type":"Feature","geometry":null,"properties":{"address":"Здоров’я 11","name_build":"житл. буд.","date_build":"поч. XX ст.","num_ohor_build":"2435","moid":"9505408689057027","geom":null,"note":null,"editor_id":null,"uid":null,"editor_date":null}},{"type":"Feature","geometry":{"type":"Point","coordinates":[24.034876872,49.834355897]},"properties":{"address":"Зелена 4","name_build":"житл. буд.","date_build":"1869 р.","num_ohor_build":"920","moid":"9505408689057028","geom":{"type":"Point","coordinates":[24.034876871698533,49.83435589731329]},"note":null,"editor_id":null,"uid":null,"editor_date":null}},{"type":"Feature","geometry":{"type":"Point","coordinates":[24.035067879,49.834189898]},"properties":{"address":"Зелена 6","name_build":"житл. буд.","date_build":"1899-1901 рр.","num_ohor_build":"104","moid":"9505408689057029","geom":{"type":"Point","coordinates":[24.035067878911406,49.83418989770427]},"note":null,"editor_id":null,"uid":null,"editor_date":null}},{"type":"Feature","geometry":null,"properties":{"address":"Зелена 11-11а","name_build":"костел Урсули християн-євангелистів (костел Урсули сестер домініканок)","date_build":"1678 р.","num_ohor_build":"1595","moid":"9505408689057030","geom":null,"note":null,"editor_id":null,"uid":null,"editor_date":null}},{"type":"Feature","geometry":{"type":"Point","coordinates":[24.037075918,49.833515917]},"properties":{"address":"Зелена 12","name_build":"адм.буд. Львівський науково-дослідний інститут епідеміології та гігієни МОЗ України (адм.буд.)","date_build":"1937-1939 рр.","num_ohor_build":"2114","moid":"9505408689057031","geom":{"type":"Point","coordinates":[24.03707591828595,49.833515916839524]},"note":null,"editor_id":null,"uid":null,"editor_date":null}},{"type":"Feature","geometry":{"type":"Point","coordinates":[24.037535909,49.833895929]},"properties":{"address":"Зелена 17","name_build":"житл. буд.","date_build":"1913-1917 рр.","num_ohor_build":"105","moid":"9505408689057032","geom":{"type":"Point","coordinates":[24.037535909119676,49.833895928719265]},"note":null,"editor_id":null,"uid":null,"editor_date":null}},{"type":"Feature","geometry":{"type":"Point","coordinates":[24.038147921,49.833695935]},"properties":{"address":"Зелена 19","name_build":"житл. буд.","date_build":"поч. XX ст.","num_ohor_build":"2115","moid":"9505408689057033","geom":{"type":"Point","coordinates":[24.038147920936208,49.83369593462723]},"note":null,"editor_id":null,"uid":null,"editor_date":null}},{"type":"Feature","geometry":{"type":"Point","coordinates":[24.038535941,49.833199933]},"properties":{"address":"Зелена 20","name_build":"житл. буд.","date_build":"1910 р.","num_ohor_build":"921","moid":"9505408689057034","geom":{"type":"Point","coordinates":[24.038535940991984,49.8331999331937]},"note":null,"editor_id":null,"uid":null,"editor_date":null}},{"type":"Feature","geometry":{"type":"Point","coordinates":[24.038813965,49.832571928]},"properties":{"address":"Зелена 22","name_build":"школа № 6 (гімназія Софії Стшалковської)","date_build":"1911-1913 рр.","num_ohor_build":"585","moid":"9505408689057035","geom":{"type":"Point","coordinates":[24.038813964638592,49.83257192834236]},"note":null,"editor_id":null,"uid":null,"editor_date":null}},{"type":"Feature","geometry":{"type":"Point","coordinates":[24.040071981,49.832403944]},"properties":{"address":"Зелена 24","name_build":"бібл. педагогічна (палац Замойських)","date_build":"п.ч. XIX ст.","num_ohor_build":"586","moid":"9505408689057036","geom":{"type":"Point","coordinates":[24.040071980654908,49.83240394389616]},"note":null,"editor_id":null,"uid":null,"editor_date":null}},{"type":"Feature","geometry":{"type":"Point","coordinates":[24.042520046,49.83107196]},"properties":{"address":"Зелена 46","name_build":"житл. буд.","date_build":"1909 р.","num_ohor_build":"587","moid":"9505408689057037","geom":{"type":"Point","coordinates":[24.042520046023053,49.831071960062786]},"note":null,"editor_id":null,"uid":null,"editor_date":null}},{"type":"Feature","geometry":{"type":"Point","coordinates":[24.04266005,49.830987961]},"properties":{"address":"Зелена 48","name_build":"житл. буд.","date_build":"1909 р.","num_ohor_build":"588","moid":"9505408689057038","geom":{"type":"Point","coordinates":[24.042660050027585,49.83098796087756]},"note":null,"editor_id":null,"uid":null,"editor_date":null}},{"type":"Feature","geometry":{"type":"Point","coordinates":[24.042836056,49.830855962]},"properties":{"address":"Зелена 50","name_build":"житл. буд.","date_build":"1911 р.","num_ohor_build":"922","moid":"9505408689057039","geom":{"type":"Point","coordinates":[24.04283605596009,49.83085596153146]},"note":null,"editor_id":null,"uid":null,"editor_date":null}},{"type":"Feature","geometry":{"type":"Point","coordinates":[24.042154015,49.831895966]},"properties":{"address":"Зелена 53","name_build":"житл. буд.","date_build":"1906 р.","num_ohor_build":"1596","moid":"9505408689057040","geom":{"type":"Point","coordinates":[24.042154014988395,49.83189596641142]},"note":null,"editor_id":null,"uid":null,"editor_date":null}},{"type":"Feature","geometry":{"type":"Point","coordinates":[24.043692086,49.830168964]},"properties":{"address":"Зелена 60","name_build":"пром. буд.","date_build":"поч. XX ст.","num_ohor_build":"2116","moid":"9505408689057041","geom":{"type":"Point","coordinates":[24.043692086344333,49.83016896408041]},"note":null,"editor_id":null,"uid":null,"editor_date":null}},{"type":"Feature","geometry":{"type":"Point","coordinates":[24.043995097,49.829915965]},"properties":{"address":"Зелена 62","name_build":"пром. буд.","date_build":"поч. XX ст.","num_ohor_build":"2116","moid":"9505408689057042","geom":{"type":"Point","coordinates":[24.043995097433474,49.8299159648448]},"note":null,"editor_id":null,"uid":null,"editor_date":null}},{"type":"Feature","geometry":{"type":"Point","coordinates":[24.044181108,49.829636964]},"properties":{"address":"Зелена 64","name_build":"адм.буд. водоканалтрест (адм.буд.)","date_build":"1911 р.","num_ohor_build":"923","moid":"9505408689057043","geom":{"type":"Point","coordinates":[24.044181108448964,49.82963696357879]},"note":null,"editor_id":null,"uid":null,"editor_date":null}},{"type":"Feature","geometry":{"type":"Point","coordinates":[24.044712106,49.829831974]},"properties":{"address":"Зелена 77","name_build":"житл. буд.","date_build":"1927 р.","num_ohor_build":"2117","moid":"9505408689057044","geom":{"type":"Point","coordinates":[24.044712106163036,49.82983197387385]},"note":null,"editor_id":null,"uid":null,"editor_date":null}},{"type":"Feature","geometry":{"type":"Point","coordinates":[24.045534192,49.827507953]},"properties":{"address":"Зелена 88","name_build":"гром.буд. кінотеатр (гром.буд. товариство)","date_build":"1932 р.","num_ohor_build":"2118","moid":"9505408689057045","geom":{"type":"Point","coordinates":[24.04553419195802,49.827507952973164]},"note":null,"editor_id":null,"uid":null,"editor_date":null}},{"type":"Feature","geometry":{"type":"Point","coordinates":[24.046126204,49.827291958]},"properties":{"address":"Зелена 91","name_build":"вілла","date_build":"кін. XIX ст.","num_ohor_build":"2440","moid":"9505408689057046","geom":{"type":"Point","coordinates":[24.046126204154035,49.82729195837048]},"note":null,"editor_id":null,"uid":null,"editor_date":null}},{"type":"Feature","geometry":null,"properties":{"address":"Зелена 102","name_build":"адм.буд. водоканалтресту (садиба)","date_build":"1829 р.","num_ohor_build":"924","moid":"9505408689057047","geom":null,"note":null,"editor_id":null,"uid":null,"editor_date":null}},{"type":"Feature","geometry":{"type":"Point","coordinates":[24.04520226,49.825431919]},"properties":{"address":"Зелена 104","name_build":"адм.буд. водоканалтресту (житл. буд.)","date_build":"поч. XX ст.","num_ohor_build":"589","moid":"9505408689057048","geom":{"type":"Point","coordinates":[24.04520225985665,49.825431919123645]},"note":null,"editor_id":null,"uid":null,"editor_date":null}},{"type":"Feature","geometry":{"type":"Point","coordinates":[24.043556182,49.856691334]},"properties":{"address":"Зустрічна 1","name_build":"адм.буд.","date_build":"поч. XX ст.","num_ohor_build":"2433","moid":"9505408689057049","geom":{"type":"Point","coordinates":[24.04355618218898,49.85669133424699]},"note":null,"editor_id":null,"uid":null,"editor_date":null}},{"type":"Feature","geometry":{"type":"Point","coordinates":[24.044740238,49.855328332]},"properties":{"address":"Зустрічна 2","name_build":"житл. буд.","date_build":"поч. XX ст.","num_ohor_build":"2434","moid":"9505408689057050","geom":{"type":"Point","coordinates":[24.044740238332498,49.85532833198588]},"note":null,"editor_id":null,"uid":null,"editor_date":null}},{"type":"Feature","geometry":{"type":"Point","coordinates":[24.028973799,49.835067823]},"properties":{"address":"Каліча Гора 7","name_build":"вілла (вілла \"Палатин\")","date_build":"1893 р.","num_ohor_build":"591","moid":"9505408689057051","geom":{"type":"Point","coordinates":[24.02897379915712,49.835067823251194]},"note":null,"editor_id":null,"uid":null,"editor_date":null}},{"type":"Feature","geometry":{"type":"Point","coordinates":[24.027343796,49.834763796]},"properties":{"address":"Каліча Гора 9","name_build":"житл. буд.","date_build":"кін. XIX ст.","num_ohor_build":"592","moid":"9505408689057052","geom":{"type":"Point","coordinates":[24.027343796167447,49.83476379577841]},"note":null,"editor_id":null,"uid":null,"editor_date":null}},{"type":"Feature","geometry":{"type":"Point","coordinates":[24.028699791,49.835255822]},"properties":{"address":"Каліча Гора 10","name_build":"житл. буд.","date_build":"1892 р.","num_ohor_build":"1247","moid":"9505408689057053","geom":{"type":"Point","coordinates":[24.028699790516416,49.83525582198662]},"note":null,"editor_id":null,"uid":null,"editor_date":null}},{"type":"Feature","geometry":{"type":"Point","coordinates":[24.027709791,49.834991804]},"properties":{"address":"Каліча Гора 18","name_build":"житл. буд.","date_build":"1911 р.","num_ohor_build":"2133","moid":"9505408689057054","geom":{"type":"Point","coordinates":[24.027709791401776,49.83499180418756]},"note":null,"editor_id":null,"uid":null,"editor_date":null}},{"type":"Feature","geometry":{"type":"Point","coordinates":[24.027367789,49.834979799]},"properties":{"address":"Каліча Гора 20","name_build":"житл. буд.","date_build":"1911 р.","num_ohor_build":"2134","moid":"9505408689057055","geom":{"type":"Point","coordinates":[24.027367789012093,49.83497979914963]},"note":null,"editor_id":null,"uid":null,"editor_date":null}},{"type":"Feature","geometry":{"type":"Point","coordinates":[24.027083787,49.834963795]},"properties":{"address":"Каліча Гора 22","name_build":"житл. буд.","date_build":"1911 р.","num_ohor_build":"2135","moid":"9505408689057056","geom":{"type":"Point","coordinates":[24.027083787233142,49.8349637948814]},"note":null,"editor_id":null,"uid":null,"editor_date":null}},{"type":"Feature","geometry":{"type":"Point","coordinates":[24.019429679,49.836295705]},"properties":{"address":"Каменярів 3","name_build":"житл. буд.","date_build":"XIX ст.","num_ohor_build":"142","moid":"9505408689057057","geom":{"type":"Point","coordinates":[24.019429679288436,49.8362957045752]},"note":null,"editor_id":null,"uid":null,"editor_date":null}},{"type":"Feature","geometry":{"type":"Point","coordinates":[24.019143674,49.836387702]},"properties":{"address":"Каменярів 5","name_build":"навч. закл. (житл. буд.)","date_build":"1877 р.","num_ohor_build":"143","moid":"9505408689057058","geom":{"type":"Point","coordinates":[24.01914367381795,49.836387701792844]},"note":null,"editor_id":null,"uid":null,"editor_date":null}},{"type":"Feature","geometry":{"type":"Point","coordinates":[24.018973671,49.8364397]},"properties":{"address":"Каменярів 7","name_build":"житл. буд.","date_build":"1877 р.","num_ohor_build":"144","moid":"9505408689057059","geom":{"type":"Point","coordinates":[24.018973670657676,49.83643970010134]},"note":null,"editor_id":null,"uid":null,"editor_date":null}},{"type":"Feature","geometry":null,"properties":{"address":"Кармелюка У. 2","name_build":"житл. буд.","date_build":"поч. XIX ст.","num_ohor_build":"590","moid":"9505408689057060","geom":null,"note":null,"editor_id":null,"uid":null,"editor_date":null}},{"type":"Feature","geometry":null,"properties":{"address":"Кармелюка У. 3","name_build":"музей історії медицини Галичини (житл. буд. Панчишина)","date_build":"1923 р.","num_ohor_build":"1248","moid":"9505408689057061","geom":null,"note":null,"editor_id":null,"uid":null,"editor_date":null}},{"type":"Feature","geometry":null,"properties":{"address":"Кармелюка У. 9","name_build":"житл. буд.","date_build":"поч. XX ст.","num_ohor_build":"2444","moid":"9505408689057062","geom":null,"note":null,"editor_id":null,"uid":null,"editor_date":null}},{"type":"Feature","geometry":null,"properties":{"address":"Карпинця Ів. 17","name_build":"вілла","date_build":"30-ті XX ст.","num_ohor_build":"2607","moid":"9505408689057063","geom":null,"note":null,"editor_id":null,"uid":null,"editor_date":null}},{"type":"Feature","geometry":null,"properties":{"address":"Карпинця Ів. 18","name_build":"вілла","date_build":"30-ті XX ст.","num_ohor_build":"2608","moid":"9505408689057064","geom":null,"note":null,"editor_id":null,"uid":null,"editor_date":null}},{"type":"Feature","geometry":null,"properties":{"address":"Карпинця Ів. 18а","name_build":"вілла","date_build":"30-ті XX ст.","num_ohor_build":"2609","moid":"9505408689057065","geom":null,"note":null,"editor_id":null,"uid":null,"editor_date":null}},{"type":"Feature","geometry":null,"properties":{"address":"Карпинця Ів. 19","name_build":"вілла","date_build":"30-ті XX ст.","num_ohor_build":"2610","moid":"9505408689057066","geom":null,"note":null,"editor_id":null,"uid":null,"editor_date":null}},{"type":"Feature","geometry":null,"properties":{"address":"Карпинця Ів. 21","name_build":"вілла","date_build":"30-ті XX ст.","num_ohor_build":"2611","moid":"9505408689057067","geom":null,"note":null,"editor_id":null,"uid":null,"editor_date":null}},{"type":"Feature","geometry":null,"properties":{"address":"Карпинця Ів. 23","name_build":"вілла","date_build":"30-ті XX ст.","num_ohor_build":"2612","moid":"9505408689057068","geom":null,"note":null,"editor_id":null,"uid":null,"editor_date":null}},{"type":"Feature","geometry":null,"properties":{"address":"Карпинця Ів. 25","name_build":"вілла","date_build":"30-ті XX ст.","num_ohor_build":"2613","moid":"9505408689057069","geom":null,"note":null,"editor_id":null,"uid":null,"editor_date":null}},{"type":"Feature","geometry":null,"properties":{"address":"Карпінського О. 3","name_build":"житл. буд.","date_build":"1910 р.","num_ohor_build":"1244","moid":"9505408689057070","geom":null,"note":null,"editor_id":null,"uid":null,"editor_date":null}},{"type":"Feature","geometry":null,"properties":{"address":"Карпінського О. 5","name_build":"житл. буд.","date_build":"1910 р.","num_ohor_build":"1245","moid":"9505408689057071","geom":null,"note":null,"editor_id":null,"uid":null,"editor_date":null}},{"type":"Feature","geometry":null,"properties":{"address":"Карпінського О. 7","name_build":"житл. буд.","date_build":"1908-1909 рр.","num_ohor_build":"1246","moid":"9505408689057072","geom":null,"note":null,"editor_id":null,"uid":null,"editor_date":null}},{"type":"Feature","geometry":{"type":"Point","coordinates":[24.014647809,49.831347567]},"properties":{"address":"Кастелівка 2","name_build":"житл. буд.","date_build":"поч. XX ст.","num_ohor_build":"2125","moid":"9505408689057073","geom":{"type":"Point","coordinates":[24.014647808598692,49.83134756709665]},"note":null,"editor_id":null,"uid":null,"editor_date":null}},{"type":"Feature","geometry":{"type":"Point","coordinates":[24.014045816,49.830999554]},"properties":{"address":"Кастелівка 8","name_build":"житл. буд.","date_build":"поч. XX ст.","num_ohor_build":"2450","moid":"9505408689057074","geom":{"type":"Point","coordinates":[24.01404581552062,49.83099955364505]},"note":null,"editor_id":null,"uid":null,"editor_date":null}},{"type":"Feature","geometry":null,"properties":{"address":"Квітки-Основ'яненка Г. 5","name_build":"вілла","date_build":"поч. XX ст.","num_ohor_build":"2753","moid":"9505408689057075","geom":null,"note":null,"editor_id":null,"uid":null,"editor_date":null}},{"type":"Feature","geometry":null,"properties":{"address":"Квітки-Основ'яненка Г. 7","name_build":"вілла","date_build":"поч. XX ст.","num_ohor_build":"2754","moid":"9505408689188148","geom":null,"note":null,"editor_id":null,"uid":null,"editor_date":null}},{"type":"Feature","geometry":null,"properties":{"address":"Квітки-Основ'яненка Г. 7а","name_build":"вілла","date_build":"1932 р.","num_ohor_build":"2755","moid":"9505408689188149","geom":null,"note":null,"editor_id":null,"uid":null,"editor_date":null}},{"type":"Feature","geometry":{"type":"Point","coordinates":[24.031655961,49.830955804]},"properties":{"address":"Кобилянської О. 1","name_build":"вілла","date_build":"сер. XIX ст.","num_ohor_build":"761","moid":"9505408689188205","geom":{"type":"Point","coordinates":[24.031655961040578,49.83095580376347]},"note":null,"editor_id":null,"uid":null,"editor_date":null}},{"type":"Feature","geometry":null,"properties":{"address":"Квітки-Основ'яненка Г. 7б","name_build":"вілла","date_build":"поч. XX ст.","num_ohor_build":"2756","moid":"9505408689188150","geom":null,"note":null,"editor_id":null,"uid":null,"editor_date":null}},{"type":"Feature","geometry":null,"properties":{"address":"Квітки-Основ'яненка Г. 9","name_build":"вілла","date_build":"поч. XX ст.","num_ohor_build":"2757","moid":"9505408689188151","geom":null,"note":null,"editor_id":null,"uid":null,"editor_date":null}},{"type":"Feature","geometry":null,"properties":{"address":"Квітки-Основ'яненка Г. 12","name_build":"житл. буд.","date_build":"1935 р.","num_ohor_build":"2145","moid":"9505408689188152","geom":null,"note":null,"editor_id":null,"uid":null,"editor_date":null}},{"type":"Feature","geometry":null,"properties":{"address":"Квітки-Основ'яненка Г. 14","name_build":"вілла","date_build":"1933-1935 рр.","num_ohor_build":"1600","moid":"9505408689188153","geom":null,"note":null,"editor_id":null,"uid":null,"editor_date":null}},{"type":"Feature","geometry":null,"properties":{"address":"Квітки-Основ'яненка Г. 14","name_build":"вілла","date_build":"поч. XX ст.","num_ohor_build":"2758","moid":"9505408689188154","geom":null,"note":null,"editor_id":null,"uid":null,"editor_date":null}},{"type":"Feature","geometry":null,"properties":{"address":"Квітки-Основ'яненка Г. 18","name_build":"вілла","date_build":"поч. XX ст.","num_ohor_build":"2759","moid":"9505408689188155","geom":null,"note":null,"editor_id":null,"uid":null,"editor_date":null}},{"type":"Feature","geometry":null,"properties":{"address":"Квітки-Основ'яненка Г. 19","name_build":"вілла","date_build":"30-ті XX ст.","num_ohor_build":"2760","moid":"9505408689188156","geom":null,"note":null,"editor_id":null,"uid":null,"editor_date":null}},{"type":"Feature","geometry":null,"properties":{"address":"Квітки-Основ'яненка Г. 22","name_build":"вілла","date_build":"30-ті XX ст.","num_ohor_build":"2761","moid":"9505408689188157","geom":null,"note":null,"editor_id":null,"uid":null,"editor_date":null}},{"type":"Feature","geometry":null,"properties":{"address":"Квітки-Основ'яненка Г. 24","name_build":"вілла","date_build":"30-ті XX ст.","num_ohor_build":"2762","moid":"9505408689188158","geom":null,"note":null,"editor_id":null,"uid":null,"editor_date":null}},{"type":"Feature","geometry":null,"properties":{"address":"Квітки-Основ'яненка Г. 27","name_build":"житл. буд.","date_build":"1935 р.","num_ohor_build":"2146","moid":"9505408689188159","geom":null,"note":null,"editor_id":null,"uid":null,"editor_date":null}},{"type":"Feature","geometry":null,"properties":{"address":"Квітки-Основ'яненка Г. 28","name_build":"вілла","date_build":"30-ті XX ст.","num_ohor_build":"2763","moid":"9505408689188160","geom":null,"note":null,"editor_id":null,"uid":null,"editor_date":null}},{"type":"Feature","geometry":null,"properties":{"address":"Квітки-Основ'яненка Г. 29","name_build":"вілла","date_build":"30-ті XX ст.","num_ohor_build":"2764","moid":"9505408689188161","geom":null,"note":null,"editor_id":null,"uid":null,"editor_date":null}},{"type":"Feature","geometry":null,"properties":{"address":"Квітки-Основ'яненка Г. 30","name_build":"вілла","date_build":"30-ті XX ст.","num_ohor_build":"2765","moid":"9505408689188162","geom":null,"note":null,"editor_id":null,"uid":null,"editor_date":null}},{"type":"Feature","geometry":null,"properties":{"address":"Квітки-Основ'яненка Г. 31","name_build":"вілла","date_build":"30-ті XX ст.","num_ohor_build":"2766","moid":"9505408689188163","geom":null,"note":null,"editor_id":null,"uid":null,"editor_date":null}},{"type":"Feature","geometry":{"type":"Point","coordinates":[24.037459498,49.816575685]},"properties":{"address":"Кибальчича М. 4","name_build":"вілла","date_build":"30-ті XX ст.","num_ohor_build":"2614","moid":"9505408689188164","geom":{"type":"Point","coordinates":[24.037459497632756,49.81657568467875]},"note":null,"editor_id":null,"uid":null,"editor_date":null}},{"type":"Feature","geometry":{"type":"Point","coordinates":[24.037873507,49.816399688]},"properties":{"address":"Кибальчича М. 5","name_build":"вілла","date_build":"30-ті XX ст.","num_ohor_build":"2615","moid":"9505408689188165","geom":{"type":"Point","coordinates":[24.03787350700433,49.81639968810302]},"note":null,"editor_id":null,"uid":null,"editor_date":null}},{"type":"Feature","geometry":{"type":"Point","coordinates":[24.037332503,49.81638368]},"properties":{"address":"Кибальчича М. 6","name_build":"вілла","date_build":"30-ті XX ст.","num_ohor_build":"2616","moid":"9505408689188166","geom":{"type":"Point","coordinates":[24.03733250312118,49.816383680178006]},"note":null,"editor_id":null,"uid":null,"editor_date":null}},{"type":"Feature","geometry":{"type":"Point","coordinates":[24.037072511,49.816087672]},"properties":{"address":"Кибальчича М. 8","name_build":"вілла","date_build":"30-ті XX ст.","num_ohor_build":"2617","moid":"9505408689188167","geom":{"type":"Point","coordinates":[24.037072511057,49.816087672325445]},"note":null,"editor_id":null,"uid":null,"editor_date":null}},{"type":"Feature","geometry":{"type":"Point","coordinates":[24.036859517,49.815855666]},"properties":{"address":"Кибальчича М. 10","name_build":"вілла","date_build":"30-ті XX ст.","num_ohor_build":"2618","moid":"9505408689188168","geom":{"type":"Point","coordinates":[24.03685951720148,49.8158556660396]},"note":null,"editor_id":null,"uid":null,"editor_date":null}},{"type":"Feature","geometry":{"type":"Point","coordinates":[24.03723253,49.815583668]},"properties":{"address":"Кибальчича М. 11","name_build":"вілла","date_build":"1933 р.","num_ohor_build":"67","moid":"9505408689188169","geom":{"type":"Point","coordinates":[24.037232529500848,49.81558366753376]},"note":null,"editor_id":null,"uid":null,"editor_date":null}},{"type":"Feature","geometry":{"type":"Point","coordinates":[24.036752523,49.815655662]},"properties":{"address":"Кибальчича М. 12","name_build":"вілла","date_build":"30-ті XX ст.","num_ohor_build":"2619","moid":"9505408689188170","geom":{"type":"Point","coordinates":[24.03675252312535,49.81565566171137]},"note":null,"editor_id":null,"uid":null,"editor_date":null}},{"type":"Feature","geometry":{"type":"Point","coordinates":[24.036940541,49.815175658]},"properties":{"address":"Кибальчича М. 13","name_build":"вілла","date_build":"30-ті XX ст.","num_ohor_build":"2620","moid":"9505408689188171","geom":{"type":"Point","coordinates":[24.036940540981984,49.815175657654876]},"note":null,"editor_id":null,"uid":null,"editor_date":null}},{"type":"Feature","geometry":{"type":"Point","coordinates":[24.036580527,49.815487657]},"properties":{"address":"Кибальчича М. 14","name_build":"вілла","date_build":"30-ті XX ст.","num_ohor_build":"2621","moid":"9505408689188172","geom":{"type":"Point","coordinates":[24.036580527429404,49.81548765690679]},"note":null,"editor_id":null,"uid":null,"editor_date":null}},{"type":"Feature","geometry":{"type":"Point","coordinates":[24.036788546,49.814991653]},"properties":{"address":"Кибальчича М. 15","name_build":"вілла","date_build":"30-ті XX ст.","num_ohor_build":"2622","moid":"9505408689188173","geom":{"type":"Point","coordinates":[24.036788545993453,49.81499165291058]},"note":null,"editor_id":null,"uid":null,"editor_date":null}},{"type":"Feature","geometry":{"type":"Point","coordinates":[24.036485532,49.815343654]},"properties":{"address":"Кибальчича М. 16","name_build":"вілла","date_build":"30-ті XX ст.","num_ohor_build":"2623","moid":"9505408689188174","geom":{"type":"Point","coordinates":[24.036485531547566,49.815343653534846]},"note":null,"editor_id":null,"uid":null,"editor_date":null}},{"type":"Feature","geometry":{"type":"Point","coordinates":[24.036660551,49.814803648]},"properties":{"address":"Кибальчича М. 17","name_build":"вілла","date_build":"30-ті XX ст.","num_ohor_build":"2624","moid":"9505408689188175","geom":{"type":"Point","coordinates":[24.036660551337242,49.814803648451786]},"note":null,"editor_id":null,"uid":null,"editor_date":null}},{"type":"Feature","geometry":{"type":"Point","coordinates":[24.036298537,49.815147648]},"properties":{"address":"Кибальчича М. 18","name_build":"вілла","date_build":"30-ті XX ст.","num_ohor_build":"2625","moid":"9505408689188176","geom":{"type":"Point","coordinates":[24.036298536680718,49.815147648124054]},"note":null,"editor_id":null,"uid":null,"editor_date":null}},{"type":"Feature","geometry":{"type":"Point","coordinates":[24.036530554,49.814679645]},"properties":{"address":"Кибальчича М. 19","name_build":"вілла","date_build":"30-ті XX ст.","num_ohor_build":"2626","moid":"9505408689188177","geom":{"type":"Point","coordinates":[24.036530554488937,49.81467964486221]},"note":null,"editor_id":null,"uid":null,"editor_date":null}},{"type":"Feature","geometry":{"type":"Point","coordinates":[24.036155542,49.814943643]},"properties":{"address":"Кибальчича М. 20","name_build":"вілла","date_build":"30-ті XX ст.","num_ohor_build":"2627","moid":"9505408689188178","geom":{"type":"Point","coordinates":[24.036155542445794,49.81494364322737]},"note":null,"editor_id":null,"uid":null,"editor_date":null}},{"type":"Feature","geometry":{"type":"Point","coordinates":[24.036455558,49.814543642]},"properties":{"address":"Кибальчича М. 21","name_build":"вілла","date_build":"30-ті XX ст.","num_ohor_build":"2628","moid":"9505408689188179","geom":{"type":"Point","coordinates":[24.036455558498574,49.814543641887155]},"note":null,"editor_id":null,"uid":null,"editor_date":null}},{"type":"Feature","geometry":{"type":"Point","coordinates":[24.036041549,49.814735639]},"properties":{"address":"Кибальчича М. 22","name_build":"вілла","date_build":"30-ті XX ст.","num_ohor_build":"2629","moid":"9505408689188180","geom":{"type":"Point","coordinates":[24.036041548584095,49.81473563868736]},"note":null,"editor_id":null,"uid":null,"editor_date":null}},{"type":"Feature","geometry":{"type":"Point","coordinates":[24.036320563,49.814391638]},"properties":{"address":"Кибальчича М. 23","name_build":"вілла","date_build":"30-ті XX ст.","num_ohor_build":"2630","moid":"9505408689188181","geom":{"type":"Point","coordinates":[24.036320562561166,49.814391637833694]},"note":null,"editor_id":null,"uid":null,"editor_date":null}},{"type":"Feature","geometry":{"type":"Point","coordinates":[24.035887554,49.814543634]},"properties":{"address":"Кибальчича М. 24","name_build":"вілла","date_build":"30-ті XX ст.","num_ohor_build":"2631","moid":"9505408689188182","geom":{"type":"Point","coordinates":[24.035887553851122,49.814543633802415]},"note":null,"editor_id":null,"uid":null,"editor_date":null}},{"type":"Feature","geometry":{"type":"Point","coordinates":[24.036607571,49.814199639]},"properties":{"address":"Кибальчича М. 25","name_build":"вілла","date_build":"30-ті XX ст.","num_ohor_build":"2632","moid":"9505408689188183","geom":{"type":"Point","coordinates":[24.036607571436388,49.81419963922579]},"note":null,"editor_id":null,"uid":null,"editor_date":null}},{"type":"Feature","geometry":{"type":"Point","coordinates":[24.035971573,49.814007627]},"properties":{"address":"Кибальчича М. 27","name_build":"вілла","date_build":"30-ті XX ст.","num_ohor_build":"2633","moid":"9505408689188184","geom":{"type":"Point","coordinates":[24.03597157275941,49.81400762748029]},"note":null,"editor_id":null,"uid":null,"editor_date":null}},{"type":"Feature","geometry":{"type":"Point","coordinates":[24.009185697,49.833324517]},"properties":{"address":"Київська 24","name_build":"житл. буд.","date_build":"1927 р.","num_ohor_build":"1602","moid":"9505408689188185","geom":{"type":"Point","coordinates":[24.009185696672326,49.83332451704231]},"note":null,"editor_id":null,"uid":null,"editor_date":null}},{"type":"Feature","geometry":{"type":"Point","coordinates":[24.00886369,49.833446514]},"properties":{"address":"Київська 26","name_build":"житл. буд.","date_build":"1927 р.","num_ohor_build":"1602","moid":"9505408689188186","geom":{"type":"Point","coordinates":[24.008863689888553,49.833446514167676]},"note":null,"editor_id":null,"uid":null,"editor_date":null}},{"type":"Feature","geometry":{"type":"Point","coordinates":[24.007915687,49.833296499]},"properties":{"address":"Київська 27","name_build":"житл. буд.","date_build":"1910 р.","num_ohor_build":"927","moid":"9505408689188187","geom":{"type":"Point","coordinates":[24.007915687247372,49.833296498565076]},"note":null,"editor_id":null,"uid":null,"editor_date":null}},{"type":"Feature","geometry":{"type":"Point","coordinates":[24.007915687,49.833296499]},"properties":{"address":"Київська 27","name_build":"житл. буд.","date_build":"1927 р.","num_ohor_build":"1602","moid":"9505408689188188","geom":{"type":"Point","coordinates":[24.007915687247372,49.833296498565076]},"note":null,"editor_id":null,"uid":null,"editor_date":null}},{"type":"Feature","geometry":{"type":"Point","coordinates":[24.008670687,49.833470512]},"properties":{"address":"Київська 28","name_build":"житл. буд.","date_build":"1927 р.","num_ohor_build":"1602","moid":"9505408689188189","geom":{"type":"Point","coordinates":[24.008670687494522,49.8334705117559]},"note":null,"editor_id":null,"uid":null,"editor_date":null}},{"type":"Feature","geometry":{"type":"Point","coordinates":[24.008427685,49.833495509]},"properties":{"address":"Київська 28а","name_build":"житл. буд.","date_build":"1927 р.","num_ohor_build":"1602","moid":"9505408689188190","geom":{"type":"Point","coordinates":[24.008427684657907,49.83349550864613]},"note":null,"editor_id":null,"uid":null,"editor_date":null}},{"type":"Feature","geometry":{"type":"Point","coordinates":[24.007267667,49.833743496]},"properties":{"address":"Київська 34","name_build":"житл. буд.","date_build":"1936 р.","num_ohor_build":"2132","moid":"9505408689188191","geom":{"type":"Point","coordinates":[24.007267666738013,49.833743495604985]},"note":null,"editor_id":null,"uid":null,"editor_date":null}},{"type":"Feature","geometry":{"type":"Point","coordinates":[24.030128918,49.831842794]},"properties":{"address":"Кирила і Мефодія 8","name_build":"уч.корпус університету (житл. буд.)","date_build":"1892 р.","num_ohor_build":"152","moid":"9505408689188192","geom":{"type":"Point","coordinates":[24.030128918362593,49.83184279446344]},"note":null,"editor_id":null,"uid":null,"editor_date":null}},{"type":"Feature","geometry":{"type":"Point","coordinates":[24.029971923,49.83166879]},"properties":{"address":"Кирила і Мефодія 10","name_build":"житл. буд.","date_build":"1894 р.","num_ohor_build":"153","moid":"9505408689188193","geom":{"type":"Point","coordinates":[24.02997192299905,49.83166878978763]},"note":null,"editor_id":null,"uid":null,"editor_date":null}},{"type":"Feature","geometry":{"type":"Point","coordinates":[24.029771909,49.832031792]},"properties":{"address":"Кирила і Мефодія 18","name_build":"житл. буд.","date_build":"1890 р.","num_ohor_build":"154","moid":"9505408689188194","geom":{"type":"Point","coordinates":[24.02977190900995,49.832031792031366]},"note":null,"editor_id":null,"uid":null,"editor_date":null}},{"type":"Feature","geometry":{"type":"Point","coordinates":[24.029251936,49.831107772]},"properties":{"address":"Кирила і Мефодія 22","name_build":"лікарня інфекційна (вілла)","date_build":"1930 р.","num_ohor_build":"2153","moid":"9505408689188195","geom":{"type":"Point","coordinates":[24.029251936198026,49.831107771668066]},"note":null,"editor_id":null,"uid":null,"editor_date":null}},{"type":"Feature","geometry":{"type":"Point","coordinates":[24.029759945,49.830967777]},"properties":{"address":"Кирила і Мефодія 29","name_build":"житл. буд.","date_build":"1907 р.","num_ohor_build":"628","moid":"9505408689188196","geom":{"type":"Point","coordinates":[24.029759945118318,49.830967776937236]},"note":null,"editor_id":null,"uid":null,"editor_date":null}},{"type":"Feature","geometry":{"type":"Point","coordinates":[24.029567951,49.830759771]},"properties":{"address":"Кирила і Мефодія 31","name_build":"житл. буд.","date_build":"1907 р.","num_ohor_build":"628","moid":"9505408689188197","geom":{"type":"Point","coordinates":[24.029567950625104,49.83075977128632]},"note":null,"editor_id":null,"uid":null,"editor_date":null}},{"type":"Feature","geometry":{"type":"Point","coordinates":[24.029339953,49.830635766]},"properties":{"address":"Кирила і Мефодія 33","name_build":"житл. буд.","date_build":"1897 р.","num_ohor_build":"1320","moid":"9505408689188198","geom":{"type":"Point","coordinates":[24.029339952979043,49.83063576630095]},"note":null,"editor_id":null,"uid":null,"editor_date":null}},{"type":"Feature","geometry":{"type":"Point","coordinates":[24.016485411,49.843469763]},"properties":{"address":"Клепарівська 7","name_build":"житл. буд.","date_build":"1910-1912 рр.","num_ohor_build":"1610","moid":"9505408689188199","geom":{"type":"Point","coordinates":[24.01648541095967,49.84346976325719]},"note":null,"editor_id":null,"uid":null,"editor_date":null}},{"type":"Feature","geometry":{"type":"Point","coordinates":[24.016455406,49.843606765]},"properties":{"address":"Клепарівська 7а","name_build":"житл. буд.","date_build":"1911 р.","num_ohor_build":"1611","moid":"9505408689188200","geom":{"type":"Point","coordinates":[24.0164554060489,49.84360676475119]},"note":null,"editor_id":null,"uid":null,"editor_date":null}},{"type":"Feature","geometry":{"type":"Point","coordinates":[24.016190377,49.844391772]},"properties":{"address":"Клепарівська 11а","name_build":"навч. заклад (гімназія єврейська купецька)","date_build":"1938 р.","num_ohor_build":"121","moid":"9505408689188201","geom":{"type":"Point","coordinates":[24.016190377148416,49.844391771985755]},"note":null,"editor_id":null,"uid":null,"editor_date":null}},{"type":"Feature","geometry":{"type":"Point","coordinates":[24.015248162,49.850491844]},"properties":{"address":"Клепарівська 24","name_build":"житл. буд.","date_build":"поч. XX ст.","num_ohor_build":"2122","moid":"9505408689188202","geom":{"type":"Point","coordinates":[24.015248161666186,49.85049184411459]},"note":null,"editor_id":null,"uid":null,"editor_date":null}},{"type":"Feature","geometry":{"type":"Point","coordinates":[24.000711761,49.829400341]},"properties":{"address":"Коновальця Є. 70","name_build":"житл. буд.","date_build":"1902 р.","num_ohor_build":"1112","moid":"9505408689188236","geom":{"type":"Point","coordinates":[24.000711760990608,49.82940034135905]},"note":null,"editor_id":null,"uid":null,"editor_date":null}},{"type":"Feature","geometry":{"type":"Point","coordinates":[24.001703769,49.829404356]},"properties":{"address":"Коновальця Є. 71","name_build":"житл. буд.","date_build":"1901 р.","num_ohor_build":"421","moid":"9505408689188237","geom":{"type":"Point","coordinates":[24.001703768956304,49.829404355540824]},"note":null,"editor_id":null,"uid":null,"editor_date":null}},{"type":"Feature","geometry":{"type":"Point","coordinates":[24.000445766,49.829184335]},"properties":{"address":"Коновальця Є. 74","name_build":"вілла","date_build":"1901-1902 рр.","num_ohor_build":"1687","moid":"9505408689188238","geom":{"type":"Point","coordinates":[24.000445766168713,49.82918433454315]},"note":null,"editor_id":null,"uid":null,"editor_date":null}},{"type":"Feature","geometry":null,"properties":{"address":"Коновальця Є. 76","name_build":"вілла","date_build":"1901-1902 рр.","num_ohor_build":"1688","moid":"9505408689188239","geom":null,"note":null,"editor_id":null,"uid":null,"editor_date":null}},{"type":"Feature","geometry":{"type":"Point","coordinates":[23.999551778,49.828636314]},"properties":{"address":"Коновальця Є. 78","name_build":"вілла","date_build":"1925 р.","num_ohor_build":"2637","moid":"9505408689188240","geom":{"type":"Point","coordinates":[23.99955177751599,49.82863631413049]},"note":null,"editor_id":null,"uid":null,"editor_date":null}},{"type":"Feature","geometry":{"type":"Point","coordinates":[23.999551778,49.828636314]},"properties":{"address":"Коновальця Є. 78","name_build":"житл. буд.","date_build":"1926 р.","num_ohor_build":"2246","moid":"9505408689188241","geom":{"type":"Point","coordinates":[23.99955177751599,49.82863631413049]},"note":null,"editor_id":null,"uid":null,"editor_date":null}},{"type":"Feature","geometry":{"type":"Point","coordinates":[23.999280782,49.828452308]},"properties":{"address":"Коновальця Є. 80","name_build":"житл. буд.","date_build":"поч. XX ст.","num_ohor_build":"1113","moid":"9505408689188242","geom":{"type":"Point","coordinates":[23.99928078156427,49.828452307692096]},"note":null,"editor_id":null,"uid":null,"editor_date":null}},{"type":"Feature","geometry":{"type":"Point","coordinates":[24.000313785,49.828592324]},"properties":{"address":"Коновальця Є. 81","name_build":"вілла","date_build":"кін. XIX ст.","num_ohor_build":"2638","moid":"9505408689188243","geom":{"type":"Point","coordinates":[24.00031378523602,49.82859232436419]},"note":null,"editor_id":null,"uid":null,"editor_date":null}},{"type":"Feature","geometry":{"type":"Point","coordinates":[24.000031789,49.828420318]},"properties":{"address":"Коновальця Є. 83","name_build":"вілла","date_build":"кін. XIX ст.","num_ohor_build":"2639","moid":"9505408689188244","geom":{"type":"Point","coordinates":[24.000031788785982,49.828420317937365]},"note":null,"editor_id":null,"uid":null,"editor_date":null}},{"type":"Feature","geometry":{"type":"Point","coordinates":[23.99864379,49.828048293]},"properties":{"address":"Коновальця Є. 88","name_build":"адм.буд. ЖЕК (житл. буд.)","date_build":"1905 р.","num_ohor_build":"1114","moid":"9505408689188245","geom":{"type":"Point","coordinates":[23.998643790110084,49.828048292957895]},"note":null,"editor_id":null,"uid":null,"editor_date":null}},{"type":"Feature","geometry":{"type":"Point","coordinates":[23.99856581,49.827448283]},"properties":{"address":"Коновальця Є. 89","name_build":"житл. буд.","date_build":"поч. XX ст.","num_ohor_build":"1115","moid":"9505408689188246","geom":{"type":"Point","coordinates":[23.998565809889584,49.82744828343599]},"note":null,"editor_id":null,"uid":null,"editor_date":null}},{"type":"Feature","geometry":{"type":"Point","coordinates":[23.998503792,49.82796029]},"properties":{"address":"Коновальця Є. 90","name_build":"вілла","date_build":"кін. XIX ст.","num_ohor_build":"2640","moid":"9505408689188247","geom":{"type":"Point","coordinates":[23.998503791961355,49.827960289730726]},"note":null,"editor_id":null,"uid":null,"editor_date":null}},{"type":"Feature","geometry":{"type":"Point","coordinates":[23.998207796,49.827784283]},"properties":{"address":"Коновальця Є. 92","name_build":"вілла","date_build":"кін. XIX ст.","num_ohor_build":"2641","moid":"9505408689188248","geom":{"type":"Point","coordinates":[23.99820779553326,49.827784283048544]},"note":null,"editor_id":null,"uid":null,"editor_date":null}},{"type":"Feature","geometry":{"type":"Point","coordinates":[23.998015797,49.827688279]},"properties":{"address":"Коновальця Є. 94","name_build":"вілла","date_build":"кін. XIX ст.","num_ohor_build":"2642","moid":"9505408689319321","geom":{"type":"Point","coordinates":[23.998015797232167,49.827688278968765]},"note":null,"editor_id":null,"uid":null,"editor_date":null}},{"type":"Feature","geometry":{"type":"Point","coordinates":[23.997503821,49.82685226]},"properties":{"address":"Коновальця Є. 95а","name_build":"вілла","date_build":"кін. XIX ст.","num_ohor_build":"2643","moid":"9505408689319322","geom":{"type":"Point","coordinates":[23.997503821497926,49.82685225995873]},"note":null,"editor_id":null,"uid":null,"editor_date":null}},{"type":"Feature","geometry":{"type":"Point","coordinates":[23.997819801,49.827544274]},"properties":{"address":"Коновальця Є. 96","name_build":"вілла","date_build":"кін. XIX ст.","num_ohor_build":"2644","moid":"9505408689319323","geom":{"type":"Point","coordinates":[23.997819800531726,49.82754427415916]},"note":null,"editor_id":null,"uid":null,"editor_date":null}},{"type":"Feature","geometry":{"type":"Point","coordinates":[23.997541801,49.827476269]},"properties":{"address":"Коновальця Є. 98","name_build":"вілла","date_build":"1904-1905 рр.","num_ohor_build":"1689","moid":"9505408689319324","geom":{"type":"Point","coordinates":[23.99754180057569,49.82747626924732]},"note":null,"editor_id":null,"uid":null,"editor_date":null}},{"type":"Feature","geometry":{"type":"Point","coordinates":[23.997131803,49.827320261]},"properties":{"address":"Коновальця Є. 100","name_build":"вілла (вілла Кшечуновичів)","date_build":"1912 р.","num_ohor_build":"422","moid":"9505408689319325","geom":{"type":"Point","coordinates":[23.99713180253632,49.82732026122224]},"note":null,"editor_id":null,"uid":null,"editor_date":null}},{"type":"Feature","geometry":{"type":"Point","coordinates":[23.996677806,49.827108252]},"properties":{"address":"Коновальця Є. 102","name_build":"уч.корпус Лісотехнічної академії (вілла)","date_build":"кін. XIX ст.","num_ohor_build":"2645","moid":"9505408689319326","geom":{"type":"Point","coordinates":[23.996677806043266,49.82710825178565]},"note":null,"editor_id":null,"uid":null,"editor_date":null}},{"type":"Feature","geometry":{"type":"Point","coordinates":[23.996049822,49.826488234]},"properties":{"address":"Коновальця Є. 106","name_build":"вілла","date_build":"кін. XIX ст.","num_ohor_build":"2646","moid":"9505408689319327","geom":{"type":"Point","coordinates":[23.996049822012246,49.82648823415203]},"note":null,"editor_id":null,"uid":null,"editor_date":null}},{"type":"Feature","geometry":{"type":"Point","coordinates":[24.03857389,49.834716955]},"properties":{"address":"Конопницької М. 3","name_build":"адм.буд. облздороввідділ (адм.буд.)","date_build":"1913 р.","num_ohor_build":"932","moid":"9505408689319328","geom":{"type":"Point","coordinates":[24.038573889676872,49.834716955014706]},"note":null,"editor_id":null,"uid":null,"editor_date":null}},{"type":"Feature","geometry":{"type":"Point","coordinates":[24.038119883,49.83481195]},"properties":{"address":"Конопницької М. 4","name_build":"житл. буд.","date_build":"1913 р.","num_ohor_build":"1253","moid":"9505408689319329","geom":{"type":"Point","coordinates":[24.038119882726782,49.83481194988336]},"note":null,"editor_id":null,"uid":null,"editor_date":null}},{"type":"Feature","geometry":{"type":"Point","coordinates":[24.038015888,49.834643946]},"properties":{"address":"Конопницької М. 6","name_build":"житл. буд.","date_build":"1911 р.","num_ohor_build":"123","moid":"9505408689319330","geom":{"type":"Point","coordinates":[24.038015887592948,49.83464394604598]},"note":null,"editor_id":null,"uid":null,"editor_date":null}},{"type":"Feature","geometry":{"type":"Point","coordinates":[24.037915891,49.834519943]},"properties":{"address":"Конопницької М. 8","name_build":"житл. буд.","date_build":"1914 р.","num_ohor_build":"124","moid":"9505408689319331","geom":{"type":"Point","coordinates":[24.037915890994373,49.83451994288277]},"note":null,"editor_id":null,"uid":null,"editor_date":null}},{"type":"Feature","geometry":{"type":"Point","coordinates":[24.037779895,49.834355939]},"properties":{"address":"Конопницької М. 10","name_build":"житл. буд.","date_build":"1924 р.","num_ohor_build":"125","moid":"9505408689319332","geom":{"type":"Point","coordinates":[24.037779895462357,49.83435593864591]},"note":null,"editor_id":null,"uid":null,"editor_date":null}},{"type":"Feature","geometry":{"type":"Point","coordinates":[24.0377439,49.834199936]},"properties":{"address":"Конопницької М. 12","name_build":"житл. буд.","date_build":"1912 р.","num_ohor_build":"1254","moid":"9505408689319333","geom":{"type":"Point","coordinates":[24.037743900476713,49.834199935945065]},"note":null,"editor_id":null,"uid":null,"editor_date":null}},{"type":"Feature","geometry":{"type":"Point","coordinates":[24.037703906,49.834035933]},"properties":{"address":"Конопницької М. 14","name_build":"житл. буд.","date_build":"1913 р.","num_ohor_build":"126","moid":"9505408689319334","geom":{"type":"Point","coordinates":[24.037703905730545,49.83403593307504]},"note":null,"editor_id":null,"uid":null,"editor_date":null}},{"type":"Feature","geometry":{"type":"Point","coordinates":[24.003113852,49.827288346]},"properties":{"address":"Конотопська 3","name_build":"житл. буд.","date_build":"поч. XX ст.","num_ohor_build":"2136","moid":"9505408689319335","geom":{"type":"Point","coordinates":[24.003113852475394,49.827288345952866]},"note":null,"editor_id":null,"uid":null,"editor_date":null}},{"type":"Feature","geometry":{"type":"Point","coordinates":[24.002963848,49.827372345]},"properties":{"address":"Конотопська 5","name_build":"житл. буд.","date_build":"1937 р.","num_ohor_build":"2137","moid":"9505408689319336","geom":{"type":"Point","coordinates":[24.00296384839209,49.82737234499465]},"note":null,"editor_id":null,"uid":null,"editor_date":null}},{"type":"Feature","geometry":{"type":"Point","coordinates":[24.002815844,49.827456344]},"properties":{"address":"Конотопська 7","name_build":"житл. буд.","date_build":"1937 р.","num_ohor_build":"2138","moid":"9505408689319337","geom":{"type":"Point","coordinates":[24.002815844325095,49.827456344064935]},"note":null,"editor_id":null,"uid":null,"editor_date":null}},{"type":"Feature","geometry":{"type":"Point","coordinates":[24.002491836,49.827632342]},"properties":{"address":"Конотопська 11","name_build":"житл. буд.","date_build":"1939 р.","num_ohor_build":"2139","moid":"9505408689319338","geom":{"type":"Point","coordinates":[24.002491835690197,49.82763234191889]},"note":null,"editor_id":null,"uid":null,"editor_date":null}},{"type":"Feature","geometry":{"type":"Point","coordinates":[24.002175827,49.82780834]},"properties":{"address":"Конотопська 15","name_build":"житл. буд.","date_build":"поч. XX ст.","num_ohor_build":"2140","moid":"9505408689319339","geom":{"type":"Point","coordinates":[24.002175827120617,49.827808339886765]},"note":null,"editor_id":null,"uid":null,"editor_date":null}},{"type":"Feature","geometry":null,"properties":{"address":"Кооперативна 1/3","name_build":"вілла","date_build":"20-ті XX ст.","num_ohor_build":"2647","moid":"9505408689319340","geom":null,"note":null,"editor_id":null,"uid":null,"editor_date":null}},{"type":"Feature","geometry":null,"properties":{"address":"Коперника М. 1","name_build":"житл. буд.","date_build":"1891-1892 рр.","num_ohor_build":"127","moid":"9505408689319344","geom":null,"note":null,"editor_id":null,"uid":null,"editor_date":null}},{"type":"Feature","geometry":null,"properties":{"address":"Коперника М. 3","name_build":"техн. кредитно-фінансовий (адм.буд. головне страхове товариство)","date_build":"1908-1911 рр.","num_ohor_build":"928","moid":"9505408689319345","geom":null,"note":null,"editor_id":null,"uid":null,"editor_date":null}},{"type":"Feature","geometry":null,"properties":{"address":"Коперника М. 4","name_build":"банк Національний (банк Земське кредитне товариство)","date_build":"1912-1913 рр.","num_ohor_build":"1255","moid":"9505408689319346","geom":null,"note":null,"editor_id":null,"uid":null,"editor_date":null}},{"type":"Feature","geometry":null,"properties":{"address":"Коперника М. 5","name_build":"житл. буд.","date_build":"1911 р.","num_ohor_build":"128","moid":"9505408689319347","geom":null,"note":null,"editor_id":null,"uid":null,"editor_date":null}},{"type":"Feature","geometry":null,"properties":{"address":"Коперника М. 9","name_build":"адм.буд. кінотеатр (житл.-адм.буд.)","date_build":"1912 р.","num_ohor_build":"929","moid":"9505408689319348","geom":null,"note":null,"editor_id":null,"uid":null,"editor_date":null}},{"type":"Feature","geometry":null,"properties":{"address":"Коперника М. 11","name_build":"житл. буд.","date_build":"поч. XX ст.","num_ohor_build":"930","moid":"9505408689319349","geom":null,"note":null,"editor_id":null,"uid":null,"editor_date":null}},{"type":"Feature","geometry":null,"properties":{"address":"Коперника М. 12","name_build":"житл. буд.","date_build":"1907-1908 рр.","num_ohor_build":"129","moid":"9505408689319350","geom":null,"note":null,"editor_id":null,"uid":null,"editor_date":null}},{"type":"Feature","geometry":null,"properties":{"address":"Коперника М. 14","name_build":"гуртожиток (житл. буд.)","date_build":"1907-1908 рр.","num_ohor_build":"130","moid":"9505408689319351","geom":null,"note":null,"editor_id":null,"uid":null,"editor_date":null}},{"type":"Feature","geometry":null,"properties":{"address":"Коперника М. 16","name_build":"житл. буд.","date_build":"1870-1872 рр.","num_ohor_build":"131","moid":"9505408689319352","geom":null,"note":null,"editor_id":null,"uid":null,"editor_date":null}},{"type":"Feature","geometry":null,"properties":{"address":"Коперника М. 18","name_build":"житл. буд.","date_build":"1874 р.","num_ohor_build":"748","moid":"9505408689319353","geom":null,"note":null,"editor_id":null,"uid":null,"editor_date":null}},{"type":"Feature","geometry":null,"properties":{"address":"Коперника М. 20","name_build":"житл. буд.","date_build":"поч. XIX ст.","num_ohor_build":"931","moid":"9505408689319354","geom":null,"note":null,"editor_id":null,"uid":null,"editor_date":null}},{"type":"Feature","geometry":null,"properties":{"address":"Коперника М. 30","name_build":"житл. буд.","date_build":"1907 р.","num_ohor_build":"749","moid":"9505408689319355","geom":null,"note":null,"editor_id":null,"uid":null,"editor_date":null}},{"type":"Feature","geometry":null,"properties":{"address":"Коперника М. 31","name_build":"житл. буд.","date_build":"поч. XIX ст.","num_ohor_build":"1256","moid":"9505408689319356","geom":null,"note":null,"editor_id":null,"uid":null,"editor_date":null}},{"type":"Feature","geometry":null,"properties":{"address":"Коперника М. 35","name_build":"житл. буд.","date_build":"поч. XX ст.","num_ohor_build":"1257","moid":"9505408689319357","geom":null,"note":null,"editor_id":null,"uid":null,"editor_date":null}},{"type":"Feature","geometry":null,"properties":{"address":"Коперника М. 37","name_build":"житл. буд.","date_build":"1891 р.","num_ohor_build":"1258","moid":"9505408689319358","geom":null,"note":null,"editor_id":null,"uid":null,"editor_date":null}},{"type":"Feature","geometry":null,"properties":{"address":"Коперника М. 39","name_build":"житл. буд.","date_build":"поч. XX ст.","num_ohor_build":"1259","moid":"9505408689319359","geom":null,"note":null,"editor_id":null,"uid":null,"editor_date":null}},{"type":"Feature","geometry":null,"properties":{"address":"Коперника М. 42","name_build":"гром.буд. будинок Вчителя (палац Бєльських)","date_build":"1922-1923 рр.","num_ohor_build":"132","moid":"9505408689319360","geom":null,"note":null,"editor_id":null,"uid":null,"editor_date":null}},{"type":"Feature","geometry":null,"properties":{"address":"Коперника М. 44","name_build":"житл. буд.","date_build":"кін. XIX ст.","num_ohor_build":"750","moid":"9505408689319361","geom":null,"note":null,"editor_id":null,"uid":null,"editor_date":null}},{"type":"Feature","geometry":null,"properties":{"address":"Коперника М. 46","name_build":"житл. буд.","date_build":"поч. XX ст.","num_ohor_build":"751","moid":"9505408689319362","geom":null,"note":null,"editor_id":null,"uid":null,"editor_date":null}},{"type":"Feature","geometry":null,"properties":{"address":"Коперника М. 50","name_build":"житл. буд.","date_build":"поч. XX ст.","num_ohor_build":"1260","moid":"9505408689319363","geom":null,"note":null,"editor_id":null,"uid":null,"editor_date":null}},{"type":"Feature","geometry":null,"properties":{"address":"Коперника М. 54","name_build":"житл. буд.","date_build":"поч. XX ст.","num_ohor_build":"1261","moid":"9505408689319364","geom":null,"note":null,"editor_id":null,"uid":null,"editor_date":null}},{"type":"Feature","geometry":null,"properties":{"address":"Коперника М. 60","name_build":"житл. буд.","date_build":"поч. XX ст.","num_ohor_build":"1262","moid":"9505408689319365","geom":null,"note":null,"editor_id":null,"uid":null,"editor_date":null}},{"type":"Feature","geometry":null,"properties":{"address":"Коперника М. 62","name_build":"житл. буд.","date_build":"поч. XX ст.","num_ohor_build":"1263","moid":"9505408689319366","geom":null,"note":null,"editor_id":null,"uid":null,"editor_date":null}},{"type":"Feature","geometry":null,"properties":{"address":"Крива Липа пр-д 5","name_build":"житл. буд.","date_build":"XIX ст.","num_ohor_build":"915","moid":"9505408689319367","geom":null,"note":null,"editor_id":null,"uid":null,"editor_date":null}},{"type":"Feature","geometry":{"type":"Point","coordinates":[24.041136652,49.842321098]},"properties":{"address":"Короленка В. 1","name_build":"школа інтернат № 6 (монастир Францисканів з парком і огорожею)","date_build":"XVIII ст.","num_ohor_build":"145","moid":"9505408689319368","geom":{"type":"Point","coordinates":[24.04113665182148,49.84232109817906]},"note":null,"editor_id":null,"uid":null,"editor_date":null}},{"type":"Feature","geometry":{"type":"Point","coordinates":[24.040995671,49.841716088]},"properties":{"address":"Короленка В. 3","name_build":"церква Георгія","date_build":"1897-1901 рр.","num_ohor_build":"2445","moid":"9505408689319369","geom":{"type":"Point","coordinates":[24.040995671265048,49.84171608768393]},"note":null,"editor_id":null,"uid":null,"editor_date":null}},{"type":"Feature","geometry":{"type":"Point","coordinates":[24.038819699,49.840392038]},"properties":{"address":"Короленка В. 10","name_build":"житл. буд.","date_build":"сер. XIX ст.","num_ohor_build":"2446","moid":"9505408689319370","geom":{"type":"Point","coordinates":[24.038819698521536,49.84039203812604]},"note":null,"editor_id":null,"uid":null,"editor_date":null}},{"type":"Feature","geometry":{"type":"Point","coordinates":[24.038923706,49.840204037]},"properties":{"address":"Короленка В. 12","name_build":"житл. буд.","date_build":"сер. XIX ст.","num_ohor_build":"2447","moid":"9505408689319371","geom":{"type":"Point","coordinates":[24.03892370577338,49.8402040369696]},"note":null,"editor_id":null,"uid":null,"editor_date":null}},{"type":"Feature","geometry":{"type":"Point","coordinates":[24.03424394,49.832207858]},"properties":{"address":"Костомарова М. 18","name_build":"житл. буд.","date_build":"поч. XX ст.","num_ohor_build":"2123","moid":"9505408689319373","geom":{"type":"Point","coordinates":[24.034243939616626,49.83220785817125]},"note":null,"editor_id":null,"uid":null,"editor_date":null}},{"type":"Feature","geometry":{"type":"Point","coordinates":[24.034458949,49.831983858]},"properties":{"address":"Костомарова М. 20","name_build":"житл. буд.","date_build":"поч. XX ст.","num_ohor_build":"2124","moid":"9505408689319374","geom":{"type":"Point","coordinates":[24.034458948998793,49.83198385809036]},"note":null,"editor_id":null,"uid":null,"editor_date":null}},{"type":"Feature","geometry":null,"properties":{"address":"Костюшка 1а","name_build":"адм.буд. Західна регіональна митниця (готель Народний)","date_build":"1903-1904 рр.","num_ohor_build":"728","moid":"9505408689319375","geom":null,"note":null,"editor_id":null,"uid":null,"editor_date":null}},{"type":"Feature","geometry":null,"properties":{"address":"Костюшка 6","name_build":"адм.буд. прокуратура Личаківського р-ну (житл. буд.)","date_build":"1909 р.","num_ohor_build":"1604","moid":"9505408689319376","geom":null,"note":null,"editor_id":null,"uid":null,"editor_date":null}},{"type":"Feature","geometry":null,"properties":{"address":"Костюшка 11","name_build":"уч.корпус інституту (банк Крайовий)","date_build":"1893 р.","num_ohor_build":"1605","moid":"9505408689319377","geom":null,"note":null,"editor_id":null,"uid":null,"editor_date":null}},{"type":"Feature","geometry":{"type":"Point","coordinates":[24.029588702,49.838083874]},"properties":{"address":"Ковжуна П. 1","name_build":"житл.-адм.буд.","date_build":"XIX ст.","num_ohor_build":"277","moid":"9505408689188206","geom":{"type":"Point","coordinates":[24.029588701529192,49.838083874310215]},"note":null,"editor_id":null,"uid":null,"editor_date":null}},{"type":"Feature","geometry":{"type":"Point","coordinates":[24.02927571,49.837751865]},"properties":{"address":"Ковжуна П. 4","name_build":"житл. буд. (друкарня)","date_build":"1911-1925 рр.","num_ohor_build":"1663","moid":"9505408689188207","geom":{"type":"Point","coordinates":[24.029275710269534,49.8377518651967]},"note":null,"editor_id":null,"uid":null,"editor_date":null}},{"type":"Feature","geometry":{"type":"Point","coordinates":[24.029931748,49.836807861]},"properties":{"address":"Ковжуна П. 10","name_build":"друкарня видавничий комбінат (друкарня)","date_build":"1925 р.","num_ohor_build":"1034","moid":"9505408689188208","geom":{"type":"Point","coordinates":[24.029931747771275,49.836807861296954]},"note":null,"editor_id":null,"uid":null,"editor_date":null}},{"type":"Feature","geometry":null,"properties":{"address":"Ковжуна П. 11","name_build":"уч.корпус інституту фізкультури (адм.буд. товариства \"Сокіл\")","date_build":"1907 р.","num_ohor_build":"278","moid":"9505408689188209","geom":null,"note":null,"editor_id":null,"uid":null,"editor_date":null}},{"type":"Feature","geometry":{"type":"Point","coordinates":[24.004033701,49.831960425]},"properties":{"address":"Кокорудза І. 9","name_build":"школа","date_build":"1934 р.","num_ohor_build":"1644","moid":"9505408689188210","geom":{"type":"Point","coordinates":[24.00403370100197,49.831960424554126]},"note":null,"editor_id":null,"uid":null,"editor_date":null}},{"type":"Feature","geometry":{"type":"Point","coordinates":[24.003367698,49.831900414]},"properties":{"address":"Кокорудза І. 14","name_build":"житл. буд.","date_build":"1912 р.","num_ohor_build":"2171","moid":"9505408689188211","geom":{"type":"Point","coordinates":[24.003367697603554,49.83190041422912]},"note":null,"editor_id":null,"uid":null,"editor_date":null}},{"type":"Feature","geometry":null,"properties":{"address":"Коліївщини пл. 1","name_build":"житл. буд.","date_build":"XVIII ст.","num_ohor_build":"940","moid":"9505408689188212","geom":null,"note":null,"editor_id":null,"uid":null,"editor_date":null}},{"type":"Feature","geometry":{"type":"Point","coordinates":[24.016035741,49.833663619]},"properties":{"address":"Кольберга О. 4","name_build":"житл. буд.","date_build":"1889 р.","num_ohor_build":"380","moid":"9505408689188213","geom":{"type":"Point","coordinates":[24.016035741124202,49.83366361933701]},"note":null,"editor_id":null,"uid":null,"editor_date":null}},{"type":"Feature","geometry":{"type":"Point","coordinates":[24.016191746,49.83354362]},"properties":{"address":"Кольберга О. 6","name_build":"житл. буд.","date_build":"1889 р.","num_ohor_build":"381","moid":"9505408689188214","geom":{"type":"Point","coordinates":[24.016191746483827,49.8335436198756]},"note":null,"editor_id":null,"uid":null,"editor_date":null}},{"type":"Feature","geometry":{"type":"Point","coordinates":[24.016221751,49.833407618]},"properties":{"address":"Кольберга О. 8","name_build":"вілла","date_build":"кін. XIX ст.","num_ohor_build":"2634","moid":"9505408689188215","geom":{"type":"Point","coordinates":[24.01622175135786,49.833407618395654]},"note":null,"editor_id":null,"uid":null,"editor_date":null}},{"type":"Feature","geometry":{"type":"Point","coordinates":[24.038956846,49.83610098]},"properties":{"address":"Кониського О. 4а","name_build":"житл. буд.","date_build":"1908 р.","num_ohor_build":"2129","moid":"9505408689188216","geom":{"type":"Point","coordinates":[24.038956845708846,49.836100979882346]},"note":null,"editor_id":null,"uid":null,"editor_date":null}},{"type":"Feature","geometry":{"type":"Point","coordinates":[24.038595844,49.836059974]},"properties":{"address":"Кониського О. 6","name_build":"житл. буд.","date_build":"поч. XX ст.","num_ohor_build":"2130","moid":"9505408689188217","geom":{"type":"Point","coordinates":[24.038595844148613,49.83605997416725]},"note":null,"editor_id":null,"uid":null,"editor_date":null}},{"type":"Feature","geometry":{"type":"Point","coordinates":[24.009275667,49.834207531]},"properties":{"address":"Коновальця Є. 3","name_build":"житл. буд.","date_build":"XIX ст.","num_ohor_build":"416","moid":"9505408689188218","geom":{"type":"Point","coordinates":[24.009275667353176,49.8342075307048]},"note":null,"editor_id":null,"uid":null,"editor_date":null}},{"type":"Feature","geometry":{"type":"Point","coordinates":[24.00778769,49.833190495]},"properties":{"address":"Коновальця Є. 11б","name_build":"житл. буд.","date_build":"поч. XX ст.","num_ohor_build":"1105","moid":"9505408689188219","geom":{"type":"Point","coordinates":[24.007787689809295,49.83319049525615]},"note":null,"editor_id":null,"uid":null,"editor_date":null}},{"type":"Feature","geometry":null,"properties":{"address":"Коновальця Є. 13","name_build":"житл. буд.","date_build":"XIX ст.","num_ohor_build":"417","moid":"9505408689188220","geom":null,"note":null,"editor_id":null,"uid":null,"editor_date":null}},{"type":"Feature","geometry":{"type":"Point","coordinates":[24.007587691,49.833112491]},"properties":{"address":"Коновальця Є. 15","name_build":"житл. буд.","date_build":"1907-1910 рр.","num_ohor_build":"1106","moid":"9505408689188221","geom":{"type":"Point","coordinates":[24.007587690829876,49.833112491314516]},"note":null,"editor_id":null,"uid":null,"editor_date":null}},{"type":"Feature","geometry":{"type":"Point","coordinates":[24.006920682,49.833217483]},"properties":{"address":"Коновальця Є. 16","name_build":"вілла (вілла Браунзейса)","date_build":"1902 р.","num_ohor_build":"2635","moid":"9505408689188222","geom":{"type":"Point","coordinates":[24.00692068180606,49.833217483288685]},"note":null,"editor_id":null,"uid":null,"editor_date":null}},{"type":"Feature","geometry":{"type":"Point","coordinates":[24.006741684,49.833114479]},"properties":{"address":"Коновальця Є. 18","name_build":"житл. буд.","date_build":"1909 р.","num_ohor_build":"2243","moid":"9505408689188223","geom":{"type":"Point","coordinates":[24.00674168384924,49.83311447929559]},"note":null,"editor_id":null,"uid":null,"editor_date":null}},{"type":"Feature","geometry":{"type":"Point","coordinates":[24.006597686,49.833024476]},"properties":{"address":"Коновальця Є. 20","name_build":"лікарня 5-та міська (житл. буд.)","date_build":"поч. XX ст.","num_ohor_build":"1107","moid":"9505408689188224","geom":{"type":"Point","coordinates":[24.00659768573591,49.83302447598315]},"note":null,"editor_id":null,"uid":null,"editor_date":null}},{"type":"Feature","geometry":{"type":"Point","coordinates":[24.006268709,49.83225246]},"properties":{"address":"Коновальця Є. 27","name_build":"житл. буд. (вілла Бромільських)","date_build":"1898-1899 рр.","num_ohor_build":"418","moid":"9505408689188225","geom":{"type":"Point","coordinates":[24.006268709323102,49.83225246047424]},"note":null,"editor_id":null,"uid":null,"editor_date":null}},{"type":"Feature","geometry":{"type":"Point","coordinates":[24.004840708,49.831937436]},"properties":{"address":"Коновальця Є. 34","name_build":"житл. буд.","date_build":"поч. XX ст.","num_ohor_build":"1108","moid":"9505408689188226","geom":{"type":"Point","coordinates":[24.00484070837737,49.831937435723276]},"note":null,"editor_id":null,"uid":null,"editor_date":null}},{"type":"Feature","geometry":{"type":"Point","coordinates":[24.005051705,49.832074441]},"properties":{"address":"Коновальця Є. 36","name_build":"житл. буд.","date_build":"поч. XX ст.","num_ohor_build":"1109","moid":"9505408689188227","geom":{"type":"Point","coordinates":[24.005051705438436,49.83207444064866]},"note":null,"editor_id":null,"uid":null,"editor_date":null}},{"type":"Feature","geometry":{"type":"Point","coordinates":[24.00527472,49.831693438]},"properties":{"address":"Коновальця Є. 37","name_build":"житл. буд.","date_build":"1913-1914 рр.","num_ohor_build":"2244","moid":"9505408689188228","geom":{"type":"Point","coordinates":[24.005274720227252,49.83169343848238]},"note":null,"editor_id":null,"uid":null,"editor_date":null}},{"type":"Feature","geometry":{"type":"Point","coordinates":[24.004859727,49.831400428]},"properties":{"address":"Коновальця Є. 41","name_build":"житл. буд.","date_build":"1891 р.","num_ohor_build":"419","moid":"9505408689188229","geom":{"type":"Point","coordinates":[24.004859726808697,49.83140042846491]},"note":null,"editor_id":null,"uid":null,"editor_date":null}},{"type":"Feature","geometry":{"type":"Point","coordinates":[24.004099717,49.831520419]},"properties":{"address":"Коновальця Є. 44","name_build":"житл. буд.","date_build":"1910-1912 рр.","num_ohor_build":"1110","moid":"9505408689188230","geom":{"type":"Point","coordinates":[24.004099716516105,49.831520419325095]},"note":null,"editor_id":null,"uid":null,"editor_date":null}},{"type":"Feature","geometry":{"type":"Point","coordinates":[24.004503733,49.83114442]},"properties":{"address":"Коновальця Є. 45","name_build":"житл. буд.","date_build":"поч. XX ст.","num_ohor_build":"1111","moid":"9505408689188231","geom":{"type":"Point","coordinates":[24.00450373261289,49.831144419806385]},"note":null,"editor_id":null,"uid":null,"editor_date":null}},{"type":"Feature","geometry":{"type":"Point","coordinates":[24.004070738,49.83089641]},"properties":{"address":"Коновальця Є. 47","name_build":"лікарня диспансер лікувально-фізкультурний (вілла Юзефи Франц)","date_build":"1893 р.","num_ohor_build":"420","moid":"9505408689188232","geom":{"type":"Point","coordinates":[24.004070737515786,49.83089641016358]},"note":null,"editor_id":null,"uid":null,"editor_date":null}},{"type":"Feature","geometry":{"type":"Point","coordinates":[24.052400243,49.827668053]},"properties":{"address":"Азовська 3","name_build":"вілла","date_build":"30-ті XX ст.","num_ohor_build":"2536","moid":"9505408689057600","geom":{"type":"Point","coordinates":[24.05240024275534,49.827668052958536]},"note":null,"editor_id":null,"uid":null,"editor_date":null}},{"type":"Feature","geometry":{"type":"Point","coordinates":[24.017771525,49.840431739]},"properties":{"address":"Гоголя М. 4","name_build":"житл. буд. (житл. буд. банкіра О.Крайзера)","date_build":"1885-1887 рр.","num_ohor_build":"576","moid":"9505408689318971","geom":{"type":"Point","coordinates":[24.0177715249237,49.840431738967204]},"note":null,"editor_id":null,"uid":null,"editor_date":null}},{"type":"Feature","geometry":{"type":"Point","coordinates":[24.038391576,49.843880081]},"properties":{"address":"Гуцульська 11","name_build":"житл. буд.","date_build":"XIX ст.","num_ohor_build":"72","moid":"9505408688925831","geom":{"type":"Point","coordinates":[24.038391576259063,49.84388008096222]},"note":null,"editor_id":null,"uid":null,"editor_date":null}},{"type":"Feature","geometry":{"type":"Point","coordinates":[24.019119709,49.835343687]},"properties":{"address":"Дорошенка П. 77","name_build":"адм.буд.","date_build":"1911 р.","num_ohor_build":"742","moid":"9505408688925875","geom":{"type":"Point","coordinates":[24.019119709158538,49.83534368681039]},"note":null,"editor_id":null,"uid":null,"editor_date":null}},{"type":"Feature","geometry":{"type":"Point","coordinates":[24.004443506,49.837784512]},"properties":{"address":"Коротка 2","name_build":"житл. буд.","date_build":"1906-1907 рр.","num_ohor_build":"1603","moid":"9505408689319372","geom":{"type":"Point","coordinates":[24.004443506102483,49.837784512047676]},"note":null,"editor_id":null,"uid":null,"editor_date":null}},{"type":"Feature","geometry":null,"properties":{"address":"Котляревського Ів. 1","name_build":"житл. буд.","date_build":"1893 р.","num_ohor_build":"595","moid":"9505408689319379","geom":null,"note":null,"editor_id":null,"uid":null,"editor_date":null}},{"type":"Feature","geometry":null,"properties":{"address":"Котляревського Ів. 3","name_build":"житл. буд.","date_build":"1904 р.","num_ohor_build":"1264","moid":"9505408689319380","geom":null,"note":null,"editor_id":null,"uid":null,"editor_date":null}},{"type":"Feature","geometry":null,"properties":{"address":"Котляревського Ів. 4","name_build":"вілла","date_build":"1840 р.","num_ohor_build":"108","moid":"9505408689319381","geom":null,"note":null,"editor_id":null,"uid":null,"editor_date":null}},{"type":"Feature","geometry":null,"properties":{"address":"Котляревського Ів. 8","name_build":"житл. буд.","date_build":"1910 р.","num_ohor_build":"109","moid":"9505408689319382","geom":null,"note":null,"editor_id":null,"uid":null,"editor_date":null}},{"type":"Feature","geometry":null,"properties":{"address":"Котляревського Ів. 9","name_build":"житл. буд.","date_build":"1911 р.","num_ohor_build":"1265","moid":"9505408689319383","geom":null,"note":null,"editor_id":null,"uid":null,"editor_date":null}},{"type":"Feature","geometry":null,"properties":{"address":"Котляревського Ів. 11","name_build":"житл. буд.","date_build":"1911 р.","num_ohor_build":"1266","moid":"9505408689319384","geom":null,"note":null,"editor_id":null,"uid":null,"editor_date":null}},{"type":"Feature","geometry":null,"properties":{"address":"Котляревського Ів. 15","name_build":"житл. буд.","date_build":"поч. XX ст.","num_ohor_build":"933","moid":"9505408689319385","geom":null,"note":null,"editor_id":null,"uid":null,"editor_date":null}},{"type":"Feature","geometry":null,"properties":{"address":"Котляревського Ів. 17","name_build":"житл. буд.","date_build":"1910 р.","num_ohor_build":"1267","moid":"9505408689319386","geom":null,"note":null,"editor_id":null,"uid":null,"editor_date":null}},{"type":"Feature","geometry":null,"properties":{"address":"Котляревського Ів. 19","name_build":"житл. буд.","date_build":"1910 р.","num_ohor_build":"1268","moid":"9505408689319387","geom":null,"note":null,"editor_id":null,"uid":null,"editor_date":null}},{"type":"Feature","geometry":null,"properties":{"address":"Котляревського Ів. 21","name_build":"житл. буд.","date_build":"1910 р.","num_ohor_build":"1269","moid":"9505408689319388","geom":null,"note":null,"editor_id":null,"uid":null,"editor_date":null}},{"type":"Feature","geometry":null,"properties":{"address":"Котляревського Ів. 22","name_build":"житл. буд. (житл. буд. \"Під павою\")","date_build":"1898 р.","num_ohor_build":"596","moid":"9505408689319389","geom":null,"note":null,"editor_id":null,"uid":null,"editor_date":null}},{"type":"Feature","geometry":null,"properties":{"address":"Котляревського Ів. 24","name_build":"житл. буд. ","date_build":"1893-1898 рр.","num_ohor_build":"110","moid":"9505408689319390","geom":null,"note":null,"editor_id":null,"uid":null,"editor_date":null}},{"type":"Feature","geometry":null,"properties":{"address":"Котляревського Ів. 25","name_build":"житл. буд.","date_build":"1908-1909 рр.","num_ohor_build":"934","moid":"9505408689319391","geom":null,"note":null,"editor_id":null,"uid":null,"editor_date":null}},{"type":"Feature","geometry":null,"properties":{"address":"Котляревського Ів. 26","name_build":"житл. буд.","date_build":"1905 р.","num_ohor_build":"111","moid":"9505408689319392","geom":null,"note":null,"editor_id":null,"uid":null,"editor_date":null}},{"type":"Feature","geometry":null,"properties":{"address":"Котляревського Ів. 26а","name_build":"житл. буд.","date_build":"1905 р.","num_ohor_build":"597","moid":"9505408689319393","geom":null,"note":null,"editor_id":null,"uid":null,"editor_date":null}},{"type":"Feature","geometry":null,"properties":{"address":"Котляревського Ів. 27","name_build":"житл. буд. (житл. буд. Розвадовського)","date_build":"1906 р.","num_ohor_build":"598","moid":"9505408689319394","geom":null,"note":null,"editor_id":null,"uid":null,"editor_date":null}},{"type":"Feature","geometry":null,"properties":{"address":"Котляревського Ів. 29","name_build":"житл. буд.","date_build":"1891-1892 рр.","num_ohor_build":"1270","moid":"9505408689319395","geom":null,"note":null,"editor_id":null,"uid":null,"editor_date":null}},{"type":"Feature","geometry":null,"properties":{"address":"Котляревського Ів. 32","name_build":"житл. буд. (житл. буд. – кам’яниця Шуберта)","date_build":"1934-1936 рр.","num_ohor_build":"112","moid":"9505408689319396","geom":null,"note":null,"editor_id":null,"uid":null,"editor_date":null}},{"type":"Feature","geometry":null,"properties":{"address":"Котляревського Ів. 33","name_build":"житл. буд.","date_build":"1892 р.","num_ohor_build":"1271","moid":"9505408689319397","geom":null,"note":null,"editor_id":null,"uid":null,"editor_date":null}},{"type":"Feature","geometry":null,"properties":{"address":"Котляревського Ів. 37","name_build":"житл. буд.","date_build":"1913 р.","num_ohor_build":"935","moid":"9505408689319398","geom":null,"note":null,"editor_id":null,"uid":null,"editor_date":null}},{"type":"Feature","geometry":null,"properties":{"address":"Котляревського Ів. 37а","name_build":"житл. буд.","date_build":"поч. XX ст.","num_ohor_build":"936","moid":"9505408689319399","geom":null,"note":null,"editor_id":null,"uid":null,"editor_date":null}},{"type":"Feature","geometry":null,"properties":{"address":"Котляревського Ів. 40","name_build":"житл. буд.","date_build":"1936 р.","num_ohor_build":"113","moid":"9505408689319400","geom":null,"note":null,"editor_id":null,"uid":null,"editor_date":null}},{"type":"Feature","geometry":null,"properties":{"address":"Котляревського Ів. 41","name_build":"житл. буд. (житл. буд. родини Дашек)","date_build":"1897-1899 рр.","num_ohor_build":"1272","moid":"9505408689319401","geom":null,"note":null,"editor_id":null,"uid":null,"editor_date":null}},{"type":"Feature","geometry":null,"properties":{"address":"Котляревського Ів. 42","name_build":"житл. буд.","date_build":"1937 р.","num_ohor_build":"114","moid":"9505408689319402","geom":null,"note":null,"editor_id":null,"uid":null,"editor_date":null}},{"type":"Feature","geometry":null,"properties":{"address":"Котляревського Ів. 44","name_build":"житл. буд.","date_build":"1936-1937 рр.","num_ohor_build":"115","moid":"9505408689319403","geom":null,"note":null,"editor_id":null,"uid":null,"editor_date":null}},{"type":"Feature","geometry":null,"properties":{"address":"Котляревського Ів. 47","name_build":"житл. буд.","date_build":"1904-1906 рр.","num_ohor_build":"116","moid":"9505408689319404","geom":null,"note":null,"editor_id":null,"uid":null,"editor_date":null}},{"type":"Feature","geometry":null,"properties":{"address":"Котляревського Ів. 53","name_build":"лікарня міська для невиліковно хворих (житл. буд.)","date_build":"1935 р.","num_ohor_build":"1273","moid":"9505408689319405","geom":null,"note":null,"editor_id":null,"uid":null,"editor_date":null}},{"type":"Feature","geometry":null,"properties":{"address":"Котляревського Ів. 53а","name_build":"житл. буд.","date_build":"поч. XX ст.","num_ohor_build":"2144","moid":"9505408689319406","geom":null,"note":null,"editor_id":null,"uid":null,"editor_date":null}},{"type":"Feature","geometry":null,"properties":{"address":"Котляревського Ів. 53б","name_build":"житл. буд.","date_build":"1938 р.","num_ohor_build":"1614","moid":"9505408689319407","geom":null,"note":null,"editor_id":null,"uid":null,"editor_date":null}},{"type":"Feature","geometry":null,"properties":{"address":"Котляревського Ів. 53ц","name_build":"житл. буд.","date_build":"1937 р.","num_ohor_build":"1615","moid":"9505408689319408","geom":null,"note":null,"editor_id":null,"uid":null,"editor_date":null}},{"type":"Feature","geometry":null,"properties":{"address":"Котляревського Ів. 63","name_build":"житл. буд.","date_build":"1936 р.","num_ohor_build":"117","moid":"9505408689319409","geom":null,"note":null,"editor_id":null,"uid":null,"editor_date":null}},{"type":"Feature","geometry":null,"properties":{"address":"Котляревського Ів. 67","name_build":"житл. буд.","date_build":"1911 р.","num_ohor_build":"118","moid":"9505408689319410","geom":null,"note":null,"editor_id":null,"uid":null,"editor_date":null}},{"type":"Feature","geometry":{"type":"Point","coordinates":[24.065099942,49.839552401]},"properties":{"address":"Коцка А. 4","name_build":"вілла","date_build":"поч. XX ст.","num_ohor_build":"2126","moid":"9505408689319411","geom":{"type":"Point","coordinates":[24.06509994247954,49.83955240051111]},"note":null,"editor_id":null,"uid":null,"editor_date":null}},{"type":"Feature","geometry":{"type":"Point","coordinates":[24.065071939,49.839648401]},"properties":{"address":"Коцка А. 6","name_build":"вілла","date_build":"поч. XX ст.","num_ohor_build":"2127","moid":"9505408689319412","geom":{"type":"Point","coordinates":[24.065071938982282,49.83964840145972]},"note":null,"editor_id":null,"uid":null,"editor_date":null}},{"type":"Feature","geometry":{"type":"Point","coordinates":[24.065045936,49.839744402]},"properties":{"address":"Коцка А. 8","name_build":"вілла","date_build":"поч. XX ст.","num_ohor_build":"2128","moid":"9505408689319413","geom":{"type":"Point","coordinates":[24.065045935501413,49.83974440243679]},"note":null,"editor_id":null,"uid":null,"editor_date":null}},{"type":"Feature","geometry":{"type":"Point","coordinates":[24.02975198,49.829951763]},"properties":{"address":"Коцюбинського М. 1","name_build":"житл. буд.","date_build":"поч. XX ст.","num_ohor_build":"1274","moid":"9505408689319414","geom":{"type":"Point","coordinates":[24.029751979624,49.82995176257341]},"note":null,"editor_id":null,"uid":null,"editor_date":null}},{"type":"Feature","geometry":{"type":"Point","coordinates":[24.029489974,49.83004776]},"properties":{"address":"Коцюбинського М. 3","name_build":"житл. буд.","date_build":"1905 р.","num_ohor_build":"599","moid":"9505408689319415","geom":{"type":"Point","coordinates":[24.029489974213906,49.830047760189615]},"note":null,"editor_id":null,"uid":null,"editor_date":null}},{"type":"Feature","geometry":{"type":"Point","coordinates":[24.02919597,49.830111757]},"properties":{"address":"Коцюбинського М. 5","name_build":"житл. буд.","date_build":"1906 р.","num_ohor_build":"600","moid":"9505408689319416","geom":{"type":"Point","coordinates":[24.02919596963085,49.83011175690141]},"note":null,"editor_id":null,"uid":null,"editor_date":null}},{"type":"Feature","geometry":{"type":"Point","coordinates":[24.029651966,49.830319766]},"properties":{"address":"Коцюбинського М. 8","name_build":"житл. буд.","date_build":"1904 р.","num_ohor_build":"601","moid":"9505408689319417","geom":{"type":"Point","coordinates":[24.029651966284213,49.83031976631103]},"note":null,"editor_id":null,"uid":null,"editor_date":null}},{"type":"Feature","geometry":{"type":"Point","coordinates":[24.029433962,49.830399764]},"properties":{"address":"Коцюбинського М. 10","name_build":"житл. буд.","date_build":"поч. XX ст.","num_ohor_build":"1275","moid":"9505408689319418","geom":{"type":"Point","coordinates":[24.02943396177847,49.83039976432928]},"note":null,"editor_id":null,"uid":null,"editor_date":null}},{"type":"Feature","geometry":{"type":"Point","coordinates":[24.028179952,49.830375746]},"properties":{"address":"Коцюбинського М. 11","name_build":"житл. буд.","date_build":"1927-1929 рр.","num_ohor_build":"1276","moid":"9505408689319419","geom":{"type":"Point","coordinates":[24.028179952335666,49.83037574613868]},"note":null,"editor_id":null,"uid":null,"editor_date":null}},{"type":"Feature","geometry":{"type":"Point","coordinates":[24.027879954,49.83026474]},"properties":{"address":"Коцюбинського М. 11а","name_build":"житл. буд.","date_build":"1927-1929 рр.","num_ohor_build":"1601","moid":"9505408689319420","geom":{"type":"Point","coordinates":[24.027879953658342,49.83026474031056]},"note":null,"editor_id":null,"uid":null,"editor_date":null}},{"type":"Feature","geometry":{"type":"Point","coordinates":[24.027817945,49.830499743]},"properties":{"address":"Коцюбинського М. 13","name_build":"житл. буд.","date_build":"1927-1929 рр.","num_ohor_build":"1601","moid":"9505408688926205","geom":{"type":"Point","coordinates":[24.027817945154798,49.83049974272373]},"note":null,"editor_id":null,"uid":null,"editor_date":null}},{"type":"Feature","geometry":{"type":"Point","coordinates":[24.026319932,49.830527722]},"properties":{"address":"Коцюбинського М. 21","name_build":"житл. буд. гуртожиток Поліграфічного ін-ту (гром.буд. Руський академічний будинок)","date_build":"1905 р.","num_ohor_build":"1277","moid":"9505408688926206","geom":{"type":"Point","coordinates":[24.02631993194762,49.83052772178817]},"note":null,"editor_id":null,"uid":null,"editor_date":null}},{"type":"Feature","geometry":{"type":"Point","coordinates":[24.026145911,49.831091727]},"properties":{"address":"Коцюбинського М. 23","name_build":"житл. буд. (адм.буд. Рідна школа)","date_build":"1924 р.","num_ohor_build":"602","moid":"9505408688926207","geom":{"type":"Point","coordinates":[24.026145911332453,49.83109172722077]},"note":null,"editor_id":null,"uid":null,"editor_date":null}},{"type":"Feature","geometry":{"type":"Point","coordinates":[24.027563927,49.830975746]},"properties":{"address":"Коцюбинського М. 26","name_build":"житл. буд.","date_build":"поч. XX ст.","num_ohor_build":"2141","moid":"9505408688926208","geom":{"type":"Point","coordinates":[24.0275639268797,49.830975745783284]},"note":null,"editor_id":null,"uid":null,"editor_date":null}},{"type":"Feature","geometry":{"type":"Point","coordinates":[24.030248534,49.843151955]},"properties":{"address":"Краківська 14","name_build":"житл. буд. (житл. буд. \"кам’яниця Брамівська\")","date_build":"1776 р.","num_ohor_build":"120","moid":"9505408688926217","geom":{"type":"Point","coordinates":[24.0302485343842,49.84315195479382]},"note":null,"editor_id":null,"uid":null,"editor_date":null}},{"type":"Feature","geometry":{"type":"Point","coordinates":[24.030076524,49.843409956]},"properties":{"address":"Краківська 18","name_build":"житл. буд.","date_build":"XIX ст.","num_ohor_build":"959","moid":"9505408688926218","geom":{"type":"Point","coordinates":[24.030076524191227,49.843409955963324]},"note":null,"editor_id":null,"uid":null,"editor_date":null}},{"type":"Feature","geometry":{"type":"Point","coordinates":[24.030052521,49.843491957]},"properties":{"address":"Краківська 20","name_build":"житл. буд.","date_build":"XVII ст.","num_ohor_build":"960","moid":"9505408688926219","geom":{"type":"Point","coordinates":[24.030052521202563,49.84349195677174]},"note":null,"editor_id":null,"uid":null,"editor_date":null}},{"type":"Feature","geometry":null,"properties":{"address":"акад. Кравчука М. 4","name_build":"житл. буд.","date_build":"1905-1906 рр.","num_ohor_build":"1071","moid":"9505408688926210","geom":null,"note":null,"editor_id":null,"uid":null,"editor_date":null}},{"type":"Feature","geometry":null,"properties":{"address":"акад. Кравчука М. 8","name_build":"житл. буд.","date_build":"1906-1907 рр.","num_ohor_build":"1073","moid":"9505408688926212","geom":null,"note":null,"editor_id":null,"uid":null,"editor_date":null}},{"type":"Feature","geometry":null,"properties":{"address":"акад. Кравчука М. 10","name_build":"житл. буд.","date_build":"1906-1907 рр.","num_ohor_build":"1074","moid":"9505408688926213","geom":null,"note":null,"editor_id":null,"uid":null,"editor_date":null}},{"type":"Feature","geometry":null,"properties":{"address":"акад. Кравчука М. 12","name_build":"житл. буд.","date_build":"1906-1907 рр.","num_ohor_build":"1075","moid":"9505408688926214","geom":null,"note":null,"editor_id":null,"uid":null,"editor_date":null}},{"type":"Feature","geometry":null,"properties":{"address":"Краківська 11","name_build":"житл. буд.","date_build":"XVIII ст.","num_ohor_build":"119","moid":"9505408688926216","geom":null,"note":null,"editor_id":null,"uid":null,"editor_date":null}},{"type":"Feature","geometry":null,"properties":{"address":"(парні номери будинків)","name_build":"вілла","date_build":"Wed, 29 Jun 2016 00:00:00 GMT","num_ohor_build":null,"moid":"9505408691416275","geom":null,"note":"","editor_id":null,"uid":null,"editor_date":null}}]}
