{"type":"FeatureCollection","features":[{"type":"Feature","geometry":{"type":"Point","coordinates":[24.013402938,49.830449268]},"properties":{"moid":"3181382204366260017","id":1,"geom":{"type":"Point","coordinates":[24.0134029380145,49.8304492681399]},"x":24.0134029380145,"y":49.8304492681399,"street":"Кастелівка","housenum":"18","editor_id":null,"uid":null,"editor_date":null,"cdate":"2023-08-31T08:25:34","settlement":"Львів","district":"Франківський","street_type":"вулиця","address_coment":null,"object_type":"дитячий","object_area":"450","object_comment":"наявне/стан задовільний","holder":"ЛКП \"Вулецьке\"","holder_id":"20813567"}},{"type":"Feature","geometry":{"type":"Point","coordinates":[24.007122151,49.828238951]},"properties":{"moid":"3181382204374648626","id":2,"geom":{"type":"Point","coordinates":[24.007122151082,49.8282389507646]},"x":24.007122151082,"y":49.8282389507646,"street":"Природна","housenum":"1","editor_id":null,"uid":null,"editor_date":null,"cdate":"2023-08-31T08:25:34","settlement":"Львів","district":"Франківський","street_type":"вулиця","address_coment":"вул. Природна, 1 - вул. Природна, 3","object_type":"дитячий","object_area":"480","object_comment":"наявне/стан задовільний","holder":"ЛКП \"Вулецьке\"","holder_id":"20813567"}},{"type":"Feature","geometry":{"type":"Point","coordinates":[24.0159182,49.832107773]},"properties":{"moid":"3181382204374648627","id":3,"geom":{"type":"Point","coordinates":[24.0159181999168,49.8321077726148]},"x":24.0159181999168,"y":49.8321077726148,"street":"Богуна І.","housenum":"12","editor_id":null,"uid":null,"editor_date":null,"cdate":"2023-08-31T08:25:34","settlement":"Львів","district":"Франківський","street_type":"вулиця","address_coment":null,"object_type":"дитячий","object_area":"660","object_comment":"наявне/стан задовільний","holder":"ЛКП \"Вулецьке\"","holder_id":"20813567"}},{"type":"Feature","geometry":{"type":"Point","coordinates":[24.000189002,49.821279208]},"properties":{"moid":"3181382204374648628","id":4,"geom":{"type":"Point","coordinates":[24.0001890015648,49.8212792078416]},"x":24.0001890015648,"y":49.8212792078416,"street":"Рудницького С., акад.","housenum":"39","editor_id":null,"uid":null,"editor_date":null,"cdate":"2023-08-31T08:25:34","settlement":"Львів","district":"Франківський","street_type":"вулиця","address_coment":null,"object_type":"дитячий","object_area":"120","object_comment":"наявне/стан задовільний","holder":"ЛКП \"Вулецьке\"","holder_id":"20813567"}},{"type":"Feature","geometry":{"type":"Point","coordinates":[23.997767652,49.821894377]},"properties":{"moid":"3181382204374648629","id":5,"geom":{"type":"Point","coordinates":[23.997767652447,49.8218943768495]},"x":23.997767652447,"y":49.8218943768495,"street":"Рудницького С., акад.","housenum":"25","editor_id":null,"uid":null,"editor_date":null,"cdate":"2023-08-31T08:25:34","settlement":"Львів","district":"Франківський","street_type":"вулиця","address_coment":null,"object_type":"дитячий","object_area":"140","object_comment":"наявне/стан задовільний","holder":"ЛКП \"Вулецьке\"","holder_id":"20813567"}},{"type":"Feature","geometry":{"type":"Point","coordinates":[23.99839864,49.821722947]},"properties":{"moid":"3181382204374648630","id":6,"geom":{"type":"Point","coordinates":[23.9983986398856,49.8217229465359]},"x":23.9983986398856,"y":49.8217229465359,"street":"Рудницького С., акад.","housenum":"29","editor_id":null,"uid":null,"editor_date":null,"cdate":"2023-08-31T08:25:34","settlement":"Львів","district":"Франківський","street_type":"вулиця","address_coment":null,"object_type":"дитячий","object_area":"120","object_comment":"наявне/стан задовільний","holder":"ЛКП \"Вулецьке\"","holder_id":"20813567"}},{"type":"Feature","geometry":{"type":"Point","coordinates":[24.006194532,49.823430689]},"properties":{"moid":"3181382204383037239","id":7,"geom":{"type":"Point","coordinates":[24.0061945317991,49.8234306894086]},"x":24.0061945317991,"y":49.8234306894086,"street":"Княгині Ольги","housenum":"34а","editor_id":null,"uid":null,"editor_date":null,"cdate":"2023-08-31T08:25:34","settlement":"Львів","district":"Франківський","street_type":"вулиця","address_coment":null,"object_type":"дитячий","object_area":"1375","object_comment":"наявне/стан задовільний","holder":"ЛКП \"Вулецьке\"","holder_id":"20813567"}},{"type":"Feature","geometry":{"type":"Point","coordinates":[24.004243404,49.828553726]},"properties":{"moid":"3181382204383037240","id":8,"geom":{"type":"Point","coordinates":[24.0042434036926,49.8285537256066]},"x":24.0042434036926,"y":49.8285537256066,"street":"Квітнева","housenum":"5","editor_id":null,"uid":null,"editor_date":null,"cdate":"2023-08-31T08:25:34","settlement":"Львів","district":"Франківський","street_type":"вулиця","address_coment":"вул. Квітнева, 5 - вул. Чупринки Т., ген., 84","object_type":"дитячий","object_area":"990","object_comment":"наявне/потребує доукомплектування","holder":"ЛКП \"Вулецьке\"","holder_id":"20813567"}},{"type":"Feature","geometry":{"type":"Point","coordinates":[24.008010436,49.829654225]},"properties":{"moid":"3181382204383037241","id":9,"geom":{"type":"Point","coordinates":[24.0080104360305,49.8296542245758]},"x":24.0080104360305,"y":49.8296542245758,"street":"Горбачевського І.","housenum":"4","editor_id":null,"uid":null,"editor_date":null,"cdate":"2023-08-31T08:25:34","settlement":"Львів","district":"Франківський","street_type":"вулиця","address_coment":"вул. Горбачевського І., 4 - вул. Чупринки Т., ген., 59","object_type":"дитячий","object_area":"150","object_comment":"наявне/стан задовільний","holder":"ЛКП \"Вулецьке\"","holder_id":"20813567"}},{"type":"Feature","geometry":{"type":"Point","coordinates":[24.006590614,49.831545125]},"properties":{"moid":"3181382204383037242","id":10,"geom":{"type":"Point","coordinates":[24.0065906142275,49.8315451250574]},"x":24.0065906142275,"y":49.8315451250574,"street":"Єфремова С., акад.","housenum":"37","editor_id":null,"uid":null,"editor_date":null,"cdate":"2023-08-31T08:25:34","settlement":"Львів","district":"Франківський","street_type":"вулиця","address_coment":"вул. Єфремова С., акад., 37 - вул. Кука В., 13","object_type":"дитячий","object_area":"124","object_comment":"наявне/стан задовільний","holder":"ЛКП \"Вулецьке\"","holder_id":"20813567"}},{"type":"Feature","geometry":{"type":"Point","coordinates":[24.010011289,49.831436909]},"properties":{"moid":"3181382204383037243","id":11,"geom":{"type":"Point","coordinates":[24.0100112890213,49.8314369085534]},"x":24.0100112890213,"y":49.8314369085534,"street":"Чупринки Т., ген.","housenum":"54","editor_id":null,"uid":null,"editor_date":null,"cdate":"2023-08-31T08:25:34","settlement":"Львів","district":"Франківський","street_type":"вулиця","address_coment":"вул. Чупринки Т., ген., 54 - вул. Чупринки Т., ген., 58а","object_type":"дитячо-спортивний","object_area":"440","object_comment":"потребує укомплектування","holder":"ЛКП \"Вулецьке\"","holder_id":"20813567"}},{"type":"Feature","geometry":{"type":"Point","coordinates":[24.007493286,49.824791038]},"properties":{"moid":"3181382204383037244","id":12,"geom":{"type":"Point","coordinates":[24.0074932864429,49.8247910379606]},"x":24.0074932864429,"y":49.8247910379606,"street":"Княгині Ольги","housenum":"16","editor_id":null,"uid":null,"editor_date":null,"cdate":"2023-08-31T08:25:34","settlement":"Львів","district":"Франківський","street_type":"вулиця","address_coment":null,"object_type":"дитячий","object_area":"370","object_comment":"наявне/стан задовільний","holder":"ЛКП \"Вулецьке\"","holder_id":"20813567"}},{"type":"Feature","geometry":{"type":"Point","coordinates":[24.007637267,49.827786416]},"properties":{"moid":"3181382204383037245","id":13,"geom":{"type":"Point","coordinates":[24.0076372667623,49.8277864159915]},"x":24.0076372667623,"y":49.8277864159915,"street":"Моршинська","housenum":"12","editor_id":null,"uid":null,"editor_date":null,"cdate":"2023-08-31T08:25:34","settlement":"Львів","district":"Франківський","street_type":"вулиця","address_coment":"вул. Моршинська, 12 - вул. Природна, 5а","object_type":"спортивний","object_area":"440","object_comment":"потребує укомплектування","holder":"ЛКП \"Вулецьке\"","holder_id":"20813567"}},{"type":"Feature","geometry":{"type":"Point","coordinates":[24.019500938,49.819200479]},"properties":{"moid":"3181382204383037246","id":14,"geom":{"type":"Point","coordinates":[24.019500938273,49.8192004794374]},"x":24.019500938273,"y":49.8192004794374,"street":"Стрийська","housenum":"80","editor_id":null,"uid":null,"editor_date":null,"cdate":"2023-08-31T08:25:34","settlement":"Львів","district":"Франківський","street_type":"вулиця","address_coment":null,"object_type":"дитячий","object_area":"315","object_comment":"наявне/стан задовільний","holder":"ЛКП \"Вулецьке\"","holder_id":"20813567"}},{"type":"Feature","geometry":{"type":"Point","coordinates":[24.010463122,49.825443325]},"properties":{"moid":"3181382204383037247","id":15,"geom":{"type":"Point","coordinates":[24.0104631221586,49.825443325307]},"x":24.0104631221586,"y":49.825443325307,"street":"Сахарова А., акад.","housenum":"56","editor_id":null,"uid":null,"editor_date":null,"cdate":"2023-08-31T08:25:34","settlement":"Львів","district":"Франківський","street_type":"вулиця","address_coment":null,"object_type":"дитячий","object_area":"210","object_comment":"наявне/стан задовільний","holder":"ЛКП \"Вулецьке\"","holder_id":"20813567"}},{"type":"Feature","geometry":{"type":"Point","coordinates":[24.016565296,49.828775872]},"properties":{"moid":"3181382204383037248","id":16,"geom":{"type":"Point","coordinates":[24.0165652956947,49.8287758716364]},"x":24.0165652956947,"y":49.8287758716364,"street":"Карпинця І.","housenum":"6","editor_id":null,"uid":null,"editor_date":null,"cdate":"2023-08-31T08:25:34","settlement":"Львів","district":"Франківський","street_type":"вулиця","address_coment":null,"object_type":"дитячий","object_area":"240","object_comment":"наявне/стан задовільний","holder":"ЛКП \"Вулецьке\"","holder_id":"20813567"}},{"type":"Feature","geometry":{"type":"Point","coordinates":[24.003683481,49.810576122]},"properties":{"moid":"3181382204383037249","id":17,"geom":{"type":"Point","coordinates":[24.0036834808043,49.8105761223741]},"x":24.0036834808043,"y":49.8105761223741,"street":"Володимира Великого","housenum":"16","editor_id":null,"uid":null,"editor_date":null,"cdate":"2023-08-31T08:25:34","settlement":"Львів","district":"Франківський","street_type":"вулиця","address_coment":null,"object_type":"дитячий","object_area":"3575","object_comment":"наявне/стан задовільний","holder":"ЛКП \"Вулецьке\"","holder_id":"20813567"}},{"type":"Feature","geometry":{"type":"Point","coordinates":[24.00387749,49.815836126]},"properties":{"moid":"3181382204383037250","id":18,"geom":{"type":"Point","coordinates":[24.0038774897832,49.8158361257533]},"x":24.0038774897832,"y":49.8158361257533,"street":"Балтійська","housenum":"21","editor_id":null,"uid":null,"editor_date":null,"cdate":"2023-08-31T08:25:34","settlement":"Львів","district":"Франківський","street_type":"вулиця","address_coment":null,"object_type":"дитячо-спортивний","object_area":"2010","object_comment":"наявне/стан задовільний","holder":"ЛКП \"Вулецьке\"","holder_id":"20813567"}},{"type":"Feature","geometry":{"type":"Point","coordinates":[24.003502609,49.814281749]},"properties":{"moid":"3181382204383037251","id":19,"geom":{"type":"Point","coordinates":[24.0035026091892,49.8142817489673]},"x":24.0035026091892,"y":49.8142817489673,"street":"Музики Я.","housenum":"68","editor_id":null,"uid":null,"editor_date":null,"cdate":"2023-08-31T08:25:34","settlement":"Львів","district":"Франківський","street_type":"вулиця","address_coment":null,"object_type":"дитячий","object_area":"540","object_comment":"потребує укомплектування","holder":"ЛКП \"Вулецьке\"","holder_id":"20813567"}},{"type":"Feature","geometry":{"type":"Point","coordinates":[24.000895331,49.810778819]},"properties":{"moid":"3181382204383037252","id":20,"geom":{"type":"Point","coordinates":[24.0008953311839,49.810778818695]},"x":24.0008953311839,"y":49.810778818695,"street":"Володимира Великого","housenum":"22","editor_id":null,"uid":null,"editor_date":null,"cdate":"2023-08-31T08:25:34","settlement":"Львів","district":"Франківський","street_type":"вулиця","address_coment":null,"object_type":"дитячий","object_area":"656","object_comment":"наявне/стан задовільний","holder":"ЛКП \"Вулецьке\"","holder_id":"20813567"}},{"type":"Feature","geometry":{"type":"Point","coordinates":[24.010958299,49.824788108]},"properties":{"moid":"3181382204383037253","id":21,"geom":{"type":"Point","coordinates":[24.0109582988822,49.8247881082255]},"x":24.0109582988822,"y":49.8247881082255,"street":"Сахарова А., акад.","housenum":"58","editor_id":null,"uid":null,"editor_date":null,"cdate":"2023-08-31T08:25:34","settlement":"Львів","district":"Франківський","street_type":"вулиця","address_coment":"вул. Сахарова А., акад., 58 - вул. Сахарова А., акад., 60","object_type":"дитячий","object_area":"188","object_comment":"наявне/стан задовільний","holder":"ЛКП \"Вулецьке\"","holder_id":"20813567"}},{"type":"Feature","geometry":{"type":"Point","coordinates":[24.004600875,49.810500834]},"properties":{"moid":"3181382204383037254","id":22,"geom":{"type":"Point","coordinates":[24.0046008754502,49.8105008336668]},"x":24.0046008754502,"y":49.8105008336668,"street":"Володимира Великого","housenum":"14","editor_id":null,"uid":null,"editor_date":null,"cdate":"2023-08-31T08:25:34","settlement":"Львів","district":"Франківський","street_type":"вулиця","address_coment":null,"object_type":"дитячо-спортивний","object_area":"1050","object_comment":"наявне/стан задовільний","holder":"ЛКП \"Вулецьке\"","holder_id":"20813567"}},{"type":"Feature","geometry":{"type":"Point","coordinates":[24.006989366,49.815929244]},"properties":{"moid":"3181382204383037255","id":23,"geom":{"type":"Point","coordinates":[24.006989365853,49.815929243591]},"x":24.006989365853,"y":49.815929243591,"street":"Аркаса М.","housenum":"10","editor_id":null,"uid":null,"editor_date":null,"cdate":"2023-08-31T08:25:34","settlement":"Львів","district":"Франківський","street_type":"вулиця","address_coment":"вул. Аркаса М., 10 - вул. Аркаса М., 12","object_type":"дитячий","object_area":"270","object_comment":"потребує укомплектування","holder":"ЛКП \"Вулецьке\"","holder_id":"20813567"}},{"type":"Feature","geometry":{"type":"Point","coordinates":[24.017382135,49.814157053]},"properties":{"moid":"3181382204383037256","id":24,"geom":{"type":"Point","coordinates":[24.0173821348793,49.8141570526363]},"x":24.0173821348793,"y":49.8141570526363,"street":"Лазаренка Є., акад.","housenum":"7","editor_id":null,"uid":null,"editor_date":null,"cdate":"2023-08-31T08:25:34","settlement":"Львів","district":"Франківський","street_type":"вулиця","address_coment":"вул. Лазаренка Є., акад., 7; вул. Лазаренка Є., акад., 8; вул. Лазаренка Є., акад., 9","object_type":"дитячо-спортивний","object_area":"344","object_comment":"наявне/потребує доукомплектування","holder":"ЛКП \"Вулецьке\"","holder_id":"20813567"}},{"type":"Feature","geometry":{"type":"Point","coordinates":[24.0069741,49.822316515]},"properties":{"moid":"3181382204383037257","id":25,"geom":{"type":"Point","coordinates":[24.0069741002253,49.8223165147681]},"x":24.0069741002253,"y":49.8223165147681,"street":"Княгині Ольги","housenum":"5а","editor_id":null,"uid":null,"editor_date":null,"cdate":"2023-08-31T08:25:34","settlement":"Львів","district":"Франківський","street_type":"вулиця","address_coment":"вул. Княгині Ольги, 5а; вул. Княгині Ольги, 5б; вул. Княгині Ольги, 5","object_type":"дитячо-спортивний","object_area":"300","object_comment":"наявне/стан задовільний","holder":"ЛКП \"Вулецьке\"","holder_id":"20813567"}},{"type":"Feature","geometry":{"type":"Point","coordinates":[24.00411286,49.830449615]},"properties":{"moid":"3181382204383037258","id":26,"geom":{"type":"Point","coordinates":[24.0041128604106,49.8304496154709]},"x":24.0041128604106,"y":49.8304496154709,"street":"Мельника А.","housenum":"16а","editor_id":null,"uid":null,"editor_date":null,"cdate":"2023-08-31T08:25:34","settlement":"Львів","district":"Франківський","street_type":"вулиця","address_coment":null,"object_type":"дитячий","object_area":"100","object_comment":"наявне/стан задовільний","holder":"ЛКП \"Вулецьке\"","holder_id":"20813567"}},{"type":"Feature","geometry":{"type":"Point","coordinates":[24.019430844,49.812991009]},"properties":{"moid":"3181382204383037259","id":27,"geom":{"type":"Point","coordinates":[24.0194308436589,49.8129910089293]},"x":24.0194308436589,"y":49.8129910089293,"street":"Стрийська","housenum":"96","editor_id":null,"uid":null,"editor_date":null,"cdate":"2023-08-31T08:25:34","settlement":"Львів","district":"Франківський","street_type":"вулиця","address_coment":"вул. Стрийська, 96 - вул. Стрийська, 98","object_type":"дитячий","object_area":"600","object_comment":"наявне/стан задовільний","holder":"ЛКП \"Вулецьке\"","holder_id":"20813567"}},{"type":"Feature","geometry":{"type":"Point","coordinates":[24.002852805,49.832765047]},"properties":{"moid":"3181382204383037260","id":28,"geom":{"type":"Point","coordinates":[24.0028528050272,49.8327650472873]},"x":24.0028528050272,"y":49.8327650472873,"street":"Антоновича В.","housenum":"40","editor_id":null,"uid":null,"editor_date":null,"cdate":"2023-08-31T08:25:34","settlement":"Львів","district":"Франківський","street_type":"вулиця","address_coment":null,"object_type":"дитячий","object_area":"552","object_comment":"наявне/стан задовільний","holder":"ЛКП \"Львівський ліхтар\"","holder_id":"20807029"}},{"type":"Feature","geometry":{"type":"Point","coordinates":[24.005172263,49.833845954]},"properties":{"moid":"3181382204383037261","id":29,"geom":{"type":"Point","coordinates":[24.005172262742,49.8338459541816]},"x":24.005172262742,"y":49.8338459541816,"street":"Антоновича В.","housenum":"19","editor_id":null,"uid":null,"editor_date":null,"cdate":"2023-08-31T08:25:34","settlement":"Львів","district":"Франківський","street_type":"вулиця","address_coment":null,"object_type":"дитячо-спортивний","object_area":"646","object_comment":"наявне/стан задовільний","holder":"ЛКП \"Львівський ліхтар\"","holder_id":"20807029"}},{"type":"Feature","geometry":{"type":"Point","coordinates":[24.007414637,49.83421127]},"properties":{"moid":"3181382204383037262","id":30,"geom":{"type":"Point","coordinates":[24.007414636709,49.8342112696075]},"x":24.007414636709,"y":49.8342112696075,"street":"Русових","housenum":"7","editor_id":null,"uid":null,"editor_date":null,"cdate":"2023-08-31T08:25:34","settlement":"Львів","district":"Франківський","street_type":"вулиця","address_coment":null,"object_type":"дитячо-спортивний","object_area":"300","object_comment":"наявне/стан задовільний","holder":"ЛКП \"Львівський ліхтар\"","holder_id":"20807029"}},{"type":"Feature","geometry":{"type":"Point","coordinates":[24.002456304,49.831670572]},"properties":{"moid":"3181382204383037263","id":31,"geom":{"type":"Point","coordinates":[24.0024563043147,49.8316705724851]},"x":24.0024563043147,"y":49.8316705724851,"street":"Мельника А.","housenum":"6","editor_id":null,"uid":null,"editor_date":null,"cdate":"2023-08-31T08:25:34","settlement":"Львів","district":"Франківський","street_type":"вулиця","address_coment":"вул. Мельника А., 6 - вул. Мельника А., 8а","object_type":"дитячий","object_area":"150","object_comment":"наявне/стан задовільний","holder":"ЛКП \"Львівський ліхтар\"","holder_id":"20807029"}},{"type":"Feature","geometry":{"type":"Point","coordinates":[24.01046854,49.833684102]},"properties":{"moid":"3181382204383037264","id":32,"geom":{"type":"Point","coordinates":[24.010468540107137,49.833684102009386]},"x":24.010468540107137,"y":49.833684102009386,"street":"Японська","housenum":null,"editor_id":null,"uid":null,"editor_date":null,"cdate":"2023-08-31T08:25:34","settlement":"Львів","district":"Франківський","street_type":"вулиця","address_coment":"вул. Японська - вул. Єфремова С., акад.","object_type":"дитячий","object_area":"320","object_comment":"наявне/стан задовільний","holder":"ЛКП \"Львівський ліхтар\"","holder_id":"20807029"}},{"type":"Feature","geometry":{"type":"Point","coordinates":[23.995921895,49.825963955]},"properties":{"moid":"3181382204383037265","id":33,"geom":{"type":"Point","coordinates":[23.99592189545,49.8259639551817]},"x":23.99592189545,"y":49.8259639551817,"street":"Коновальця Є.","housenum":"99","editor_id":null,"uid":null,"editor_date":null,"cdate":"2023-08-31T08:25:34","settlement":"Львів","district":"Франківський","street_type":"вулиця","address_coment":null,"object_type":"дитячий","object_area":"886","object_comment":"наявне/стан задовільний","holder":"ЛКП \"Львівський ліхтар\"","holder_id":"20807029"}},{"type":"Feature","geometry":{"type":"Point","coordinates":[23.997076749,49.823569155]},"properties":{"moid":"3181382204383037266","id":34,"geom":{"type":"Point","coordinates":[23.99707674892204,49.82356915525144]},"x":23.99707674892204,"y":49.82356915525144,"street":"Труша І.","housenum":null,"editor_id":null,"uid":null,"editor_date":null,"cdate":"2023-08-31T08:25:34","settlement":"Львів","district":"Франківський","street_type":"вулиця","address_coment":"парк","object_type":"дитячий","object_area":"295","object_comment":"наявне/стан задовільний","holder":"ЛКП \"Львівський ліхтар\"","holder_id":"20807029"}},{"type":"Feature","geometry":{"type":"Point","coordinates":[23.999496089,49.828159615]},"properties":{"moid":"3181382204383037267","id":35,"geom":{"type":"Point","coordinates":[23.9994960894445,49.8281596145189]},"x":23.9994960894445,"y":49.8281596145189,"street":"Коновальця Є.","housenum":"85","editor_id":null,"uid":null,"editor_date":null,"cdate":"2023-08-31T08:25:34","settlement":"Львів","district":"Франківський","street_type":"вулиця","address_coment":null,"object_type":"дитячо-спортивний","object_area":"380","object_comment":"наявне/стан задовільний","holder":"ЛКП \"Львівський ліхтар\"","holder_id":"20807029"}},{"type":"Feature","geometry":{"type":"Point","coordinates":[24.006161857,49.832309452]},"properties":{"moid":"3181382204383037268","id":36,"geom":{"type":"Point","coordinates":[24.0061618566157,49.8323094523372]},"x":24.0061618566157,"y":49.8323094523372,"street":"Коновальця Є.","housenum":"27","editor_id":null,"uid":null,"editor_date":null,"cdate":"2023-08-31T08:25:34","settlement":"Львів","district":"Франківський","street_type":"вулиця","address_coment":null,"object_type":"дитячо-спортивний","object_area":"152","object_comment":"наявне/стан задовільний","holder":"ЛКП \"Львівський ліхтар\"","holder_id":"20807029"}},{"type":"Feature","geometry":{"type":"Point","coordinates":[23.993988713,49.830043377]},"properties":{"moid":"3181382204383037269","id":37,"geom":{"type":"Point","coordinates":[23.993988712954,49.8300433768593]},"x":23.993988712954,"y":49.8300433768593,"street":"Героїв УПА","housenum":"78","editor_id":null,"uid":null,"editor_date":null,"cdate":"2023-08-31T08:25:34","settlement":"Львів","district":"Франківський","street_type":"вулиця","address_coment":null,"object_type":"дитячий","object_area":"864","object_comment":"наявне/стан задовільний","holder":"ЛКП \"Львівський ліхтар\"","holder_id":"20807029"}},{"type":"Feature","geometry":{"type":"Point","coordinates":[23.994995689,49.830804335]},"properties":{"moid":"3181382204383037270","id":38,"geom":{"type":"Point","coordinates":[23.9949956887263,49.8308043352252]},"x":23.9949956887263,"y":49.8308043352252,"street":"Героїв УПА","housenum":"76","editor_id":null,"uid":null,"editor_date":null,"cdate":"2023-08-31T08:25:34","settlement":"Львів","district":"Франківський","street_type":"вулиця","address_coment":null,"object_type":"дитячий","object_area":"253","object_comment":"наявне/стан задовільний","holder":"ЛКП \"Львівський ліхтар\"","holder_id":"20807029"}},{"type":"Feature","geometry":{"type":"Point","coordinates":[23.99276579,49.829565107]},"properties":{"moid":"3181382204383037271","id":39,"geom":{"type":"Point","coordinates":[23.992765789925,49.8295651068141]},"x":23.992765789925,"y":49.8295651068141,"street":"Героїв УПА","housenum":"80","editor_id":null,"uid":null,"editor_date":null,"cdate":"2023-08-31T08:25:34","settlement":"Львів","district":"Франківський","street_type":"вулиця","address_coment":null,"object_type":"дитячий","object_area":"1030","object_comment":"наявне/стан задовільний","holder":"ЛКП \"Львівський ліхтар\"","holder_id":"20807029"}},{"type":"Feature","geometry":{"type":"Point","coordinates":[23.994294744,49.833437718]},"properties":{"moid":"3181382204383037272","id":40,"geom":{"type":"Point","coordinates":[23.9942947440585,49.8334377182661]},"x":23.9942947440585,"y":49.8334377182661,"street":"Зерова М.","housenum":"8","editor_id":null,"uid":null,"editor_date":null,"cdate":"2023-08-31T08:25:34","settlement":"Львів","district":"Франківський","street_type":"вулиця","address_coment":null,"object_type":"дитячий","object_area":"500","object_comment":"наявне/стан задовільний","holder":"ЛКП \"Львівський ліхтар\"","holder_id":"20807029"}},{"type":"Feature","geometry":{"type":"Point","coordinates":[23.999701999,49.83367465]},"properties":{"moid":"3181382204391425881","id":41,"geom":{"type":"Point","coordinates":[23.9997019993248,49.8336746501269]},"x":23.9997019993248,"y":49.8336746501269,"street":"Федьковича Ю.","housenum":"38","editor_id":null,"uid":null,"editor_date":null,"cdate":"2023-08-31T08:25:34","settlement":"Львів","district":"Франківський","street_type":"вулиця","address_coment":null,"object_type":"дитячий","object_area":"165","object_comment":"наявне/стан задовільний","holder":"ЛКП \"Львівський ліхтар\"","holder_id":"20807029"}},{"type":"Feature","geometry":{"type":"Point","coordinates":[23.981829863,49.832565636]},"properties":{"moid":"3181382204391425882","id":42,"geom":{"type":"Point","coordinates":[23.9818298625991,49.8325656357032]},"x":23.9818298625991,"y":49.8325656357032,"street":"Городоцька","housenum":"213а","editor_id":null,"uid":null,"editor_date":null,"cdate":"2023-08-31T08:25:34","settlement":"Львів","district":"Франківський","street_type":"вулиця","address_coment":null,"object_type":"дитячий","object_area":"184","object_comment":"наявне/стан задовільний","holder":"ЛКП \"Львівський ліхтар\"","holder_id":"20807029"}},{"type":"Feature","geometry":{"type":"Point","coordinates":[23.977230978,49.830698962]},"properties":{"moid":"3181382204391425883","id":43,"geom":{"type":"Point","coordinates":[23.9772309777291,49.8306989619329]},"x":23.9772309777291,"y":49.8306989619329,"street":"Рівна","housenum":"17","editor_id":null,"uid":null,"editor_date":null,"cdate":"2023-08-31T08:25:34","settlement":"Львів","district":"Франківський","street_type":"вулиця","address_coment":null,"object_type":"дитячий","object_area":"90","object_comment":"наявне/стан задовільний","holder":"ЛКП \"Львівський ліхтар\"","holder_id":"20807029"}},{"type":"Feature","geometry":{"type":"Point","coordinates":[23.980480025,49.828769181]},"properties":{"moid":"3181382204391425884","id":44,"geom":{"type":"Point","coordinates":[23.9804800250524,49.8287691813707]},"x":23.9804800250524,"y":49.8287691813707,"street":"Окружна","housenum":"38","editor_id":null,"uid":null,"editor_date":null,"cdate":"2023-08-31T08:25:34","settlement":"Львів","district":"Франківський","street_type":"вулиця","address_coment":null,"object_type":"дитячий","object_area":"420","object_comment":"наявне/стан задовільний","holder":"ЛКП \"Львівський ліхтар\"","holder_id":"20807029"}},{"type":"Feature","geometry":{"type":"Point","coordinates":[23.977941695,49.829318576]},"properties":{"moid":"3181382204391425885","id":45,"geom":{"type":"Point","coordinates":[23.977941694752968,49.82931857639554]},"x":23.977941694752968,"y":49.82931857639554,"street":"Рівна","housenum":null,"editor_id":null,"uid":null,"editor_date":null,"cdate":"2023-08-31T08:25:34","settlement":"Львів","district":"Франківський","street_type":"вулиця","address_coment":"вул. Рівна - вул. Сулими І.","object_type":"дитячий","object_area":"110","object_comment":"наявне/стан задовільний","holder":"ЛКП \"Львівський ліхтар\"","holder_id":"20807029"}},{"type":"Feature","geometry":{"type":"Point","coordinates":[24.001910437,49.836569884]},"properties":{"moid":"3181382204391425886","id":46,"geom":{"type":"Point","coordinates":[24.0019104372193,49.8365698841976]},"x":24.0019104372193,"y":49.8365698841976,"street":"Городоцька","housenum":"145","editor_id":null,"uid":null,"editor_date":null,"cdate":"2023-08-31T08:25:34","settlement":"Львів","district":"Франківський","street_type":"вулиця","address_coment":"вул. Городоцька, 145 - вул. Городоцька, 147","object_type":"дитячий","object_area":"70","object_comment":"наявне/стан задовільний","holder":"ЛКП \"Львівський ліхтар\"","holder_id":"20807029"}},{"type":"Feature","geometry":{"type":"Point","coordinates":[23.982151143,49.827372148]},"properties":{"moid":"3181382204391425887","id":47,"geom":{"type":"Point","coordinates":[23.9821511434173,49.827372148292]},"x":23.9821511434173,"y":49.827372148292,"street":"Окружна","housenum":"44","editor_id":null,"uid":null,"editor_date":null,"cdate":"2023-08-31T08:25:34","settlement":"Львів","district":"Франківський","street_type":"вулиця","address_coment":"вул. Окружна, 44 - вул. Медведецького Ю., проф., 29","object_type":"дитячий","object_area":"150","object_comment":"наявне/стан задовільний","holder":"ЛКП \"Львівський ліхтар\"","holder_id":"20807029"}},{"type":"Feature","geometry":{"type":"Point","coordinates":[23.990092621,49.829911539]},"properties":{"moid":"3181382204391425888","id":48,"geom":{"type":"Point","coordinates":[23.9900926209715,49.8299115387186]},"x":23.9900926209715,"y":49.8299115387186,"street":"Кульпарківська","housenum":"36/42","editor_id":null,"uid":null,"editor_date":null,"cdate":"2023-08-31T08:25:34","settlement":"Львів","district":"Франківський","street_type":"вулиця","address_coment":null,"object_type":"дитячий","object_area":"243","object_comment":"наявне/стан задовільний","holder":"ЛКП \"Львівський ліхтар\"","holder_id":"20807029"}},{"type":"Feature","geometry":{"type":"Point","coordinates":[23.983781231,49.833239273]},"properties":{"moid":"3181382204391425889","id":49,"geom":{"type":"Point","coordinates":[23.9837812305486,49.8332392734513]},"x":23.9837812305486,"y":49.8332392734513,"street":"Городоцька","housenum":"209","editor_id":null,"uid":null,"editor_date":null,"cdate":"2023-08-31T08:25:34","settlement":"Львів","district":"Франківський","street_type":"вулиця","address_coment":"вул. Городоцька, 209 - вул. Кравченко У., 1","object_type":"дитячий","object_area":"216","object_comment":"наявне/стан задовільний","holder":"ЛКП \"Львівський ліхтар\"","holder_id":"20807029"}},{"type":"Feature","geometry":{"type":"Point","coordinates":[23.976787038,49.831993212]},"properties":{"moid":"3181382204391425890","id":50,"geom":{"type":"Point","coordinates":[23.9767870378329,49.83199321246]},"x":23.9767870378329,"y":49.83199321246,"street":"Городоцька","housenum":"229","editor_id":null,"uid":null,"editor_date":null,"cdate":"2023-08-31T08:25:34","settlement":"Львів","district":"Франківський","street_type":"вулиця","address_coment":null,"object_type":"дитячий","object_area":"160","object_comment":"наявне/стан задовільний","holder":"ЛКП \"Львівський ліхтар\"","holder_id":"20807029"}},{"type":"Feature","geometry":{"type":"Point","coordinates":[23.995033551,49.814956635]},"properties":{"moid":"3181382204391425891","id":51,"geom":{"type":"Point","coordinates":[23.9950335514904,49.8149566354172]},"x":23.9950335514904,"y":49.8149566354172,"street":"Грабянки Г.","housenum":"9","editor_id":null,"uid":null,"editor_date":null,"cdate":"2023-08-31T08:25:34","settlement":"Львів","district":"Франківський","street_type":"вулиця","address_coment":null,"object_type":"дитячий","object_area":"100","object_comment":"наявне/стан задовільний","holder":"ЛКП \"Магістральне\"","holder_id":"20806797"}},{"type":"Feature","geometry":{"type":"Point","coordinates":[23.995388902,49.81655288]},"properties":{"moid":"3181382204391425892","id":52,"geom":{"type":"Point","coordinates":[23.9953889015722,49.816552879694]},"x":23.9953889015722,"y":49.816552879694,"street":"Грабянки Г.","housenum":"5","editor_id":null,"uid":null,"editor_date":null,"cdate":"2023-08-31T08:25:34","settlement":"Львів","district":"Франківський","street_type":"вулиця","address_coment":null,"object_type":"дитячий","object_area":"427","object_comment":"наявне/стан задовільний","holder":"ЛКП \"Магістральне\"","holder_id":"20806797"}},{"type":"Feature","geometry":{"type":"Point","coordinates":[23.997929889,49.813540429]},"properties":{"moid":"3181382204391425893","id":53,"geom":{"type":"Point","coordinates":[23.9979298893761,49.8135404290077]},"x":23.9979298893761,"y":49.8135404290077,"street":"Караффи-Корбут С.","housenum":"12","editor_id":null,"uid":null,"editor_date":null,"cdate":"2023-08-31T08:25:34","settlement":"Львів","district":"Франківський","street_type":"вулиця","address_coment":null,"object_type":"дитячий","object_area":"504","object_comment":"наявне/стан задовільний","holder":"ЛКП \"Магістральне\"","holder_id":"20806797"}},{"type":"Feature","geometry":{"type":"Point","coordinates":[23.990961319,49.813074577]},"properties":{"moid":"3181382204391425894","id":54,"geom":{"type":"Point","coordinates":[23.9909613190196,49.8130745765796]},"x":23.9909613190196,"y":49.8130745765796,"street":"Перфецького Л.","housenum":"3","editor_id":null,"uid":null,"editor_date":null,"cdate":"2023-08-31T08:25:34","settlement":"Львів","district":"Франківський","street_type":"вулиця","address_coment":null,"object_type":"дитячий","object_area":"135","object_comment":"наявне/потребує доукомплектування","holder":"ЛКП \"Магістральне\"","holder_id":"20806797"}},{"type":"Feature","geometry":{"type":"Point","coordinates":[23.990220146,49.812732873]},"properties":{"moid":"3181382204391425895","id":55,"geom":{"type":"Point","coordinates":[23.9902201458257,49.8127328727325]},"x":23.9902201458257,"y":49.8127328727325,"street":"Володимира Великого","housenum":"48а","editor_id":null,"uid":null,"editor_date":null,"cdate":"2023-08-31T08:25:34","settlement":"Львів","district":"Франківський","street_type":"вулиця","address_coment":null,"object_type":"дитячий","object_area":"220","object_comment":"наявне/стан задовільний","holder":"ЛКП \"Магістральне\"","holder_id":"20806797"}},{"type":"Feature","geometry":{"type":"Point","coordinates":[23.992888469,49.811529105]},"properties":{"moid":"3181382204391425896","id":56,"geom":{"type":"Point","coordinates":[23.9928884693895,49.8115291050985]},"x":23.9928884693895,"y":49.8115291050985,"street":"Володимира Великого","housenum":"34","editor_id":null,"uid":null,"editor_date":null,"cdate":"2023-08-31T08:25:34","settlement":"Львів","district":"Франківський","street_type":"вулиця","address_coment":"вул. Володимира Великого, 34 - вул. Володимира Великого, 40","object_type":"дитячий","object_area":"180","object_comment":"з врахуванням інженерних мереж","holder":"ЛКП \"Магістральне\"","holder_id":"20806797"}},{"type":"Feature","geometry":{"type":"Point","coordinates":[23.992162869,49.813151162]},"properties":{"moid":"3181382204391425897","id":57,"geom":{"type":"Point","coordinates":[23.9921628689852,49.8131511619106]},"x":23.9921628689852,"y":49.8131511619106,"street":"Боткіна С.","housenum":"73","editor_id":null,"uid":null,"editor_date":null,"cdate":"2023-08-31T08:25:34","settlement":"Львів","district":"Франківський","street_type":"вулиця","address_coment":null,"object_type":"дитячо-спортивний","object_area":"600","object_comment":"наявне/стан задовільний","holder":"ЛКП \"Магістральне\"","holder_id":"20806797"}},{"type":"Feature","geometry":{"type":"Point","coordinates":[23.992888469,49.811529105]},"properties":{"moid":"3181382204391425898","id":58,"geom":{"type":"Point","coordinates":[23.9928884693895,49.8115291050985]},"x":23.9928884693895,"y":49.8115291050985,"street":"Володимира Великого","housenum":"34","editor_id":null,"uid":null,"editor_date":null,"cdate":"2023-08-31T08:25:34","settlement":"Львів","district":"Франківський","street_type":"вулиця","address_coment":null,"object_type":"спортивний","object_area":"1600","object_comment":"з врахуванням інженерних мереж","holder":"ЛКП \"Магістральне\"","holder_id":"20806797"}},{"type":"Feature","geometry":{"type":"Point","coordinates":[23.996601334,49.811674436]},"properties":{"moid":"3181382204391425899","id":59,"geom":{"type":"Point","coordinates":[23.9966013339523,49.8116744362742]},"x":23.9966013339523,"y":49.8116744362742,"street":"Володимира Великого","housenum":"30","editor_id":null,"uid":null,"editor_date":null,"cdate":"2023-08-31T08:25:34","settlement":"Львів","district":"Франківський","street_type":"вулиця","address_coment":"вул. Володимира Великого, 30 - вул. Володимира Великого, 32","object_type":"дитячий","object_area":"120","object_comment":"наявне/стан задовільний","holder":"ЛКП \"Магістральне\"","holder_id":"20806797"}},{"type":"Feature","geometry":{"type":"Point","coordinates":[23.993335178,49.81206754]},"properties":{"moid":"3181382204391425900","id":60,"geom":{"type":"Point","coordinates":[23.9933351775189,49.8120675402242]},"x":23.9933351775189,"y":49.8120675402242,"street":"Володимира Великого","housenum":"46","editor_id":null,"uid":null,"editor_date":null,"cdate":"2023-08-31T08:25:34","settlement":"Львів","district":"Франківський","street_type":"вулиця","address_coment":"вул. Володимира Великого, 46; вул. Володимира Великого,44; вул. Володимира Великого, 36","object_type":"дитячо-спортивний","object_area":"360","object_comment":"з врахуванням інженерних мереж","holder":"ЛКП \"Магістральне\"","holder_id":"20806797"}},{"type":"Feature","geometry":{"type":"Point","coordinates":[24.015324625,49.808087921]},"properties":{"moid":"3181382204391425901","id":61,"geom":{"type":"Point","coordinates":[24.0153246251333,49.8080879205157]},"x":24.0153246251333,"y":49.8080879205157,"street":"Володимира Великого","housenum":"5","editor_id":null,"uid":null,"editor_date":null,"cdate":"2023-08-31T08:25:34","settlement":"Львів","district":"Франківський","street_type":"вулиця","address_coment":null,"object_type":"дитячий","object_area":"350","object_comment":"наявне/стан задовільний","holder":"ЛКП \"Магістральне\"","holder_id":"20806797"}},{"type":"Feature","geometry":{"type":"Point","coordinates":[24.000225835,49.808263185]},"properties":{"moid":"3181382204391425902","id":62,"geom":{"type":"Point","coordinates":[24.0002258346018,49.808263185012]},"x":24.0002258346018,"y":49.808263185012,"street":"Володимира Великого","housenum":"59а","editor_id":null,"uid":null,"editor_date":null,"cdate":"2023-08-31T08:25:34","settlement":"Львів","district":"Франківський","street_type":"вулиця","address_coment":null,"object_type":"дитячий","object_area":"890","object_comment":"наявне/потребує доукомплектування","holder":"ЛКП \"Магістральне\"","holder_id":"20806797"}},{"type":"Feature","geometry":{"type":"Point","coordinates":[24.005119816,49.804611034]},"properties":{"moid":"3181382204391425903","id":63,"geom":{"type":"Point","coordinates":[24.0051198164911,49.8046110336086]},"x":24.0051198164911,"y":49.8046110336086,"street":"Наукова","housenum":"4","editor_id":null,"uid":null,"editor_date":null,"cdate":"2023-08-31T08:25:34","settlement":"Львів","district":"Франківський","street_type":"вулиця","address_coment":"вул. Наукова, 4 - вул. Тролейбусна, 12","object_type":"дитячо-спортивний","object_area":"912","object_comment":"з врахуванням інженерних мереж","holder":"ЛКП \"Магістральне\"","holder_id":"20806797"}},{"type":"Feature","geometry":{"type":"Point","coordinates":[24.004850899,49.806080318]},"properties":{"moid":"3181382204391425904","id":64,"geom":{"type":"Point","coordinates":[24.0048508985323,49.8060803177901]},"x":24.0048508985323,"y":49.8060803177901,"street":"Наукова","housenum":"10","editor_id":null,"uid":null,"editor_date":null,"cdate":"2023-08-31T08:25:34","settlement":"Львів","district":"Франківський","street_type":"вулиця","address_coment":null,"object_type":"дитячий","object_area":"480","object_comment":"наявне/стан задовільний","holder":"ЛКП \"Магістральне\"","holder_id":"20806797"}},{"type":"Feature","geometry":{"type":"Point","coordinates":[24.017158492,49.806065495]},"properties":{"moid":"3181382204391425905","id":65,"geom":{"type":"Point","coordinates":[24.0171584915513,49.8060654945679]},"x":24.0171584915513,"y":49.8060654945679,"street":"Рубчака І.","housenum":"4","editor_id":null,"uid":null,"editor_date":null,"cdate":"2023-08-31T08:25:34","settlement":"Львів","district":"Франківський","street_type":"вулиця","address_coment":"вул. Рубчака І., 4 - вул. Рубчака І., 6","object_type":"дитячий","object_area":"532","object_comment":"наявне/стан задовільний","holder":"ЛКП \"Магістральне\"","holder_id":"20806797"}},{"type":"Feature","geometry":{"type":"Point","coordinates":[24.003423902,49.804343981]},"properties":{"moid":"3181382204391425906","id":66,"geom":{"type":"Point","coordinates":[24.0034239015438,49.8043439806752]},"x":24.0034239015438,"y":49.8043439806752,"street":"Наукова","housenum":"8","editor_id":null,"uid":null,"editor_date":null,"cdate":"2023-08-31T08:25:34","settlement":"Львів","district":"Франківський","street_type":"вулиця","address_coment":"вул. Наукова, 8-12","object_type":"дитячий","object_area":"272","object_comment":"наявне/стан задовільний","holder":"ЛКП \"Магістральне\"","holder_id":"20806797"}},{"type":"Feature","geometry":{"type":"Point","coordinates":[24.007515694,49.805333734]},"properties":{"moid":"3181382204391425907","id":67,"geom":{"type":"Point","coordinates":[24.0075156937066,49.8053337342491]},"x":24.0075156937066,"y":49.8053337342491,"street":"Тролейбусна","housenum":"7","editor_id":null,"uid":null,"editor_date":null,"cdate":"2023-08-31T08:25:34","settlement":"Львів","district":"Франківський","street_type":"вулиця","address_coment":null,"object_type":"дитячий","object_area":"120","object_comment":"наявне/потребує доукомплектування","holder":"ЛКП \"Магістральне\"","holder_id":"20806797"}},{"type":"Feature","geometry":{"type":"Point","coordinates":[23.999364615,49.806445057]},"properties":{"moid":"3181382204391425908","id":68,"geom":{"type":"Point","coordinates":[23.9993646154594,49.8064450572855]},"x":23.9993646154594,"y":49.8064450572855,"street":"Княгині Ольги","housenum":"71","editor_id":null,"uid":null,"editor_date":null,"cdate":"2023-08-31T08:25:34","settlement":"Львів","district":"Франківський","street_type":"вулиця","address_coment":null,"object_type":"дитячий","object_area":"238","object_comment":"наявне/потребує доукомплектування","holder":"ЛКП \"Магістральне\"","holder_id":"20806797"}},{"type":"Feature","geometry":{"type":"Point","coordinates":[24.002332944,49.809810487]},"properties":{"moid":"3181382204391425909","id":69,"geom":{"type":"Point","coordinates":[24.0023329443105,49.8098104873596]},"x":24.0023329443105,"y":49.8098104873596,"street":"Володимира Великого","housenum":"51","editor_id":null,"uid":null,"editor_date":null,"cdate":"2023-08-31T08:25:34","settlement":"Львів","district":"Франківський","street_type":"вулиця","address_coment":null,"object_type":"дитячий","object_area":"188","object_comment":"наявне/стан задовільний","holder":"ЛКП \"Магістральне\"","holder_id":"20806797"}},{"type":"Feature","geometry":{"type":"Point","coordinates":[24.001940597,49.805571283]},"properties":{"moid":"3181382204391425910","id":70,"geom":{"type":"Point","coordinates":[24.0019405970981,49.8055712826423]},"x":24.0019405970981,"y":49.8055712826423,"street":"Наукова","housenum":"22","editor_id":null,"uid":null,"editor_date":null,"cdate":"2023-08-31T08:25:34","settlement":"Львів","district":"Франківський","street_type":"вулиця","address_coment":null,"object_type":"дитячо-спортивний","object_area":"1573","object_comment":"відсутнє обладнання","holder":"ЛКП \"Магістральне\"","holder_id":"20806797"}},{"type":"Feature","geometry":{"type":"Point","coordinates":[24.001653826,49.804789349]},"properties":{"moid":"3181382204391425911","id":71,"geom":{"type":"Point","coordinates":[24.0016538256623,49.8047893489553]},"x":24.0016538256623,"y":49.8047893489553,"street":"Наукова","housenum":"18","editor_id":null,"uid":null,"editor_date":null,"cdate":"2023-08-31T08:25:34","settlement":"Львів","district":"Франківський","street_type":"вулиця","address_coment":null,"object_type":"дитячо-спортивний","object_area":"800","object_comment":"наявне/стан задовільний","holder":"ЛКП \"Магістральне\"","holder_id":"20806797"}},{"type":"Feature","geometry":{"type":"Point","coordinates":[24.005614838,49.805552597]},"properties":{"moid":"3181382204391425912","id":72,"geom":{"type":"Point","coordinates":[24.0056148383719,49.8055525969327]},"x":24.0056148383719,"y":49.8055525969327,"street":"Наукова","housenum":"2","editor_id":null,"uid":null,"editor_date":null,"cdate":"2023-08-31T08:25:34","settlement":"Львів","district":"Франківський","street_type":"вулиця","address_coment":"вул. Наукова, 2 - вул. Наукова, 4а","object_type":"дитячо-спортивний","object_area":"2700","object_comment":"наявне/стан задовільний","holder":"ЛКП \"Магістральне\"","holder_id":"20806797"}},{"type":"Feature","geometry":{"type":"Point","coordinates":[24.005103213,49.80885706]},"properties":{"moid":"3181382204391425913","id":73,"geom":{"type":"Point","coordinates":[24.0051032129545,49.8088570598791]},"x":24.0051032129545,"y":49.8088570598791,"street":"Володимира Великого","housenum":"41","editor_id":null,"uid":null,"editor_date":null,"cdate":"2023-08-31T08:25:34","settlement":"Львів","district":"Франківський","street_type":"вулиця","address_coment":"вул. Володимира Великого, 41 - вул. Володимира Великого, 35а","object_type":"дитячо-спортивний","object_area":"325","object_comment":"відсутнє обладнання","holder":"ЛКП \"Магістральне\"","holder_id":"20806797"}},{"type":"Feature","geometry":{"type":"Point","coordinates":[24.005990431,49.807456804]},"properties":{"moid":"3181382204391425914","id":74,"geom":{"type":"Point","coordinates":[24.0059904311708,49.8074568037443]},"x":24.0059904311708,"y":49.8074568037443,"street":"Володимира Великого","housenum":"37","editor_id":null,"uid":null,"editor_date":null,"cdate":"2023-08-31T08:25:34","settlement":"Львів","district":"Франківський","street_type":"вулиця","address_coment":"вул. Володимира Великого, 37 - вул. Тролейбусна, 6","object_type":"дитячо-спортивний","object_area":"700","object_comment":"наявне/стан задовільний","holder":"ЛКП \"Магістральне\"","holder_id":"20806797"}},{"type":"Feature","geometry":{"type":"Point","coordinates":[24.005092,49.806851861]},"properties":{"moid":"3181382204391425915","id":75,"geom":{"type":"Point","coordinates":[24.0050920001447,49.806851860611]},"x":24.0050920001447,"y":49.806851860611,"street":"Володимира Великого","housenum":"47","editor_id":null,"uid":null,"editor_date":null,"cdate":"2023-08-31T08:25:34","settlement":"Львів","district":"Франківський","street_type":"вулиця","address_coment":"вул. Володимира Великого, 47 - вул. Володимира Великого, 49","object_type":"дитячо-спортивний","object_area":"300","object_comment":"наявне/стан задовільний","holder":"ЛКП \"Магістральне\"","holder_id":"20806797"}},{"type":"Feature","geometry":{"type":"Point","coordinates":[24.005103213,49.80885706]},"properties":{"moid":"3181382204391425916","id":76,"geom":{"type":"Point","coordinates":[24.0051032129545,49.8088570598791]},"x":24.0051032129545,"y":49.8088570598791,"street":"Володимира Великого","housenum":"41","editor_id":null,"uid":null,"editor_date":null,"cdate":"2023-08-31T08:25:34","settlement":"Львів","district":"Франківський","street_type":"вулиця","address_coment":"вул. Володимира Великого, 41 - вул. Володимира Великого, 43","object_type":"дитячо-спортивний","object_area":"800","object_comment":"наявне/стан задовільний","holder":"ЛКП \"Магістральне\"","holder_id":"20806797"}},{"type":"Feature","geometry":{"type":"Point","coordinates":[24.007072102,49.807739714]},"properties":{"moid":"3181382204391425917","id":77,"geom":{"type":"Point","coordinates":[24.0070721021705,49.8077397139949]},"x":24.0070721021705,"y":49.8077397139949,"street":"Тролейбусна","housenum":"4","editor_id":null,"uid":null,"editor_date":null,"cdate":"2023-08-31T08:25:34","settlement":"Львів","district":"Франківський","street_type":"вулиця","address_coment":null,"object_type":"дитячо-спортивний","object_area":"465","object_comment":"відсутнє обладнання","holder":"ЛКП \"Магістральне\"","holder_id":"20806797"}},{"type":"Feature","geometry":{"type":"Point","coordinates":[23.999246135,49.805960169]},"properties":{"moid":"3181382204500477822","id":78,"geom":{"type":"Point","coordinates":[23.9992461354712,49.8059601694935]},"x":23.9992461354712,"y":49.8059601694935,"street":"Княгині Ольги","housenum":"73","editor_id":null,"uid":null,"editor_date":null,"cdate":"2023-08-31T08:25:34","settlement":"Львів","district":"Франківський","street_type":"вулиця","address_coment":"вул. Княгині Ольги, 73 - вул. Княгині Ольги, 75","object_type":"дитячий","object_area":"252","object_comment":"наявне/потребує доукомплектування","holder":"ЛКП \"Магістральне\"","holder_id":"20806797"}},{"type":"Feature","geometry":{"type":"Point","coordinates":[24.001373453,49.806182473]},"properties":{"moid":"3181382204500477823","id":79,"geom":{"type":"Point","coordinates":[24.0013734534124,49.8061824731278]},"x":24.0013734534124,"y":49.8061824731278,"street":"Наукова","housenum":"24","editor_id":null,"uid":null,"editor_date":null,"cdate":"2023-08-31T08:25:34","settlement":"Львів","district":"Франківський","street_type":"вулиця","address_coment":null,"object_type":"дитячий","object_area":"400","object_comment":"наявне/стан задовільний","holder":"ЛКП \"Магістральне\"","holder_id":"20806797"}},{"type":"Feature","geometry":{"type":"Point","coordinates":[24.013940971,49.802835332]},"properties":{"moid":"3181382204500477824","id":80,"geom":{"type":"Point","coordinates":[24.0139409711748,49.8028353316531]},"x":24.0139409711748,"y":49.8028353316531,"street":"Стрийська","housenum":"148а","editor_id":null,"uid":null,"editor_date":null,"cdate":"2023-08-31T08:25:34","settlement":"Львів","district":"Франківський","street_type":"вулиця","address_coment":null,"object_type":"дитячий","object_area":"750","object_comment":"наявне/стан задовільний","holder":"ЛКП \"Магістральне\"","holder_id":"20806797"}},{"type":"Feature","geometry":{"type":"Point","coordinates":[24.003565205,49.806288159]},"properties":{"moid":"3181382204500477825","id":81,"geom":{"type":"Point","coordinates":[24.0035652049127,49.8062881593568]},"x":24.0035652049127,"y":49.8062881593568,"street":"Наукова","housenum":"10а","editor_id":null,"uid":null,"editor_date":null,"cdate":"2023-08-31T08:25:34","settlement":"Львів","district":"Франківський","street_type":"вулиця","address_coment":null,"object_type":"дитячий","object_area":"312","object_comment":"наявне/стан задовільний","holder":"ЛКП \"Магістральне\"","holder_id":"20806797"}},{"type":"Feature","geometry":{"type":"Point","coordinates":[24.013074794,49.806321293]},"properties":{"moid":"3181382204500477826","id":82,"geom":{"type":"Point","coordinates":[24.0130747935495,49.8063212930578]},"x":24.0130747935495,"y":49.8063212930578,"street":"Рубчака І.","housenum":"12","editor_id":null,"uid":null,"editor_date":null,"cdate":"2023-08-31T08:25:34","settlement":"Львів","district":"Франківський","street_type":"вулиця","address_coment":"вул. Рубчака І., 12; вул. Рубчака І., 14; вул. Рубчака І., 17а","object_type":"дитячий","object_area":"750","object_comment":"наявне/стан задовільний","holder":"ЛКП \"Магістральне\"","holder_id":"20806797"}},{"type":"Feature","geometry":{"type":"Point","coordinates":[23.998385493,49.816990143]},"properties":{"moid":"3181382204500477827","id":83,"geom":{"type":"Point","coordinates":[23.9983854933132,49.8169901427257]},"x":23.9983854933132,"y":49.8169901427257,"street":"Кобилиці Л.","housenum":"19","editor_id":null,"uid":null,"editor_date":null,"cdate":"2023-08-31T08:25:34","settlement":"Львів","district":"Франківський","street_type":"вулиця","address_coment":null,"object_type":"дитячо-спортивний","object_area":"1100","object_comment":"наявне/потребує доукомплектування","holder":"ЛКП \"Магістральне\"","holder_id":"20806797"}},{"type":"Feature","geometry":{"type":"Point","coordinates":[23.996967463,49.813010155]},"properties":{"moid":"3181382204500477828","id":84,"geom":{"type":"Point","coordinates":[23.9969674633158,49.8130101553065]},"x":23.9969674633158,"y":49.8130101553065,"street":"Бойчука М.","housenum":"3","editor_id":null,"uid":null,"editor_date":null,"cdate":"2023-08-31T08:25:34","settlement":"Львів","district":"Франківський","street_type":"вулиця","address_coment":null,"object_type":"дитячо-спортивний","object_area":"398","object_comment":"з врахуванням інженерних мереж, наявне потребує доукомплектування","holder":"ЛКП \"Магістральне\"","holder_id":"20806797"}},{"type":"Feature","geometry":{"type":"Point","coordinates":[23.996230597,49.810337243]},"properties":{"moid":"3181382204500477829","id":85,"geom":{"type":"Point","coordinates":[23.9962305974479,49.8103372434803]},"x":23.9962305974479,"y":49.8103372434803,"street":"Володимира Великого","housenum":"61","editor_id":null,"uid":null,"editor_date":null,"cdate":"2023-08-31T08:25:34","settlement":"Львів","district":"Франківський","street_type":"вулиця","address_coment":null,"object_type":"дитячий","object_area":"430","object_comment":"наявне/стан задовільний","holder":"ЛКП \"Південне\"","holder_id":"20818978"}},{"type":"Feature","geometry":{"type":"Point","coordinates":[23.995710609,49.809465991]},"properties":{"moid":"3181382204500477830","id":86,"geom":{"type":"Point","coordinates":[23.9957106093349,49.8094659906777]},"x":23.9957106093349,"y":49.8094659906777,"street":"Володимира Великого","housenum":"65","editor_id":null,"uid":null,"editor_date":null,"cdate":"2023-08-31T08:25:34","settlement":"Львів","district":"Франківський","street_type":"вулиця","address_coment":null,"object_type":"дитячий","object_area":"370","object_comment":"наявне/стан задовільний","holder":"ЛКП \"Південне\"","holder_id":"20818978"}},{"type":"Feature","geometry":{"type":"Point","coordinates":[23.993989519,49.808266276]},"properties":{"moid":"3181382204500477831","id":87,"geom":{"type":"Point","coordinates":[23.9939895192256,49.808266275731]},"x":23.9939895192256,"y":49.808266275731,"street":"Володимира Великого","housenum":"79","editor_id":null,"uid":null,"editor_date":null,"cdate":"2023-08-31T08:25:34","settlement":"Львів","district":"Франківський","street_type":"вулиця","address_coment":null,"object_type":"дитячий","object_area":"475","object_comment":"наявне/стан задовільний","holder":"ЛКП \"Південне\"","holder_id":"20818978"}},{"type":"Feature","geometry":{"type":"Point","coordinates":[23.991900822,49.810369649]},"properties":{"moid":"3181382204500477832","id":88,"geom":{"type":"Point","coordinates":[23.9919008217832,49.8103696492257]},"x":23.9919008217832,"y":49.8103696492257,"street":"Володимира Великого","housenum":"85а","editor_id":null,"uid":null,"editor_date":null,"cdate":"2023-08-31T08:25:34","settlement":"Львів","district":"Франківський","street_type":"вулиця","address_coment":null,"object_type":"дитячо-спортивний","object_area":"846","object_comment":"наявне потребує доукомплектування","holder":"ЛКП \"Південне\"","holder_id":"20818978"}},{"type":"Feature","geometry":{"type":"Point","coordinates":[23.99534042,49.80558091]},"properties":{"moid":"3181382204500477833","id":89,"geom":{"type":"Point","coordinates":[23.9953404195321,49.8055809097846]},"x":23.9953404195321,"y":49.8055809097846,"street":"Наукова","housenum":"58","editor_id":null,"uid":null,"editor_date":null,"cdate":"2023-08-31T08:25:34","settlement":"Львів","district":"Франківський","street_type":"вулиця","address_coment":null,"object_type":"дитячий","object_area":"455","object_comment":"наявне потребує доукомплектування","holder":"ЛКП \"Південне\"","holder_id":"20818978"}},{"type":"Feature","geometry":{"type":"Point","coordinates":[23.993020446,49.805098472]},"properties":{"moid":"3181382204500477834","id":90,"geom":{"type":"Point","coordinates":[23.9930204460999,49.8050984722568]},"x":23.9930204460999,"y":49.8050984722568,"street":"Наукова","housenum":"64","editor_id":null,"uid":null,"editor_date":null,"cdate":"2023-08-31T08:25:34","settlement":"Львів","district":"Франківський","street_type":"вулиця","address_coment":null,"object_type":"дитячий","object_area":"506","object_comment":"наявне/стан задовільний","holder":"ЛКП \"Південне\"","holder_id":"20818978"}},{"type":"Feature","geometry":{"type":"Point","coordinates":[23.992697289,49.806910212]},"properties":{"moid":"3181382204500477835","id":91,"geom":{"type":"Point","coordinates":[23.9926972890874,49.8069102119865]},"x":23.9926972890874,"y":49.8069102119865,"street":"Наукова","housenum":"82","editor_id":null,"uid":null,"editor_date":null,"cdate":"2023-08-31T08:25:34","settlement":"Львів","district":"Франківський","street_type":"вулиця","address_coment":null,"object_type":"дитячий","object_area":"496","object_comment":"наявне потребує доукомплектування","holder":"ЛКП \"Південне\"","holder_id":"20818978"}},{"type":"Feature","geometry":{"type":"Point","coordinates":[23.98317935,49.808136686]},"properties":{"moid":"3181382204500477836","id":92,"geom":{"type":"Point","coordinates":[23.9831793502644,49.8081366857205]},"x":23.9831793502644,"y":49.8081366857205,"street":"Кульпарківська","housenum":"133","editor_id":null,"uid":null,"editor_date":null,"cdate":"2023-08-31T08:25:34","settlement":"Львів","district":"Франківський","street_type":"вулиця","address_coment":"вул. Кульпарківська, 133 - вул. Кульпарківська, 135","object_type":"дитячо-спортивний","object_area":"828","object_comment":"наявне/стан задовільний","holder":"ЛКП \"Південне\"","holder_id":"20818978"}},{"type":"Feature","geometry":{"type":"Point","coordinates":[23.983523857,49.809598161]},"properties":{"moid":"3181382204500477837","id":93,"geom":{"type":"Point","coordinates":[23.983523856688,49.8095981614988]},"x":23.983523856688,"y":49.8095981614988,"street":"Кульпарківська","housenum":"123","editor_id":null,"uid":null,"editor_date":null,"cdate":"2023-08-31T08:25:34","settlement":"Львів","district":"Франківський","street_type":"вулиця","address_coment":null,"object_type":"дитячий","object_area":"594","object_comment":"наявне/стан задовільний","holder":"ЛКП \"Південне\"","holder_id":"20818978"}},{"type":"Feature","geometry":{"type":"Point","coordinates":[23.984122619,49.80776522]},"properties":{"moid":"3181382204500477838","id":94,"geom":{"type":"Point","coordinates":[23.9841226190987,49.8077652197488]},"x":23.9841226190987,"y":49.8077652197488,"street":"Кульпарківська","housenum":"133б","editor_id":null,"uid":null,"editor_date":null,"cdate":"2023-08-31T08:25:34","settlement":"Львів","district":"Франківський","street_type":"вулиця","address_coment":null,"object_type":"спортивний","object_area":"500","object_comment":"наявне/стан задовільний","holder":"ЛКП \"Південне\"","holder_id":"20818978"}},{"type":"Feature","geometry":{"type":"Point","coordinates":[23.983741682,49.806298]},"properties":{"moid":"3181382204500477839","id":95,"geom":{"type":"Point","coordinates":[23.9837416821984,49.8062980003361]},"x":23.9837416821984,"y":49.8062980003361,"street":"Наукова","housenum":"116","editor_id":null,"uid":null,"editor_date":null,"cdate":"2023-08-31T08:25:34","settlement":"Львів","district":"Франківський","street_type":"вулиця","address_coment":null,"object_type":"дитячий","object_area":"1080","object_comment":"наявне потребує доукомплектування","holder":"ЛКП \"Південне\"","holder_id":"20818978"}},{"type":"Feature","geometry":{"type":"Point","coordinates":[23.983741682,49.806298]},"properties":{"moid":"3181382204500477840","id":96,"geom":{"type":"Point","coordinates":[23.9837416821984,49.8062980003361]},"x":23.9837416821984,"y":49.8062980003361,"street":"Наукова","housenum":"116","editor_id":null,"uid":null,"editor_date":null,"cdate":"2023-08-31T08:25:34","settlement":"Львів","district":"Франківський","street_type":"вулиця","address_coment":null,"object_type":"спортивний","object_area":"370","object_comment":"наявне/стан задовільний","holder":"ЛКП \"Південне\"","holder_id":"20818978"}},{"type":"Feature","geometry":{"type":"Point","coordinates":[23.986770596,49.807421729]},"properties":{"moid":"3181382204500477841","id":97,"geom":{"type":"Point","coordinates":[23.9867705960478,49.8074217288743]},"x":23.9867705960478,"y":49.8074217288743,"street":"Симоненка В.","housenum":"12","editor_id":null,"uid":null,"editor_date":null,"cdate":"2023-08-31T08:25:34","settlement":"Львів","district":"Франківський","street_type":"вулиця","address_coment":null,"object_type":"дитячий","object_area":"592","object_comment":"наявне потребує доукомплектування","holder":"ЛКП \"Південне\"","holder_id":"20818978"}},{"type":"Feature","geometry":{"type":"Point","coordinates":[23.985908187,49.807462883]},"properties":{"moid":"3181382204500477842","id":98,"geom":{"type":"Point","coordinates":[23.985908186772903,49.80746288321102]},"x":23.985908186772903,"y":49.80746288321102,"street":"Симоненка В.","housenum":null,"editor_id":null,"uid":null,"editor_date":null,"cdate":"2023-08-31T08:25:34","settlement":"Львів","district":"Франківський","street_type":"вулиця","address_coment":"сквер, біля озера","object_type":"дитячий","object_area":"760","object_comment":"наявне/стан задовільний","holder":"ЛКП \"Південне\"","holder_id":"20818978"}},{"type":"Feature","geometry":{"type":"Point","coordinates":[23.986478664,49.806307663]},"properties":{"moid":"3181382204500477843","id":99,"geom":{"type":"Point","coordinates":[23.9864786644147,49.806307663331]},"x":23.9864786644147,"y":49.806307663331,"street":"Симоненка В.","housenum":"22","editor_id":null,"uid":null,"editor_date":null,"cdate":"2023-08-31T08:25:34","settlement":"Львів","district":"Франківський","street_type":"вулиця","address_coment":null,"object_type":"дитячий","object_area":"165","object_comment":"наявне/стан задовільний","holder":"ЛКП \"Південне\"","holder_id":"20818978"}},{"type":"Feature","geometry":{"type":"Point","coordinates":[23.990723152,49.805270804]},"properties":{"moid":"3181382204500477844","id":100,"geom":{"type":"Point","coordinates":[23.9907231517747,49.8052708043765]},"x":23.9907231517747,"y":49.8052708043765,"street":"Наукова","housenum":"94","editor_id":null,"uid":null,"editor_date":null,"cdate":"2023-08-31T08:25:34","settlement":"Львів","district":"Франківський","street_type":"вулиця","address_coment":"не діючий","object_type":"дитячий","object_area":"150","object_comment":"потребує укомплектування","holder":"ЛКП \"Південне\"","holder_id":"20818978"}},{"type":"Feature","geometry":{"type":"Point","coordinates":[23.9885436,49.806025581]},"properties":{"moid":"3181382204500477845","id":101,"geom":{"type":"Point","coordinates":[23.988543600271,49.8060255805982]},"x":23.988543600271,"y":49.8060255805982,"street":"Наукова","housenum":"100","editor_id":null,"uid":null,"editor_date":null,"cdate":"2023-08-31T08:25:34","settlement":"Львів","district":"Франківський","street_type":"вулиця","address_coment":null,"object_type":"дитячий","object_area":"350","object_comment":"наявне/стан задовільний","holder":"ЛКП \"Південне\"","holder_id":"20818978"}},{"type":"Feature","geometry":{"type":"Point","coordinates":[23.988350368,49.806220631]},"properties":{"moid":"3181382204500477846","id":102,"geom":{"type":"Point","coordinates":[23.9883503677725,49.8062206308341]},"x":23.9883503677725,"y":49.8062206308341,"street":"Наукова","housenum":"106","editor_id":null,"uid":null,"editor_date":null,"cdate":"2023-08-31T08:25:34","settlement":"Львів","district":"Франківський","street_type":"вулиця","address_coment":null,"object_type":"спортивний","object_area":"220","object_comment":"наявне/стан задовільний","holder":"ЛКП \"Південне\"","holder_id":"20818978"}},{"type":"Feature","geometry":{"type":"Point","coordinates":[23.985569541,49.811257832]},"properties":{"moid":"3181382204500477847","id":103,"geom":{"type":"Point","coordinates":[23.9855695408794,49.8112578322506]},"x":23.9855695408794,"y":49.8112578322506,"street":"Володимира Великого","housenum":"125","editor_id":null,"uid":null,"editor_date":null,"cdate":"2023-08-31T08:25:34","settlement":"Львів","district":"Франківський","street_type":"вулиця","address_coment":"вул. Володимира Великого, 125 - вул. Кульпарківська, 117","object_type":"дитячо-спортивний","object_area":"1100","object_comment":"наявне потребує доукомплектування","holder":"ЛКП \"Південне\"","holder_id":"20818978"}},{"type":"Feature","geometry":{"type":"Point","coordinates":[23.983826843,49.810156662]},"properties":{"moid":"3181382204500477848","id":104,"geom":{"type":"Point","coordinates":[23.9838268426015,49.810156661604]},"x":23.9838268426015,"y":49.810156661604,"street":"Кульпарківська","housenum":"121","editor_id":null,"uid":null,"editor_date":null,"cdate":"2023-08-31T08:25:34","settlement":"Львів","district":"Франківський","street_type":"вулиця","address_coment":"вул. Кульпарківська, 121 - вул. Кульпарківська, 123","object_type":"дитячо-спортивний","object_area":"300","object_comment":"наявне потребує доукомплектування","holder":"ЛКП \"Південне\"","holder_id":"20818978"}},{"type":"Feature","geometry":{"type":"Point","coordinates":[23.986128812,49.804549457]},"properties":{"moid":"3181382204508866457","id":105,"geom":{"type":"Point","coordinates":[23.9861288118288,49.8045494566101]},"x":23.9861288118288,"y":49.8045494566101,"street":"Наукова","housenum":"55","editor_id":null,"uid":null,"editor_date":null,"cdate":"2023-08-31T08:25:34","settlement":"Львів","district":"Франківський","street_type":"вулиця","address_coment":null,"object_type":"дитячий","object_area":"320","object_comment":"наявне/стан задовільний","holder":"ЛКП \"Південне\"","holder_id":"20818978"}},{"type":"Feature","geometry":{"type":"Point","coordinates":[23.987606854,49.803285289]},"properties":{"moid":"3181382204517255066","id":106,"geom":{"type":"Point","coordinates":[23.9876068538062,49.8032852889101]},"x":23.9876068538062,"y":49.8032852889101,"street":"Пулюя І.","housenum":"4","editor_id":null,"uid":null,"editor_date":null,"cdate":"2023-08-31T08:25:34","settlement":"Львів","district":"Франківський","street_type":"вулиця","address_coment":"вул. Пулюя І., 4 - вул. Пулюя І., 6","object_type":"дитячий","object_area":"285","object_comment":"наявне/стан задовільний","holder":"ЛКП \"Південне\"","holder_id":"20818978"}},{"type":"Feature","geometry":{"type":"Point","coordinates":[23.984180675,49.803679199]},"properties":{"moid":"3181382204517255067","id":107,"geom":{"type":"Point","coordinates":[23.9841806749306,49.8036791990568]},"x":23.9841806749306,"y":49.8036791990568,"street":"Пулюя І.","housenum":"12","editor_id":null,"uid":null,"editor_date":null,"cdate":"2023-08-31T08:25:34","settlement":"Львів","district":"Франківський","street_type":"вулиця","address_coment":null,"object_type":"дитячий","object_area":"150","object_comment":"наявне потребує доукомплектування","holder":"ЛКП \"Південне\"","holder_id":"20818978"}},{"type":"Feature","geometry":{"type":"Point","coordinates":[23.98194983,49.804578988]},"properties":{"moid":"3181382204517255068","id":108,"geom":{"type":"Point","coordinates":[23.9819498303784,49.8045789881336]},"x":23.9819498303784,"y":49.8045789881336,"street":"Кульпарківська","housenum":"141","editor_id":null,"uid":null,"editor_date":null,"cdate":"2023-08-31T08:25:34","settlement":"Львів","district":"Франківський","street_type":"вулиця","address_coment":null,"object_type":"дитячо-спортивний","object_area":"2150","object_comment":"наявне/стан задовільний","holder":"ЛКП \"Південне\"","holder_id":"20818978"}},{"type":"Feature","geometry":{"type":"Point","coordinates":[23.981430851,49.803062999]},"properties":{"moid":"3181382204517255069","id":109,"geom":{"type":"Point","coordinates":[23.9814308507012,49.8030629991959]},"x":23.9814308507012,"y":49.8030629991959,"street":"Кульпарківська","housenum":"147","editor_id":null,"uid":null,"editor_date":null,"cdate":"2023-08-31T08:25:34","settlement":"Львів","district":"Франківський","street_type":"вулиця","address_coment":null,"object_type":"дитячий","object_area":"370","object_comment":"потребує укомплектування","holder":"ЛКП \"Південне\"","holder_id":"20818978"}},{"type":"Feature","geometry":{"type":"Point","coordinates":[23.991590709,49.803809304]},"properties":{"moid":"3181382204517255070","id":110,"geom":{"type":"Point","coordinates":[23.9915907087148,49.8038093040015]},"x":23.9915907087148,"y":49.8038093040015,"street":"Наукова","housenum":"43","editor_id":null,"uid":null,"editor_date":null,"cdate":"2023-08-31T08:25:34","settlement":"Львів","district":"Франківський","street_type":"вулиця","address_coment":null,"object_type":"дитячий","object_area":"196","object_comment":"наявне/стан задовільний","holder":"ЛКП \"Південне\"","holder_id":"20818978"}},{"type":"Feature","geometry":{"type":"Point","coordinates":[23.990848048,49.803551971]},"properties":{"moid":"3181382204517255071","id":111,"geom":{"type":"Point","coordinates":[23.9908480479982,49.8035519706229]},"x":23.9908480479982,"y":49.8035519706229,"street":"Наукова","housenum":"39","editor_id":null,"uid":null,"editor_date":null,"cdate":"2023-08-31T08:25:34","settlement":"Львів","district":"Франківський","street_type":"вулиця","address_coment":null,"object_type":"дитячий","object_area":"225","object_comment":"наявне/стан задовільний","holder":"ЛКП \"Південне\"","holder_id":"20818978"}},{"type":"Feature","geometry":{"type":"Point","coordinates":[23.991806686,49.802776216]},"properties":{"moid":"3181382204517255072","id":112,"geom":{"type":"Point","coordinates":[23.9918066861163,49.802776215724]},"x":23.9918066861163,"y":49.802776215724,"street":"Наукова","housenum":"33","editor_id":null,"uid":null,"editor_date":null,"cdate":"2023-08-31T08:25:34","settlement":"Львів","district":"Франківський","street_type":"вулиця","address_coment":null,"object_type":"дитячий","object_area":"250","object_comment":"потребує укомплектування","holder":"ЛКП \"Південне\"","holder_id":"20818978"}},{"type":"Feature","geometry":{"type":"Point","coordinates":[23.995226746,49.801927945]},"properties":{"moid":"3181382204517255073","id":113,"geom":{"type":"Point","coordinates":[23.9952267461205,49.8019279453865]},"x":23.9952267461205,"y":49.8019279453865,"street":"Наукова","housenum":"21","editor_id":null,"uid":null,"editor_date":null,"cdate":"2023-08-31T08:25:34","settlement":"Львів","district":"Франківський","street_type":"вулиця","address_coment":"вул. Наукова, 21 - вул. Наукова, 23","object_type":"дитячий","object_area":"287","object_comment":"наявне/стан задовільний","holder":"ЛКП \"Південне\"","holder_id":"20818978"}},{"type":"Feature","geometry":{"type":"Point","coordinates":[23.995091862,49.803392615]},"properties":{"moid":"3181382204517255074","id":114,"geom":{"type":"Point","coordinates":[23.9950918617148,49.8033926150994]},"x":23.9950918617148,"y":49.8033926150994,"street":"Наукова","housenum":"13","editor_id":null,"uid":null,"editor_date":null,"cdate":"2023-08-31T08:25:34","settlement":"Львів","district":"Франківський","street_type":"вулиця","address_coment":null,"object_type":"дитячий","object_area":"695","object_comment":"наявне/стан задовільний","holder":"ЛКП \"Південне\"","holder_id":"20818978"}},{"type":"Feature","geometry":{"type":"Point","coordinates":[23.991183976,49.801219986]},"properties":{"moid":"3181382204517255075","id":115,"geom":{"type":"Point","coordinates":[23.9911839763027,49.8012199864022]},"x":23.9911839763027,"y":49.8012199864022,"street":"Пулюя І.","housenum":"25","editor_id":null,"uid":null,"editor_date":null,"cdate":"2023-08-31T08:25:34","settlement":"Львів","district":"Франківський","street_type":"вулиця","address_coment":"вул. Пулюя І., 25 - вул. Пулюя І., 27","object_type":"дитячий","object_area":"375","object_comment":"наявне/стан задовільний","holder":"ЛКП \"Південне\"","holder_id":"20818978"}},{"type":"Feature","geometry":{"type":"Point","coordinates":[23.988761475,49.803855673]},"properties":{"moid":"3181382204517255076","id":116,"geom":{"type":"Point","coordinates":[23.9887614748341,49.8038556725229]},"x":23.9887614748341,"y":49.8038556725229,"street":"Пулюя І.","housenum":"1","editor_id":null,"uid":null,"editor_date":null,"cdate":"2023-08-31T08:25:34","settlement":"Львів","district":"Франківський","street_type":"вулиця","address_coment":"вул. Пулюя І., 1; вул. Пулюя І., 3; вул. Пулюя І., 5","object_type":"дитячий","object_area":"400","object_comment":"наявне потребує доукомплектування","holder":"ЛКП \"Південне\"","holder_id":"20818978"}},{"type":"Feature","geometry":{"type":"Point","coordinates":[23.989280754,49.802214881]},"properties":{"moid":"3181382204517255077","id":117,"geom":{"type":"Point","coordinates":[23.9892807541202,49.802214880641]},"x":23.9892807541202,"y":49.802214880641,"street":"Пулюя І.","housenum":"11","editor_id":null,"uid":null,"editor_date":null,"cdate":"2023-08-31T08:25:34","settlement":"Львів","district":"Франківський","street_type":"вулиця","address_coment":"вул. Пулюя І., 11 - вул. Пулюя І.,13","object_type":"дитячий","object_area":"754","object_comment":"наявне/стан задовільний","holder":"ЛКП \"Південне\"","holder_id":"20818978"}},{"type":"Feature","geometry":{"type":"Point","coordinates":[23.987822286,49.811305674]},"properties":{"moid":"3181382204517255078","id":118,"geom":{"type":"Point","coordinates":[23.9878222861495,49.8113056743755]},"x":23.9878222861495,"y":49.8113056743755,"street":"Володимира Великого","housenum":"117","editor_id":null,"uid":null,"editor_date":null,"cdate":"2023-08-31T08:25:34","settlement":"Львів","district":"Франківський","street_type":"вулиця","address_coment":null,"object_type":"дитячий","object_area":"500","object_comment":"наявне/стан задовільний","holder":"ЛКП \"Південне\"","holder_id":"20818978"}},{"type":"Feature","geometry":{"type":"Point","coordinates":[24.040687279,49.847288186]},"properties":{"moid":"3181382204517255079","id":119,"geom":{"type":"Point","coordinates":[24.0406872789543,49.8472881861762]},"x":24.0406872789543,"y":49.8472881861762,"street":"Кривоноса М.","housenum":"41","editor_id":null,"uid":null,"editor_date":null,"cdate":"2023-08-31T08:25:34","settlement":"Львів","district":"Галицький","street_type":"вулиця","address_coment":null,"object_type":"дитячий","object_area":"200","object_comment":null,"holder":"ЛКП \"Старий Львів\"","holder_id":"20782401"}},{"type":"Feature","geometry":{"type":"Point","coordinates":[24.040588502,49.84585069]},"properties":{"moid":"3181382204517255080","id":120,"geom":{"type":"Point","coordinates":[24.04058850245336,49.84585068980782]},"x":24.04058850245336,"y":49.84585068980782,"street":"Кривоноса М.","housenum":null,"editor_id":null,"uid":null,"editor_date":null,"cdate":"2023-08-31T08:25:34","settlement":"Львів","district":"Галицький","street_type":"вулиця","address_coment":"вул. Кривоноса М. - вул. Княжа","object_type":"дитячий","object_area":"596","object_comment":null,"holder":"ЛКП \"Старий Львів\"","holder_id":"20782401"}},{"type":"Feature","geometry":{"type":"Point","coordinates":[24.024697556,49.847946599]},"properties":{"moid":"3181382204517255081","id":121,"geom":{"type":"Point","coordinates":[24.0246975556378,49.8479465987735]},"x":24.0246975556378,"y":49.8479465987735,"street":"Медова","housenum":"1","editor_id":null,"uid":null,"editor_date":null,"cdate":"2023-08-31T08:25:34","settlement":"Львів","district":"Галицький","street_type":"вулиця","address_coment":null,"object_type":"дитячий","object_area":"156","object_comment":null,"holder":"ЛКП \"Старий Львів\"","holder_id":"20782401"}},{"type":"Feature","geometry":{"type":"Point","coordinates":[24.026451592,49.845201412]},"properties":{"moid":"3181382204517255082","id":122,"geom":{"type":"Point","coordinates":[24.026451591984898,49.84520141247538]},"x":24.026451591984898,"y":49.84520141247538,"street":"Різні, пл.","housenum":null,"editor_id":null,"uid":null,"editor_date":null,"cdate":"2023-08-31T08:25:34","settlement":"Львів","district":"Галицький","street_type":"площа","address_coment":null,"object_type":"дитячий","object_area":"315","object_comment":null,"holder":"ЛКП \"Старий Львів\"","holder_id":"20782401"}},{"type":"Feature","geometry":{"type":"Point","coordinates":[24.027820341,49.846253993]},"properties":{"moid":"3181382204517255083","id":123,"geom":{"type":"Point","coordinates":[24.027820340578394,49.84625399251542]},"x":24.027820340578394,"y":49.84625399251542,"street":"Підмурна","housenum":null,"editor_id":null,"uid":null,"editor_date":null,"cdate":"2023-08-31T08:25:34","settlement":"Львів","district":"Галицький","street_type":"вулиця","address_coment":null,"object_type":"дитячий","object_area":"1450","object_comment":null,"holder":"ЛКП \"Старий Львів\"","holder_id":"20782401"}},{"type":"Feature","geometry":{"type":"Point","coordinates":[24.028135303,49.850544766]},"properties":{"moid":"3181382204517255084","id":124,"geom":{"type":"Point","coordinates":[24.0281353034892,49.85054476598]},"x":24.0281353034892,"y":49.85054476598,"street":"Татарська","housenum":"6","editor_id":null,"uid":null,"editor_date":null,"cdate":"2023-08-31T08:25:34","settlement":"Львів","district":"Галицький","street_type":"вулиця","address_coment":"вул. Татарська, 6-8","object_type":"дитячий","object_area":"430","object_comment":null,"holder":"ЛКП \"Старий Львів\"","holder_id":"20782401"}},{"type":"Feature","geometry":{"type":"Point","coordinates":[24.027345652,49.847045675]},"properties":{"moid":"3181382204517255085","id":125,"geom":{"type":"Point","coordinates":[24.0273456524399,49.8470456751932]},"x":24.0273456524399,"y":49.8470456751932,"street":"Святого Теодора, пл.","housenum":"6","editor_id":null,"uid":null,"editor_date":null,"cdate":"2023-08-31T08:25:34","settlement":"Львів","district":"Галицький","street_type":"площа","address_coment":null,"object_type":"дитячий","object_area":"180","object_comment":null,"holder":"ЛКП \"Старий Львів\"","holder_id":"20782401"}},{"type":"Feature","geometry":{"type":"Point","coordinates":[24.026530004,49.846053889]},"properties":{"moid":"3181382204517255086","id":126,"geom":{"type":"Point","coordinates":[24.0265300040322,49.8460538885611]},"x":24.0265300040322,"y":49.8460538885611,"street":"Сянська","housenum":"6","editor_id":null,"uid":null,"editor_date":null,"cdate":"2023-08-31T08:25:34","settlement":"Львів","district":"Галицький","street_type":"вулиця","address_coment":null,"object_type":"дитячий","object_area":"216","object_comment":null,"holder":"ЛКП \"Старий Львів\"","holder_id":"20782401"}},{"type":"Feature","geometry":{"type":"Point","coordinates":[24.030485775,49.830871907]},"properties":{"moid":"3181382204517255087","id":127,"geom":{"type":"Point","coordinates":[24.0304857745961,49.8308719072183]},"x":24.0304857745961,"y":49.8308719072183,"street":"Гладишевського Є.","housenum":"8","editor_id":null,"uid":null,"editor_date":null,"cdate":"2023-08-31T08:25:34","settlement":"Львів","district":"Галицький","street_type":"вулиця","address_coment":null,"object_type":"дитячий","object_area":"786","object_comment":null,"holder":"ЛКП \"Княже місто\"","holder_id":"20774241"}},{"type":"Feature","geometry":{"type":"Point","coordinates":[24.033539426,49.832191751]},"properties":{"moid":"3181382204517255088","id":128,"geom":{"type":"Point","coordinates":[24.0335394256405,49.8321917506053]},"x":24.0335394256405,"y":49.8321917506053,"street":"Франка І.","housenum":"52","editor_id":null,"uid":null,"editor_date":null,"cdate":"2023-08-31T08:25:34","settlement":"Львів","district":"Галицький","street_type":"вулиця","address_coment":"вул. Франка І., 52-54","object_type":"дитячий","object_area":"140","object_comment":null,"holder":"ЛКП \"Княже місто\"","holder_id":"20774241"}},{"type":"Feature","geometry":{"type":"Point","coordinates":[24.027082372,49.834769572]},"properties":{"moid":"3181382204517255089","id":129,"geom":{"type":"Point","coordinates":[24.0270823716315,49.8347695715973]},"x":24.0270823716315,"y":49.8347695715973,"street":"Каліча Гора","housenum":"11","editor_id":null,"uid":null,"editor_date":null,"cdate":"2023-08-31T08:25:34","settlement":"Львів","district":"Галицький","street_type":"вулиця","address_coment":null,"object_type":"дитячий","object_area":"889","object_comment":null,"holder":"ЛКП \"Княже місто\"","holder_id":"20774241"}},{"type":"Feature","geometry":{"type":"Point","coordinates":[24.033091962,49.830344611]},"properties":{"moid":"3181382204517255090","id":130,"geom":{"type":"Point","coordinates":[24.03309196204171,49.83034461116927]},"x":24.03309196204171,"y":49.83034461116927,"street":"Руставелі Ш.","housenum":"34","editor_id":null,"uid":null,"editor_date":null,"cdate":"2023-08-31T08:25:34","settlement":"Львів","district":"Галицький","street_type":"вулиця","address_coment":"вул. Руставелі Ш., 34-34а","object_type":"дитячий","object_area":"143","object_comment":null,"holder":"ЛКП \"Княже місто\"","holder_id":"20774241"}},{"type":"Feature","geometry":{"type":"Point","coordinates":[24.031751431,49.828529369]},"properties":{"moid":"3181382204517255091","id":131,"geom":{"type":"Point","coordinates":[24.0317514308918,49.828529368733]},"x":24.0317514308918,"y":49.828529368733,"street":"Рутковича І.","housenum":"2","editor_id":null,"uid":null,"editor_date":null,"cdate":"2023-08-31T08:25:34","settlement":"Львів","district":"Галицький","street_type":"вулиця","address_coment":null,"object_type":"дитячий","object_area":"300","object_comment":"відсутнє обладнання","holder":"ЛКП \"Княже місто\"","holder_id":"20774241"}},{"type":"Feature","geometry":{"type":"Point","coordinates":[24.038702489,49.826419035]},"properties":{"moid":"3181382204517255092","id":132,"geom":{"type":"Point","coordinates":[24.0387024889806,49.8264190351894]},"x":24.0387024889806,"y":49.8264190351894,"street":"Тютюнників","housenum":"34","editor_id":null,"uid":null,"editor_date":null,"cdate":"2023-08-31T08:25:34","settlement":"Львів","district":"Галицький","street_type":"вулиця","address_coment":null,"object_type":"дитячий","object_area":"450","object_comment":null,"holder":"ЛКП \"Княже місто\"","holder_id":"20774241"}},{"type":"Feature","geometry":{"type":"Point","coordinates":[24.040714605,49.826709735]},"properties":{"moid":"3181382204517255093","id":133,"geom":{"type":"Point","coordinates":[24.0407146053297,49.8267097351474]},"x":24.0407146053297,"y":49.8267097351474,"street":"Тарнавського М., ген.","housenum":"106","editor_id":null,"uid":null,"editor_date":null,"cdate":"2023-08-31T08:25:34","settlement":"Львів","district":"Галицький","street_type":"вулиця","address_coment":null,"object_type":"дитячий","object_area":"360","object_comment":null,"holder":"ЛКП \"Княже місто\"","holder_id":"20774241"}},{"type":"Feature","geometry":{"type":"Point","coordinates":[24.027636367,49.826575112]},"properties":{"moid":"3181382204517255094","id":134,"geom":{"type":"Point","coordinates":[24.0276363667904,49.8265751121069]},"x":24.0276363667904,"y":49.8265751121069,"street":"Стрийська","housenum":"44","editor_id":null,"uid":null,"editor_date":null,"cdate":"2023-08-31T08:25:34","settlement":"Львів","district":"Галицький","street_type":"вулиця","address_coment":null,"object_type":"дитячо-спортивний","object_area":"350","object_comment":null,"holder":"ЛКП \"Княже місто\"","holder_id":"20774241"}},{"type":"Feature","geometry":{"type":"Point","coordinates":[24.041478808,49.826064244]},"properties":{"moid":"3181382204517255095","id":135,"geom":{"type":"Point","coordinates":[24.0414788079096,49.8260642439667]},"x":24.0414788079096,"y":49.8260642439667,"street":"Тарнавського М., ген.","housenum":"110","editor_id":null,"uid":null,"editor_date":null,"cdate":"2023-08-31T08:25:34","settlement":"Львів","district":"Галицький","street_type":"вулиця","address_coment":"вул. Тарнавського М., ген., 110-112","object_type":"дитячий","object_area":"120","object_comment":null,"holder":"ЛКП \"Княже місто\"","holder_id":"20774241"}},{"type":"Feature","geometry":{"type":"Point","coordinates":[24.029946383,49.831390188]},"properties":{"moid":"3181382204517255096","id":136,"geom":{"type":"Point","coordinates":[24.0299463832889,49.8313901880047]},"x":24.0299463832889,"y":49.8313901880047,"street":"Кирила і Мефодія","housenum":"27","editor_id":null,"uid":null,"editor_date":null,"cdate":"2023-08-31T08:25:34","settlement":"Львів","district":"Галицький","street_type":"вулиця","address_coment":null,"object_type":"дитячий","object_area":"230","object_comment":null,"holder":"ЛКП \"Княже місто\"","holder_id":"20774241"}},{"type":"Feature","geometry":{"type":"Point","coordinates":[24.026654642,49.826808817]},"properties":{"moid":"3181382204567586745","id":137,"geom":{"type":"Point","coordinates":[24.0266546418986,49.8268088173196]},"x":24.0266546418986,"y":49.8268088173196,"street":"Дзиндри Є.","housenum":"1","editor_id":null,"uid":null,"editor_date":null,"cdate":"2023-08-31T08:25:34","settlement":"Львів","district":"Галицький","street_type":"вулиця","address_coment":null,"object_type":"дитячий","object_area":"240","object_comment":"відсутнє обладнання","holder":"ЛКП \"Княже місто\"","holder_id":"20774241"}},{"type":"Feature","geometry":{"type":"Point","coordinates":[24.036985923,49.827561335]},"properties":{"moid":"3181382204567586746","id":138,"geom":{"type":"Point","coordinates":[24.036985923073438,49.82756133538225]},"x":24.036985923073438,"y":49.82756133538225,"street":"Вишиваного В., пл.","housenum":null,"editor_id":null,"uid":null,"editor_date":null,"cdate":"2023-08-31T08:25:34","settlement":"Львів","district":"Галицький","street_type":"вулиця","address_coment":null,"object_type":"дитячий","object_area":"445","object_comment":null,"holder":"ЛКП \"Княже місто\"","holder_id":"20774241"}},{"type":"Feature","geometry":{"type":"Point","coordinates":[24.012608207,49.839528048]},"properties":{"moid":"3181382204567586747","id":139,"geom":{"type":"Point","coordinates":[24.01260820697124,49.839528048249235]},"x":24.01260820697124,"y":49.839528048249235,"street":"Городоцька","housenum":null,"editor_id":null,"uid":null,"editor_date":null,"cdate":"2023-08-31T08:25:34","settlement":"Львів","district":"Галицький","street_type":"вулиця","address_coment":"вул. Городоцька - вул. Озаркевича Є.","object_type":"дитячий","object_area":"1423","object_comment":null,"holder":"ЛМКП \"Айсберг\"","holder_id":"20772578"}},{"type":"Feature","geometry":{"type":"Point","coordinates":[24.00634656,49.836533036]},"properties":{"moid":"3181382204567586748","id":140,"geom":{"type":"Point","coordinates":[24.006346559704,49.8365330362887]},"x":24.006346559704,"y":49.8365330362887,"street":"Шептицьких","housenum":"45","editor_id":null,"uid":null,"editor_date":null,"cdate":"2023-08-31T08:25:34","settlement":"Львів","district":"Галицький","street_type":"вулиця","address_coment":null,"object_type":"дитячий","object_area":"629","object_comment":null,"holder":"ЛМКП \"Айсберг\"","holder_id":"20772578"}},{"type":"Feature","geometry":{"type":"Point","coordinates":[24.028447496,49.839583194]},"properties":{"moid":"3181382204567586749","id":141,"geom":{"type":"Point","coordinates":[24.0284474961875,49.8395831944774]},"x":24.0284474961875,"y":49.8395831944774,"street":"Свободи, просп.","housenum":"1/3","editor_id":null,"uid":null,"editor_date":null,"cdate":"2023-08-31T08:25:34","settlement":"Львів","district":"Галицький","street_type":"проспект","address_coment":null,"object_type":"дитячий","object_area":null,"object_comment":null,"holder":"ЛМКП \"Айсберг\"","holder_id":"20772578"}},{"type":"Feature","geometry":{"type":"Point","coordinates":[24.008697449,49.835944412]},"properties":{"moid":"3181382204567586750","id":142,"geom":{"type":"Point","coordinates":[24.0086974485881,49.8359444118581]},"x":24.0086974485881,"y":49.8359444118581,"street":"Митрополита Андрея","housenum":"14","editor_id":null,"uid":null,"editor_date":null,"cdate":"2023-08-31T08:25:34","settlement":"Львів","district":"Галицький","street_type":"вулиця","address_coment":"вул. Митрополита Андрея, 14-18","object_type":"дитячий","object_area":"375","object_comment":null,"holder":"ЛМКП \"Айсберг\"","holder_id":"20772578"}},{"type":"Feature","geometry":{"type":"Point","coordinates":[24.019145645,49.82931149]},"properties":{"moid":"3181382204567586751","id":143,"geom":{"type":"Point","coordinates":[24.0191456446059,49.8293114902084]},"x":24.0191456446059,"y":49.8293114902084,"street":"Галицької Армії","housenum":"8","editor_id":null,"uid":null,"editor_date":null,"cdate":"2023-08-31T08:25:34","settlement":"Львів","district":"Галицький","street_type":"вулиця","address_coment":null,"object_type":"дитячий","object_area":"650","object_comment":null,"holder":"ЛМКП \"Айсберг\"","holder_id":"20772578"}},{"type":"Feature","geometry":{"type":"Point","coordinates":[24.023362966,49.833943489]},"properties":{"moid":"3181382204567586752","id":144,"geom":{"type":"Point","coordinates":[24.0233629658321,49.8339434894637]},"x":24.0233629658321,"y":49.8339434894637,"street":"Колесси Ф., акад.","housenum":"12","editor_id":null,"uid":null,"editor_date":null,"cdate":"2023-08-31T08:25:34","settlement":"Львів","district":"Галицький","street_type":"вулиця","address_coment":null,"object_type":"дитячий","object_area":"236","object_comment":null,"holder":"ЛМКП \"Айсберг\"","holder_id":"20772578"}},{"type":"Feature","geometry":{"type":"Point","coordinates":[24.019636424,49.842780068]},"properties":{"moid":"3181382204567586753","id":145,"geom":{"type":"Point","coordinates":[24.0196364243175,49.8427800681743]},"x":24.0196364243175,"y":49.8427800681743,"street":"Городоцька","housenum":"45","editor_id":null,"uid":null,"editor_date":null,"cdate":"2023-08-31T08:25:34","settlement":"Львів","district":"Галицький","street_type":"вулиця","address_coment":"вул. Городоцька, 45 - вул. Лепкого Б.","object_type":"дитячий","object_area":"544","object_comment":null,"holder":"ЛМКП \"Айсберг\"","holder_id":"20772578"}},{"type":"Feature","geometry":{"type":"Point","coordinates":[24.013938912,49.837521467]},"properties":{"moid":"3181382204567586754","id":146,"geom":{"type":"Point","coordinates":[24.01393891227893,49.83752146677332]},"x":24.01393891227893,"y":49.83752146677332,"street":"Святого Юра, пл.","housenum":null,"editor_id":null,"uid":null,"editor_date":null,"cdate":"2023-08-31T08:25:34","settlement":"Львів","district":"Галицький","street_type":"площа","address_coment":null,"object_type":"дитячий","object_area":"639","object_comment":"Вилучено ухвалою №4369 від 26.02.2015","holder":"ЛМКП \"Айсберг\"","holder_id":"20772578"}},{"type":"Feature","geometry":{"type":"Point","coordinates":[24.056542452,49.821508244]},"properties":{"moid":"3181382204567586755","id":147,"geom":{"type":"Point","coordinates":[24.0565424515482,49.8215082441284]},"x":24.0565424515482,"y":49.8215082441284,"street":"Керченська","housenum":"7","editor_id":null,"uid":null,"editor_date":null,"cdate":"2023-08-31T08:25:34","settlement":"Львів","district":"Личаківський","street_type":"вулиця","address_coment":"вул. Керченська, 7; вул. Керченська, 9","object_type":"дитячо-спортивний","object_area":"370","object_comment":null,"holder":"ЛКП \"Господар\"","holder_id":"20822324"}},{"type":"Feature","geometry":{"type":"Point","coordinates":[24.055838056,49.822389368]},"properties":{"moid":"3181382204567586756","id":148,"geom":{"type":"Point","coordinates":[24.055838056495,49.8223893677525]},"x":24.055838056495,"y":49.8223893677525,"street":"Керченська","housenum":"11","editor_id":null,"uid":null,"editor_date":null,"cdate":"2023-08-31T08:25:34","settlement":"Львів","district":"Личаківський","street_type":"вулиця","address_coment":null,"object_type":"дитячий","object_area":"1164","object_comment":null,"holder":"ЛКП \"Господар\"","holder_id":"20822324"}},{"type":"Feature","geometry":{"type":"Point","coordinates":[24.053463194,49.824134287]},"properties":{"moid":"3181382204575975365","id":149,"geom":{"type":"Point","coordinates":[24.0534631940398,49.8241342865907]},"x":24.0534631940398,"y":49.8241342865907,"street":"Керченська","housenum":"13","editor_id":null,"uid":null,"editor_date":null,"cdate":"2023-08-31T08:25:34","settlement":"Львів","district":"Личаківський","street_type":"вулиця","address_coment":null,"object_type":"дитячо-спортивний","object_area":"307","object_comment":null,"holder":"ЛКП \"Господар\"","holder_id":"20822324"}},{"type":"Feature","geometry":{"type":"Point","coordinates":[24.052465273,49.824821206]},"properties":{"moid":"3181382204575975366","id":150,"geom":{"type":"Point","coordinates":[24.0524652725963,49.8248212059666]},"x":24.0524652725963,"y":49.8248212059666,"street":"Керченська","housenum":"17","editor_id":null,"uid":null,"editor_date":null,"cdate":"2023-08-31T08:25:34","settlement":"Львів","district":"Личаківський","street_type":"вулиця","address_coment":null,"object_type":"дитячо-спортивний","object_area":"370","object_comment":null,"holder":"ЛКП \"Господар\"","holder_id":"20822324"}},{"type":"Feature","geometry":{"type":"Point","coordinates":[24.048399532,49.827960233]},"properties":{"moid":"3181382204575975367","id":151,"geom":{"type":"Point","coordinates":[24.0483995315353,49.8279602329338]},"x":24.0483995315353,"y":49.8279602329338,"street":"Родини Крушельницьких","housenum":"3","editor_id":null,"uid":null,"editor_date":null,"cdate":"2023-08-31T08:25:34","settlement":"Львів","district":"Личаківський","street_type":"вулиця","address_coment":"вул. Родини Крушельницьких, 3-5","object_type":"дитячо-спортивний","object_area":"460","object_comment":null,"holder":"ЛКП \"Господар\"","holder_id":"20822324"}},{"type":"Feature","geometry":{"type":"Point","coordinates":[24.042621941,49.826999614]},"properties":{"moid":"3181382204575975368","id":152,"geom":{"type":"Point","coordinates":[24.0426219414824,49.826999613748]},"x":24.0426219414824,"y":49.826999613748,"street":"Тарнавського М., ген.","housenum":"109","editor_id":null,"uid":null,"editor_date":null,"cdate":"2023-08-31T08:25:34","settlement":"Львів","district":"Личаківський","street_type":"вулиця","address_coment":null,"object_type":"дитячий","object_area":"378","object_comment":null,"holder":"ЛКП \"Господар\"","holder_id":"20822324"}},{"type":"Feature","geometry":{"type":"Point","coordinates":[24.048187304,49.826766166]},"properties":{"moid":"3181382204575975369","id":153,"geom":{"type":"Point","coordinates":[24.0481873037423,49.8267661658089]},"x":24.0481873037423,"y":49.8267661658089,"street":"Грицая Д., ген.","housenum":"18","editor_id":null,"uid":null,"editor_date":null,"cdate":"2023-08-31T08:25:34","settlement":"Львів","district":"Личаківський","street_type":"вулиця","address_coment":null,"object_type":"дитячий","object_area":"318","object_comment":null,"holder":"ЛКП \"Господар\"","holder_id":"20822324"}},{"type":"Feature","geometry":{"type":"Point","coordinates":[24.047289248,49.830080098]},"properties":{"moid":"3181382204575975370","id":154,"geom":{"type":"Point","coordinates":[24.0472892476197,49.8300800983312]},"x":24.0472892476197,"y":49.8300800983312,"street":"Студентська","housenum":"6","editor_id":null,"uid":null,"editor_date":null,"cdate":"2023-08-31T08:25:34","settlement":"Львів","district":"Личаківський","street_type":"вулиця","address_coment":null,"object_type":"дитячий","object_area":"950","object_comment":null,"holder":"ЛКП \"Господар\"","holder_id":"20822324"}},{"type":"Feature","geometry":{"type":"Point","coordinates":[24.045820095,49.832205094]},"properties":{"moid":"3181382204575975371","id":155,"geom":{"type":"Point","coordinates":[24.0458200947112,49.8322050944907]},"x":24.0458200947112,"y":49.8322050944907,"street":"Левицького К.","housenum":"75а","editor_id":null,"uid":null,"editor_date":null,"cdate":"2023-08-31T08:25:34","settlement":"Львів","district":"Личаківський","street_type":"вулиця","address_coment":null,"object_type":"дитячий","object_area":"190","object_comment":null,"holder":"ЛКП \"Господар\"","holder_id":"20822324"}},{"type":"Feature","geometry":{"type":"Point","coordinates":[24.041185041,49.834632421]},"properties":{"moid":"3181382204575975372","id":156,"geom":{"type":"Point","coordinates":[24.041185040704,49.8346324213094]},"x":24.041185040704,"y":49.8346324213094,"street":"Тершаковців","housenum":"1","editor_id":null,"uid":null,"editor_date":null,"cdate":"2023-08-31T08:25:34","settlement":"Львів","district":"Личаківський","street_type":"вулиця","address_coment":null,"object_type":"дитячо-спортивний","object_area":"786,5","object_comment":null,"holder":"ЛКП \"Господар\"","holder_id":"20822324"}},{"type":"Feature","geometry":{"type":"Point","coordinates":[24.039660997,49.828644334]},"properties":{"moid":"3181382204575975373","id":157,"geom":{"type":"Point","coordinates":[24.0396609970019,49.8286443344748]},"x":24.0396609970019,"y":49.8286443344748,"street":"Гузара Л., патр.","housenum":"18","editor_id":null,"uid":null,"editor_date":null,"cdate":"2023-08-31T08:25:34","settlement":"Львів","district":"Личаківський","street_type":"вулиця","address_coment":null,"object_type":"дитячо-спортивний","object_area":"546","object_comment":null,"holder":"ЛКП \"Господар\"","holder_id":"20822324"}},{"type":"Feature","geometry":{"type":"Point","coordinates":[24.040623703,49.829977245]},"properties":{"moid":"3181382204575975374","id":158,"geom":{"type":"Point","coordinates":[24.0406237027148,49.829977245202]},"x":24.0406237027148,"y":49.829977245202,"street":"Сліпого Й.","housenum":"18","editor_id":null,"uid":null,"editor_date":null,"cdate":"2023-08-31T08:25:34","settlement":"Львів","district":"Личаківський","street_type":"вулиця","address_coment":null,"object_type":"дитячо-спортивний","object_area":"996","object_comment":null,"holder":"ЛКП \"Господар\"","holder_id":"20822324"}},{"type":"Feature","geometry":{"type":"Point","coordinates":[24.039293353,49.831898051]},"properties":{"moid":"3181382204575975375","id":159,"geom":{"type":"Point","coordinates":[24.0392933526497,49.8318980507006]},"x":24.0392933526497,"y":49.8318980507006,"street":"Самійленка В.","housenum":"36","editor_id":null,"uid":null,"editor_date":null,"cdate":"2023-08-31T08:25:34","settlement":"Львів","district":"Личаківський","street_type":"вулиця","address_coment":null,"object_type":"дитячий","object_area":"270","object_comment":null,"holder":"ЛКП \"Господар\"","holder_id":"20822324"}},{"type":"Feature","geometry":{"type":"Point","coordinates":[24.038476191,49.834748231]},"properties":{"moid":"3181382204575975376","id":160,"geom":{"type":"Point","coordinates":[24.038476190912,49.8347482309167]},"x":24.038476190912,"y":49.8347482309167,"street":"Конопницької М.","housenum":"3","editor_id":null,"uid":null,"editor_date":null,"cdate":"2023-08-31T08:25:34","settlement":"Львів","district":"Личаківський","street_type":"вулиця","address_coment":null,"object_type":"дитячо-спортивний","object_area":"1880","object_comment":null,"holder":"ЛКП \"Господар\"","holder_id":"20822324"}},{"type":"Feature","geometry":{"type":"Point","coordinates":[24.03511671,49.835413521]},"properties":{"moid":"3181382204575975377","id":161,"geom":{"type":"Point","coordinates":[24.0351167100117,49.8354135205506]},"x":24.0351167100117,"y":49.8354135205506,"street":"Франка І.","housenum":"23","editor_id":null,"uid":null,"editor_date":null,"cdate":"2023-08-31T08:25:34","settlement":"Львів","district":"Личаківський","street_type":"вулиця","address_coment":null,"object_type":"дитячий","object_area":"899","object_comment":null,"holder":"ЛКП \"Господар\"","holder_id":"20822324"}},{"type":"Feature","geometry":{"type":"Point","coordinates":[24.038918318,49.83524923]},"properties":{"moid":"3181382204575975378","id":162,"geom":{"type":"Point","coordinates":[24.0389183183799,49.8352492298357]},"x":24.0389183183799,"y":49.8352492298357,"street":"Левицького К.","housenum":"23","editor_id":null,"uid":null,"editor_date":null,"cdate":"2023-08-31T08:25:34","settlement":"Львів","district":"Личаківський","street_type":"вулиця","address_coment":null,"object_type":"дитячий","object_area":"391","object_comment":null,"holder":"ЛКП \"Господар\"","holder_id":"20822324"}},{"type":"Feature","geometry":{"type":"Point","coordinates":[24.071640068,49.815961662]},"properties":{"moid":"3181382204575975379","id":163,"geom":{"type":"Point","coordinates":[24.0716400679785,49.8159616622299]},"x":24.0716400679785,"y":49.8159616622299,"street":"Вашингтона Дж.","housenum":"11","editor_id":null,"uid":null,"editor_date":null,"cdate":"2023-08-31T08:25:34","settlement":"Львів","district":"Личаківський","street_type":"вулиця","address_coment":null,"object_type":"дитячий","object_area":"1992","object_comment":null,"holder":"ЛКП \"Господар\"","holder_id":"20822324"}},{"type":"Feature","geometry":{"type":"Point","coordinates":[24.070516571,49.816405221]},"properties":{"moid":"3181382204575975380","id":164,"geom":{"type":"Point","coordinates":[24.0705165707942,49.8164052207387]},"x":24.0705165707942,"y":49.8164052207387,"street":"Вашингтона Дж.","housenum":"7а","editor_id":null,"uid":null,"editor_date":null,"cdate":"2023-08-31T08:25:34","settlement":"Львів","district":"Личаківський","street_type":"вулиця","address_coment":null,"object_type":"дитячий","object_area":"808","object_comment":null,"holder":"ЛКП \"Господар\"","holder_id":"20822324"}},{"type":"Feature","geometry":{"type":"Point","coordinates":[24.080740387,49.81655886]},"properties":{"moid":"3181382204575975381","id":165,"geom":{"type":"Point","coordinates":[24.0807403869816,49.8165588596237]},"x":24.0807403869816,"y":49.8165588596237,"street":"Лисеницька","housenum":"5","editor_id":null,"uid":null,"editor_date":null,"cdate":"2023-08-31T08:25:34","settlement":"Львів","district":"Личаківський","street_type":"вулиця","address_coment":null,"object_type":"дитячо-спортивний","object_area":"950","object_comment":null,"holder":"ЛКП \"Господар\"","holder_id":"20822324"}},{"type":"Feature","geometry":{"type":"Point","coordinates":[24.07802701,49.81917997]},"properties":{"moid":"3181382204575975382","id":166,"geom":{"type":"Point","coordinates":[24.0780270099745,49.8191799701694]},"x":24.0780270099745,"y":49.8191799701694,"street":"Пасічна","housenum":"77","editor_id":null,"uid":null,"editor_date":null,"cdate":"2023-08-31T08:25:34","settlement":"Львів","district":"Личаківський","street_type":"вулиця","address_coment":null,"object_type":"дитячий","object_area":"232","object_comment":null,"holder":"ЛКП \"Господар\"","holder_id":"20822324"}},{"type":"Feature","geometry":{"type":"Point","coordinates":[24.077193707,49.819008806]},"properties":{"moid":"3181382204575975383","id":167,"geom":{"type":"Point","coordinates":[24.0771937068522,49.8190088058783]},"x":24.0771937068522,"y":49.8190088058783,"street":"Пасічна","housenum":"79","editor_id":null,"uid":null,"editor_date":null,"cdate":"2023-08-31T08:25:34","settlement":"Львів","district":"Личаківський","street_type":"вулиця","address_coment":"вул. Пасічна, 79-81","object_type":"дитячий","object_area":"715","object_comment":null,"holder":"ЛКП \"Господар\"","holder_id":"20822324"}},{"type":"Feature","geometry":{"type":"Point","coordinates":[24.071765637,49.818157564]},"properties":{"moid":"3181382204575975384","id":168,"geom":{"type":"Point","coordinates":[24.07176563653,49.8181575638198]},"x":24.07176563653,"y":49.8181575638198,"street":"Шафарика П.","housenum":"10а","editor_id":null,"uid":null,"editor_date":null,"cdate":"2023-08-31T08:25:34","settlement":"Львів","district":"Личаківський","street_type":"вулиця","address_coment":null,"object_type":"дитячий","object_area":"865","object_comment":null,"holder":"ЛКП \"Господар\"","holder_id":"20822324"}},{"type":"Feature","geometry":{"type":"Point","coordinates":[24.071581128,49.816870416]},"properties":{"moid":"3181382204575975385","id":169,"geom":{"type":"Point","coordinates":[24.0715811283137,49.8168704163063]},"x":24.0715811283137,"y":49.8168704163063,"street":"Шафарика П.","housenum":"16","editor_id":null,"uid":null,"editor_date":null,"cdate":"2023-08-31T08:25:34","settlement":"Львів","district":"Личаківський","street_type":"вулиця","address_coment":null,"object_type":"дитячий","object_area":"870","object_comment":null,"holder":"ЛКП \"Господар\"","holder_id":"20822324"}},{"type":"Feature","geometry":{"type":"Point","coordinates":[24.083035677,49.815822283]},"properties":{"moid":"3181382204575975386","id":170,"geom":{"type":"Point","coordinates":[24.0830356767068,49.8158222828205]},"x":24.0830356767068,"y":49.8158222828205,"street":"Лисеницька","housenum":"4","editor_id":null,"uid":null,"editor_date":null,"cdate":"2023-08-31T08:25:34","settlement":"Львів","district":"Личаківський","street_type":"вулиця","address_coment":"вул. Лисеницька, 4-6","object_type":"дитячий","object_area":"1375","object_comment":null,"holder":"ЛКП \"Господар\"","holder_id":"20822324"}},{"type":"Feature","geometry":{"type":"Point","coordinates":[24.077245977,49.815466052]},"properties":{"moid":"3181382204575975387","id":171,"geom":{"type":"Point","coordinates":[24.0772459766448,49.815466052058]},"x":24.0772459766448,"y":49.815466052058,"street":"Пасічна","housenum":"102","editor_id":null,"uid":null,"editor_date":null,"cdate":"2023-08-31T08:25:34","settlement":"Львів","district":"Личаківський","street_type":"вулиця","address_coment":null,"object_type":"дитячо-спортивний","object_area":"560","object_comment":null,"holder":"ЛКП \"Господар\"","holder_id":"20822324"}},{"type":"Feature","geometry":{"type":"Point","coordinates":[24.076236404,49.817256982]},"properties":{"moid":"3181382204575975388","id":172,"geom":{"type":"Point","coordinates":[24.0762364044076,49.8172569817518]},"x":24.0762364044076,"y":49.8172569817518,"street":"Пасічна","housenum":"92","editor_id":null,"uid":null,"editor_date":null,"cdate":"2023-08-31T08:25:34","settlement":"Львів","district":"Личаківський","street_type":"вулиця","address_coment":"вул. Пасічна, 92-96","object_type":"дитячий","object_area":"346","object_comment":null,"holder":"ЛКП \"Господар\"","holder_id":"20822324"}},{"type":"Feature","geometry":{"type":"Point","coordinates":[24.07671416,49.816350595]},"properties":{"moid":"3181382204575975389","id":173,"geom":{"type":"Point","coordinates":[24.0767141595865,49.8163505953611]},"x":24.0767141595865,"y":49.8163505953611,"street":"Пасічна","housenum":"98","editor_id":null,"uid":null,"editor_date":null,"cdate":"2023-08-31T08:25:34","settlement":"Львів","district":"Личаківський","street_type":"вулиця","address_coment":null,"object_type":"дитячий","object_area":"583","object_comment":null,"holder":"ЛКП \"Господар\"","holder_id":"20822324"}},{"type":"Feature","geometry":{"type":"Point","coordinates":[24.069195666,49.817397453]},"properties":{"moid":"3181382204575975390","id":174,"geom":{"type":"Point","coordinates":[24.069195665692,49.8173974528494]},"x":24.069195665692,"y":49.8173974528494,"street":"Шафарика П.","housenum":"2","editor_id":null,"uid":null,"editor_date":null,"cdate":"2023-08-31T08:25:34","settlement":"Львів","district":"Личаківський","street_type":"вулиця","address_coment":null,"object_type":"дитячий","object_area":"650","object_comment":null,"holder":"ЛКП \"Господар\"","holder_id":"20822324"}},{"type":"Feature","geometry":{"type":"Point","coordinates":[24.07090799,49.81926958]},"properties":{"moid":"3181382204575975391","id":175,"geom":{"type":"Point","coordinates":[24.0709079896967,49.8192695799646]},"x":24.0709079896967,"y":49.8192695799646,"street":"Шафарика П.","housenum":"8","editor_id":null,"uid":null,"editor_date":null,"cdate":"2023-08-31T08:25:34","settlement":"Львів","district":"Личаківський","street_type":"вулиця","address_coment":"вул. Шафарика П., 8; вул. Шафарика П., 6; вул. Шафарика П., 10","object_type":"дитячо-спортивний","object_area":"490","object_comment":null,"holder":"ЛКП \"Господар\"","holder_id":"20822324"}},{"type":"Feature","geometry":{"type":"Point","coordinates":[24.084535683,49.834516254]},"properties":{"moid":"3181382204575975392","id":210,"geom":{"type":"Point","coordinates":[24.084535683294895,49.83451625433842]},"x":24.084535683294895,"y":49.83451625433842,"street":"Бахматюка О.","housenum":null,"editor_id":null,"uid":null,"editor_date":null,"cdate":"2023-08-31T08:25:34","settlement":"Львів","district":"Личаківський","street_type":"вулиця","address_coment":null,"object_type":"дитячо-спортивний","object_area":"112,5","object_comment":null,"holder":"ЛКП \"Господар\"","holder_id":"20822324"}},{"type":"Feature","geometry":{"type":"Point","coordinates":[24.082469143,49.816318758]},"properties":{"moid":"3181382204575975393","id":176,"geom":{"type":"Point","coordinates":[24.0824691427119,49.8163187576443]},"x":24.0824691427119,"y":49.8163187576443,"street":"Лисеницька","housenum":"11","editor_id":null,"uid":null,"editor_date":null,"cdate":"2023-08-31T08:25:34","settlement":"Львів","district":"Личаківський","street_type":"вулиця","address_coment":"вул. Лисеницька, 11-13","object_type":"дитячо-спортивний","object_area":"450","object_comment":null,"holder":"ЛКП \"Господар\"","holder_id":"20822324"}},{"type":"Feature","geometry":{"type":"Point","coordinates":[24.070742625,49.830975066]},"properties":{"moid":"3181382204575975394","id":177,"geom":{"type":"Point","coordinates":[24.0707426251975,49.8309750662719]},"x":24.0707426251975,"y":49.8309750662719,"street":"Таджицька","housenum":"5","editor_id":null,"uid":null,"editor_date":null,"cdate":"2023-08-31T08:25:34","settlement":"Львів","district":"Личаківський","street_type":"вулиця","address_coment":"вул. Таджицька, 5-7","object_type":"дитячий","object_area":"180","object_comment":null,"holder":"ЛКП \"Господар\"","holder_id":"20822324"}},{"type":"Feature","geometry":{"type":"Point","coordinates":[24.068855853,49.830007543]},"properties":{"moid":"3181382204575975395","id":178,"geom":{"type":"Point","coordinates":[24.0688558526296,49.8300075433612]},"x":24.0688558526296,"y":49.8300075433612,"street":"Пасічна","housenum":"42","editor_id":null,"uid":null,"editor_date":null,"cdate":"2023-08-31T08:25:34","settlement":"Львів","district":"Личаківський","street_type":"вулиця","address_coment":"вул. Пасічна, 42-54","object_type":"дитячий","object_area":"169","object_comment":null,"holder":"ЛКП \"Господар\"","holder_id":"20822324"}},{"type":"Feature","geometry":{"type":"Point","coordinates":[24.069459633,49.829304062]},"properties":{"moid":"3181382204575975396","id":179,"geom":{"type":"Point","coordinates":[24.069459632506,49.8293040622239]},"x":24.069459632506,"y":49.8293040622239,"street":"Пасічна","housenum":"56","editor_id":null,"uid":null,"editor_date":null,"cdate":"2023-08-31T08:25:34","settlement":"Львів","district":"Личаківський","street_type":"вулиця","address_coment":"вул. Пасічна, 56-58","object_type":"дитячий","object_area":"267,8","object_comment":null,"holder":"ЛКП \"Господар\"","holder_id":"20822324"}},{"type":"Feature","geometry":{"type":"Point","coordinates":[24.073024099,49.825856307]},"properties":{"moid":"3181382204575975397","id":180,"geom":{"type":"Point","coordinates":[24.0730240994008,49.8258563067967]},"x":24.0730240994008,"y":49.8258563067967,"street":"Пасічна","housenum":"70","editor_id":null,"uid":null,"editor_date":null,"cdate":"2023-08-31T08:25:34","settlement":"Львів","district":"Личаківський","street_type":"вулиця","address_coment":null,"object_type":"дитячо-спортивний","object_area":"310","object_comment":null,"holder":"ЛКП \"Господар\"","holder_id":"20822324"}},{"type":"Feature","geometry":{"type":"Point","coordinates":[24.06960811,49.82860678]},"properties":{"moid":"3181382204575975398","id":181,"geom":{"type":"Point","coordinates":[24.0696081101375,49.8286067800167]},"x":24.0696081101375,"y":49.8286067800167,"street":"Пасічна","housenum":"62","editor_id":null,"uid":null,"editor_date":null,"cdate":"2023-08-31T08:25:34","settlement":"Львів","district":"Личаківський","street_type":"вулиця","address_coment":null,"object_type":"дитячий","object_area":"400","object_comment":null,"holder":"ЛКП \"Господар\"","holder_id":"20822324"}},{"type":"Feature","geometry":{"type":"Point","coordinates":[24.072209079,49.827257498]},"properties":{"moid":"3181382204575975399","id":182,"geom":{"type":"Point","coordinates":[24.0722090791196,49.8272574980942]},"x":24.0722090791196,"y":49.8272574980942,"street":"Пасічна","housenum":"53","editor_id":null,"uid":null,"editor_date":null,"cdate":"2023-08-31T08:25:34","settlement":"Львів","district":"Личаківський","street_type":"вулиця","address_coment":null,"object_type":"дитячо-спортивний","object_area":"225","object_comment":null,"holder":"ЛКП \"Господар\"","holder_id":"20822324"}},{"type":"Feature","geometry":{"type":"Point","coordinates":[24.080581566,49.82171235]},"properties":{"moid":"3181382204575975400","id":183,"geom":{"type":"Point","coordinates":[24.0805815664185,49.8217123501252]},"x":24.0805815664185,"y":49.8217123501252,"street":"Китайська","housenum":"12","editor_id":null,"uid":null,"editor_date":null,"cdate":"2023-08-31T08:25:34","settlement":"Львів","district":"Личаківський","street_type":"вулиця","address_coment":null,"object_type":"дитячий","object_area":"176,5","object_comment":null,"holder":"ЛКП \"Господар\"","holder_id":"20822324"}},{"type":"Feature","geometry":{"type":"Point","coordinates":[24.081425891,49.823693441]},"properties":{"moid":"3181382204575975401","id":184,"geom":{"type":"Point","coordinates":[24.0814258914482,49.8236934413051]},"x":24.0814258914482,"y":49.8236934413051,"street":"Медової Печери","housenum":"36","editor_id":null,"uid":null,"editor_date":null,"cdate":"2023-08-31T08:25:34","settlement":"Львів","district":"Личаківський","street_type":"вулиця","address_coment":null,"object_type":"дитячо-спортивний","object_area":"325","object_comment":null,"holder":"ЛКП \"Господар\"","holder_id":"20822324"}},{"type":"Feature","geometry":{"type":"Point","coordinates":[24.075277414,49.827185945]},"properties":{"moid":"3181382204575975402","id":185,"geom":{"type":"Point","coordinates":[24.0752774143268,49.8271859447796]},"x":24.0752774143268,"y":49.8271859447796,"street":"Медової Печери","housenum":"7","editor_id":null,"uid":null,"editor_date":null,"cdate":"2023-08-31T08:25:34","settlement":"Львів","district":"Личаківський","street_type":"вулиця","address_coment":"вул. Медової Печери, 7-9","object_type":"дитячий","object_area":"2000","object_comment":null,"holder":"ЛКП \"Господар\"","holder_id":"20822324"}},{"type":"Feature","geometry":{"type":"Point","coordinates":[24.083779899,49.823510493]},"properties":{"moid":"3181382204575975403","id":186,"geom":{"type":"Point","coordinates":[24.0837798993507,49.823510492503]},"x":24.0837798993507,"y":49.823510492503,"street":"Медової Печери","housenum":"65","editor_id":null,"uid":null,"editor_date":null,"cdate":"2023-08-31T08:25:34","settlement":"Львів","district":"Личаківський","street_type":"вулиця","address_coment":null,"object_type":"дитячо-спортивний","object_area":"1590","object_comment":null,"holder":"ЛКП \"Господар\"","holder_id":"20822324"}},{"type":"Feature","geometry":{"type":"Point","coordinates":[24.076571954,49.820680029]},"properties":{"moid":"3181382204584364012","id":187,"geom":{"type":"Point","coordinates":[24.0765719537004,49.8206800285806]},"x":24.0765719537004,"y":49.8206800285806,"street":"Пасічна","housenum":"73","editor_id":null,"uid":null,"editor_date":null,"cdate":"2023-08-31T08:25:34","settlement":"Львів","district":"Личаківський","street_type":"вулиця","address_coment":null,"object_type":"дитячо-спортивний","object_area":"175","object_comment":null,"holder":"ЛКП \"Господар\"","holder_id":"20822324"}},{"type":"Feature","geometry":{"type":"Point","coordinates":[24.076247927,49.821087709]},"properties":{"moid":"3181382204584364013","id":188,"geom":{"type":"Point","coordinates":[24.0762479274454,49.8210877094805]},"x":24.0762479274454,"y":49.8210877094805,"street":"Пасічна","housenum":"71а","editor_id":null,"uid":null,"editor_date":null,"cdate":"2023-08-31T08:25:34","settlement":"Львів","district":"Личаківський","street_type":"вулиця","address_coment":"вул. Пасічна, 71а; вул. Пасічна, 73 - вул. Китайська, 2","object_type":"дитячо-спортивний","object_area":"330","object_comment":null,"holder":"ЛКП \"Господар\"","holder_id":"20822324"}},{"type":"Feature","geometry":{"type":"Point","coordinates":[24.08086907,49.822721255]},"properties":{"moid":"3181382204584364014","id":189,"geom":{"type":"Point","coordinates":[24.0808690703752,49.8227212547346]},"x":24.0808690703752,"y":49.8227212547346,"street":"Садівнича","housenum":"45","editor_id":null,"uid":null,"editor_date":null,"cdate":"2023-08-31T08:25:34","settlement":"Львів","district":"Личаківський","street_type":"вулиця","address_coment":"вул. Садівнича, 45-47","object_type":"дитячий","object_area":"450","object_comment":null,"holder":"ЛКП \"Господар\"","holder_id":"20822324"}},{"type":"Feature","geometry":{"type":"Point","coordinates":[24.064547882,49.837395849]},"properties":{"moid":"3181382204584364015","id":190,"geom":{"type":"Point","coordinates":[24.0645478822917,49.837395848878]},"x":24.0645478822917,"y":49.837395848878,"street":"Копальна","housenum":"6","editor_id":null,"uid":null,"editor_date":null,"cdate":"2023-08-31T08:25:34","settlement":"Львів","district":"Личаківський","street_type":"вулиця","address_coment":null,"object_type":"дитячо-спортивний","object_area":"400","object_comment":null,"holder":"ЛКП \"Господар\"","holder_id":"20822324"}},{"type":"Feature","geometry":{"type":"Point","coordinates":[24.087855141,49.83591204]},"properties":{"moid":"3181382204584364016","id":191,"geom":{"type":"Point","coordinates":[24.0878551406255,49.8359120404249]},"x":24.0878551406255,"y":49.8359120404249,"street":"Січова","housenum":"36","editor_id":null,"uid":null,"editor_date":null,"cdate":"2023-08-31T08:25:34","settlement":"Львів","district":"Личаківський","street_type":"вулиця","address_coment":null,"object_type":"дитячо-спортивний","object_area":"575","object_comment":null,"holder":"ЛКП \"Господар\"","holder_id":"20822324"}},{"type":"Feature","geometry":{"type":"Point","coordinates":[24.056647493,49.839196105]},"properties":{"moid":"3181382204584364017","id":192,"geom":{"type":"Point","coordinates":[24.056647492693763,49.83919610454883]},"x":24.056647492693763,"y":49.83919610454883,"street":"Круп'ярська","housenum":null,"editor_id":null,"uid":null,"editor_date":null,"cdate":"2023-08-31T08:25:34","settlement":"Львів","district":"Личаківський","street_type":"вулиця","address_coment":"вул. Круп'ярська - вул. Воробкевича С.","object_type":"дитячий","object_area":"340","object_comment":null,"holder":"ЛКП \"Господар\"","holder_id":"20822324"}},{"type":"Feature","geometry":{"type":"Point","coordinates":[24.049790621,49.839789597]},"properties":{"moid":"3181382204584364018","id":193,"geom":{"type":"Point","coordinates":[24.0497906211157,49.8397895965344]},"x":24.0497906211157,"y":49.8397895965344,"street":"Личаківська","housenum":"60","editor_id":null,"uid":null,"editor_date":null,"cdate":"2023-08-31T08:25:34","settlement":"Львів","district":"Личаківський","street_type":"вулиця","address_coment":null,"object_type":"дитячий","object_area":"560","object_comment":null,"holder":"ЛКП \"Господар\"","holder_id":"20822324"}},{"type":"Feature","geometry":{"type":"Point","coordinates":[24.050237764,49.842087103]},"properties":{"moid":"3181382204584364019","id":194,"geom":{"type":"Point","coordinates":[24.0502377639128,49.842087103071]},"x":24.0502377639128,"y":49.842087103071,"street":"Піскова","housenum":"9","editor_id":null,"uid":null,"editor_date":null,"cdate":"2023-08-31T08:25:34","settlement":"Львів","district":"Личаківський","street_type":"вулиця","address_coment":null,"object_type":"дитячий","object_area":"426","object_comment":null,"holder":"ЛКП \"Господар\"","holder_id":"20822324"}},{"type":"Feature","geometry":{"type":"Point","coordinates":[24.051650236,49.84140316]},"properties":{"moid":"3181382204584364020","id":195,"geom":{"type":"Point","coordinates":[24.0516502364359,49.8414031599661]},"x":24.0516502364359,"y":49.8414031599661,"street":"Харківська","housenum":"29","editor_id":null,"uid":null,"editor_date":null,"cdate":"2023-08-31T08:25:34","settlement":"Львів","district":"Личаківський","street_type":"вулиця","address_coment":null,"object_type":"дитячо-спортивний","object_area":"410","object_comment":null,"holder":"ЛКП \"Господар\"","holder_id":"20822324"}},{"type":"Feature","geometry":{"type":"Point","coordinates":[24.056653778,49.838345494]},"properties":{"moid":"3181382204584364021","id":196,"geom":{"type":"Point","coordinates":[24.0566537781206,49.8383454940031]},"x":24.0566537781206,"y":49.8383454940031,"street":"Личаківська","housenum":"119","editor_id":null,"uid":null,"editor_date":null,"cdate":"2023-08-31T08:25:34","settlement":"Львів","district":"Личаківський","street_type":"вулиця","address_coment":null,"object_type":"дитячий","object_area":"225","object_comment":null,"holder":"ЛКП \"Господар\"","holder_id":"20822324"}},{"type":"Feature","geometry":{"type":"Point","coordinates":[24.057149711,49.836584672]},"properties":{"moid":"3181382204584364022","id":197,"geom":{"type":"Point","coordinates":[24.0571497113704,49.8365846722458]},"x":24.0571497113704,"y":49.8365846722458,"street":"Руфа Ю.","housenum":"55а","editor_id":null,"uid":null,"editor_date":null,"cdate":"2023-08-31T08:25:34","settlement":"Львів","district":"Личаківський","street_type":"вулиця","address_coment":null,"object_type":"дитячий","object_area":"852","object_comment":null,"holder":"ЛКП \"Господар\"","holder_id":"20822324"}},{"type":"Feature","geometry":{"type":"Point","coordinates":[24.085195174,49.848427365]},"properties":{"moid":"3181382204584364023","id":198,"geom":{"type":"Point","coordinates":[24.085195173762546,49.84842736520889]},"x":24.085195173762546,"y":49.84842736520889,"street":"Богданівська","housenum":null,"editor_id":null,"uid":null,"editor_date":null,"cdate":"2023-08-31T08:25:34","settlement":"Львів","district":"Личаківський","street_type":"вулиця","address_coment":null,"object_type":"дитячо-спортивний","object_area":"1125","object_comment":null,"holder":"ЛКП \"Господар\"","holder_id":"20822324"}},{"type":"Feature","geometry":{"type":"Point","coordinates":[24.061448985,49.837539146]},"properties":{"moid":"3181382204584364024","id":199,"geom":{"type":"Point","coordinates":[24.061448984571427,49.83753914561889]},"x":24.061448984571427,"y":49.83753914561889,"street":"Героїв Маріуполя","housenum":"1","editor_id":null,"uid":null,"editor_date":null,"cdate":"2023-08-31T08:25:34","settlement":"Львів","district":"Личаківський","street_type":"вулиця","address_coment":null,"object_type":"дитячо-спортивний","object_area":"525","object_comment":null,"holder":"ЛКП \"Господар\"","holder_id":"20822324"}},{"type":"Feature","geometry":{"type":"Point","coordinates":[24.048072391,49.83962571]},"properties":{"moid":"3181382204584364025","id":200,"geom":{"type":"Point","coordinates":[24.048072390969285,49.839625710063515]},"x":24.048072390969285,"y":49.839625710063515,"street":"Кармалюка У.","housenum":"4","editor_id":null,"uid":null,"editor_date":null,"cdate":"2023-08-31T08:25:34","settlement":"Львів","district":"Личаківський","street_type":"вулиця","address_coment":null,"object_type":"дитячий","object_area":"700","object_comment":null,"holder":"ЛКП \"Господар\"","holder_id":"20822324"}},{"type":"Feature","geometry":{"type":"Point","coordinates":[24.043700442,49.83800887]},"properties":{"moid":"3181382204584364026","id":201,"geom":{"type":"Point","coordinates":[24.0437004421066,49.8380088704446]},"x":24.0437004421066,"y":49.8380088704446,"street":"Чернігівська","housenum":"23","editor_id":null,"uid":null,"editor_date":null,"cdate":"2023-08-31T08:25:34","settlement":"Львів","district":"Личаківський","street_type":"вулиця","address_coment":null,"object_type":"дитячий","object_area":"750","object_comment":null,"holder":"ЛКП \"Господар\"","holder_id":"20822324"}},{"type":"Feature","geometry":{"type":"Point","coordinates":[24.044118208,49.844301889]},"properties":{"moid":"3181382204584364027","id":202,"geom":{"type":"Point","coordinates":[24.044118208354508,49.84430188894006]},"x":24.044118208354508,"y":49.84430188894006,"street":"Барвінських","housenum":null,"editor_id":null,"uid":null,"editor_date":null,"cdate":"2023-08-31T08:25:34","settlement":"Львів","district":"Личаківський","street_type":"вулиця","address_coment":"охмадит","object_type":"дитячий","object_area":"630","object_comment":null,"holder":"ЛКП \"Господар\"","holder_id":"20822324"}},{"type":"Feature","geometry":{"type":"Point","coordinates":[24.043830252,49.842189813]},"properties":{"moid":"3181382204584364028","id":203,"geom":{"type":"Point","coordinates":[24.0438302524219,49.8421898128545]},"x":24.0438302524219,"y":49.8421898128545,"street":"Лисенка М.","housenum":"14","editor_id":null,"uid":null,"editor_date":null,"cdate":"2023-08-31T08:25:34","settlement":"Львів","district":"Личаківський","street_type":"вулиця","address_coment":null,"object_type":"дитячо-спортивний","object_area":"1900","object_comment":null,"holder":"ЛКП \"Господар\"","holder_id":"20822324"}},{"type":"Feature","geometry":{"type":"Point","coordinates":[24.048903198,49.84456738]},"properties":{"moid":"3181382204584364029","id":204,"geom":{"type":"Point","coordinates":[24.04890319839466,49.844567380430874]},"x":24.04890319839466,"y":49.844567380430874,"street":"Харківська","housenum":null,"editor_id":null,"uid":null,"editor_date":null,"cdate":"2023-08-31T08:25:34","settlement":"Львів","district":"Личаківський","street_type":"вулиця","address_coment":"вул. Харківська - вул. Лісна","object_type":"дитячий","object_area":"900","object_comment":null,"holder":"ЛКП \"Господар\"","holder_id":"20822324"}},{"type":"Feature","geometry":{"type":"Point","coordinates":[24.074201839,49.83302206]},"properties":{"moid":"3181382204584364030","id":205,"geom":{"type":"Point","coordinates":[24.0742018394821,49.833022059902]},"x":24.0742018394821,"y":49.833022059902,"street":"Голубця М.","housenum":"39","editor_id":null,"uid":null,"editor_date":null,"cdate":"2023-08-31T08:25:34","settlement":"Львів","district":"Личаківський","street_type":"вулиця","address_coment":"вул. Голубця М., 39 - вул. Ярова","object_type":"дитячо-спортивний","object_area":"1250","object_comment":null,"holder":"ЛКП \"Господар\"","holder_id":"20822324"}},{"type":"Feature","geometry":{"type":"Point","coordinates":[24.097538728,49.843277746]},"properties":{"moid":"3181382204584364031","id":206,"geom":{"type":"Point","coordinates":[24.0975387278165,49.8432777463727]},"x":24.0975387278165,"y":49.8432777463727,"street":"Глинянський Тракт","housenum":"147а","editor_id":null,"uid":null,"editor_date":null,"cdate":"2023-08-31T08:25:34","settlement":"Львів","district":"Личаківський","street_type":"вулиця","address_coment":"2-й під'їзд","object_type":"дитячий","object_area":"170","object_comment":null,"holder":"ЛКП \"Господар\"","holder_id":"20822324"}},{"type":"Feature","geometry":{"type":"Point","coordinates":[24.100246668,49.843414826]},"properties":{"moid":"3181382204584363008","id":207,"geom":{"type":"Point","coordinates":[24.1002466679495,49.8434148263665]},"x":24.1002466679495,"y":49.8434148263665,"street":"Глинянський Тракт","housenum":"161а","editor_id":null,"uid":null,"editor_date":null,"cdate":"2023-08-31T08:25:34","settlement":"Львів","district":"Личаківський","street_type":"вулиця","address_coment":"вул. Глинянський Тракт, 161а-161б","object_type":"дитячий","object_area":"420","object_comment":null,"holder":"ЛКП \"Господар\"","holder_id":"20822324"}},{"type":"Feature","geometry":{"type":"Point","coordinates":[24.101809598,49.843599924]},"properties":{"moid":"3181382204584363009","id":208,"geom":{"type":"Point","coordinates":[24.1018095979706,49.8435999236454]},"x":24.1018095979706,"y":49.8435999236454,"street":"Глинянський Тракт","housenum":"161г","editor_id":null,"uid":null,"editor_date":null,"cdate":"2023-08-31T08:25:34","settlement":"Львів","district":"Личаківський","street_type":"вулиця","address_coment":null,"object_type":"дитячо-спортивний","object_area":"745","object_comment":null,"holder":"ЛКП \"Господар\"","holder_id":"20822324"}},{"type":"Feature","geometry":{"type":"Point","coordinates":[24.10050144,49.843621846]},"properties":{"moid":"3181382204584363010","id":209,"geom":{"type":"Point","coordinates":[24.100501440086,49.8436218464928]},"x":24.100501440086,"y":49.8436218464928,"street":"Глинянський Тракт","housenum":"161в","editor_id":null,"uid":null,"editor_date":null,"cdate":"2023-08-31T08:25:34","settlement":"Львів","district":"Личаківський","street_type":"вулиця","address_coment":null,"object_type":"дитячий","object_area":"150","object_comment":null,"holder":"ЛКП \"Господар\"","holder_id":"20822324"}},{"type":"Feature","geometry":{"type":"Point","coordinates":[24.06380398,49.840732435]},"properties":{"moid":"3181382204584363011","id":211,"geom":{"type":"Point","coordinates":[24.063803980009,49.8407324348914]},"x":24.063803980009,"y":49.8407324348914,"street":"Ялтинська","housenum":"1","editor_id":null,"uid":null,"editor_date":null,"cdate":"2023-08-31T08:25:34","settlement":"Львів","district":"Личаківський","street_type":"вулиця","address_coment":null,"object_type":"дитячо-спортивний","object_area":"1820","object_comment":null,"holder":"ЛКП \"Господар\"","holder_id":"20822324"}},{"type":"Feature","geometry":{"type":"Point","coordinates":[24.054569212,49.858374167]},"properties":{"moid":"3181382204584363012","id":212,"geom":{"type":"Point","coordinates":[24.0545692120109,49.8583741665691]},"x":24.0545692120109,"y":49.8583741665691,"street":"Зубрицького Д.","housenum":"3","editor_id":null,"uid":null,"editor_date":null,"cdate":"2023-08-31T08:25:34","settlement":"Львів","district":"Личаківський","street_type":"вулиця","address_coment":null,"object_type":"дитячий","object_area":"306","object_comment":null,"holder":"ЛКП \"Господар\"","holder_id":"20822324"}},{"type":"Feature","geometry":{"type":"Point","coordinates":[24.063107145,49.857442165]},"properties":{"moid":"3181382204584363013","id":213,"geom":{"type":"Point","coordinates":[24.0631071449982,49.8574421654204]},"x":24.0631071449982,"y":49.8574421654204,"street":"Польова","housenum":"29","editor_id":null,"uid":null,"editor_date":null,"cdate":"2023-08-31T08:25:34","settlement":"Львів","district":"Личаківський","street_type":"вулиця","address_coment":null,"object_type":"дитячо-спортивний","object_area":"1600","object_comment":null,"holder":"ЛКП \"Господар\"","holder_id":"20822324"}},{"type":"Feature","geometry":{"type":"Point","coordinates":[24.058999566,49.8550553]},"properties":{"moid":"3181382204584363014","id":214,"geom":{"type":"Point","coordinates":[24.0589995662047,49.8550553004583]},"x":24.0589995662047,"y":49.8550553004583,"street":"Новознесенська","housenum":"105","editor_id":null,"uid":null,"editor_date":null,"cdate":"2023-08-31T08:25:34","settlement":"Львів","district":"Личаківський","street_type":"вулиця","address_coment":null,"object_type":"дитячий","object_area":"525","object_comment":null,"holder":"ЛКП \"Господар\"","holder_id":"20822324"}},{"type":"Feature","geometry":{"type":"Point","coordinates":[24.048959904,49.857814334]},"properties":{"moid":"3181382204584363015","id":215,"geom":{"type":"Point","coordinates":[24.0489599042295,49.8578143344408]},"x":24.0489599042295,"y":49.8578143344408,"street":"Височана С.","housenum":"7","editor_id":null,"uid":null,"editor_date":null,"cdate":"2023-08-31T08:25:34","settlement":"Львів","district":"Личаківський","street_type":"вулиця","address_coment":null,"object_type":"дитячий","object_area":"429","object_comment":null,"holder":"ЛКП \"Господар\"","holder_id":"20822324"}},{"type":"Feature","geometry":{"type":"Point","coordinates":[24.05966624,49.859141584]},"properties":{"moid":"3181382204584363016","id":216,"geom":{"type":"Point","coordinates":[24.059666239613023,49.859141584369134]},"x":24.059666239613023,"y":49.859141584369134,"street":"Пластова","housenum":null,"editor_id":null,"uid":null,"editor_date":null,"cdate":"2023-08-31T08:25:34","settlement":"Львів","district":"Личаківський","street_type":"вулиця","address_coment":"вул. Пластова - вул. Ковельська","object_type":"дитячий","object_area":"1000","object_comment":null,"holder":"ЛКП \"Господар\"","holder_id":"20822324"}},{"type":"Feature","geometry":{"type":"Point","coordinates":[24.052471952,49.855260154]},"properties":{"moid":"3181382204584363017","id":217,"geom":{"type":"Point","coordinates":[24.0524719519717,49.855260154026084]},"x":24.0524719519717,"y":49.855260154026084,"street":"Молочна","housenum":null,"editor_id":null,"uid":null,"editor_date":null,"cdate":"2023-08-31T08:25:34","settlement":"Львів","district":"Личаківський","street_type":"вулиця","address_coment":null,"object_type":"дитячо-спортивний","object_area":"1366","object_comment":null,"holder":"ЛКП \"Господар\"","holder_id":"20822324"}},{"type":"Feature","geometry":{"type":"Point","coordinates":[24.080705799,49.842099636]},"properties":{"moid":"3181382204584363018","id":218,"geom":{"type":"Point","coordinates":[24.080705799365163,49.84209963558345]},"x":24.080705799365163,"y":49.84209963558345,"street":"Над Джерелом","housenum":null,"editor_id":null,"uid":null,"editor_date":null,"cdate":"2023-08-31T08:25:34","settlement":"Львів","district":"Личаківський","street_type":"вулиця","address_coment":null,"object_type":"дитячо-спортивний","object_area":"1758","object_comment":null,"holder":"ЛКП \"Господар\"","holder_id":"20822324"}},{"type":"Feature","geometry":{"type":"Point","coordinates":[24.1413536,49.8065265]},"properties":{"moid":"3181382204584363019","id":219,"geom":{"type":"Point","coordinates":[24.1413536,49.8065265]},"x":24.1413536,"y":49.8065265,"street":"Грушевського М.","housenum":null,"editor_id":null,"uid":null,"editor_date":null,"cdate":"2023-08-31T08:25:34","settlement":"Винники","district":"Личаківський","street_type":"вулиця","address_coment":null,"object_type":"дитячо-спортивний","object_area":"255","object_comment":null,"holder":"КП \"Добробут\"","holder_id":"40783986"}},{"type":"Feature","geometry":{"type":"Point","coordinates":[24.1477648,49.8237623]},"properties":{"moid":"3181382204584363020","id":220,"geom":{"type":"Point","coordinates":[24.1477648,49.8237623]},"x":24.1477648,"y":49.8237623,"street":"Кільцева","housenum":"1","editor_id":null,"uid":null,"editor_date":null,"cdate":"2023-08-31T08:25:34","settlement":"Винники","district":"Личаківський","street_type":"вулиця","address_coment":"вул. Кільцева, 1-3","object_type":"дитячо-спортивний","object_area":"1786","object_comment":null,"holder":"КП \"Добробут\"","holder_id":"40783986"}},{"type":"Feature","geometry":{"type":"Point","coordinates":[24.1515338,49.82332]},"properties":{"moid":"3181382204584363021","id":221,"geom":{"type":"Point","coordinates":[24.1515338,49.82332]},"x":24.1515338,"y":49.82332,"street":"Кільцева","housenum":"10","editor_id":null,"uid":null,"editor_date":null,"cdate":"2023-08-31T08:25:34","settlement":"Винники","district":"Личаківський","street_type":"вулиця","address_coment":null,"object_type":"дитячий","object_area":"1532","object_comment":null,"holder":"КП \"Добробут\"","holder_id":"40783986"}},{"type":"Feature","geometry":{"type":"Point","coordinates":[24.1499515,49.8227576]},"properties":{"moid":"3181382204584363022","id":222,"geom":{"type":"Point","coordinates":[24.1499515,49.8227576]},"x":24.1499515,"y":49.8227576,"street":"Кільцева","housenum":"2а","editor_id":null,"uid":null,"editor_date":null,"cdate":"2023-08-31T08:25:34","settlement":"Винники","district":"Личаківський","street_type":"вулиця","address_coment":null,"object_type":"дитячо-спортивний","object_area":"346","object_comment":null,"holder":"КП \"Добробут\"","holder_id":"40783986"}},{"type":"Feature","geometry":{"type":"Point","coordinates":[24.1481381,49.8083298]},"properties":{"moid":"3181382204584363023","id":223,"geom":{"type":"Point","coordinates":[24.1481381,49.8083298]},"x":24.1481381,"y":49.8083298,"street":"Сагайдачного, гетьм.","housenum":null,"editor_id":null,"uid":null,"editor_date":null,"cdate":"2023-08-31T08:25:34","settlement":"Винники","district":"Личаківський","street_type":"вулиця","address_coment":null,"object_type":"дитячо-спортивний","object_area":"610","object_comment":null,"holder":"КП \"Добробут\"","holder_id":"40783986"}},{"type":"Feature","geometry":{"type":"Point","coordinates":[24.1426563,49.8131621]},"properties":{"moid":"3181382204584363024","id":224,"geom":{"type":"Point","coordinates":[24.1426563,49.8131621]},"x":24.1426563,"y":49.8131621,"street":"Стрілецька","housenum":null,"editor_id":null,"uid":null,"editor_date":null,"cdate":"2023-08-31T08:25:34","settlement":"Винники","district":"Личаківський","street_type":"вулиця","address_coment":null,"object_type":"дитячо-спортивний","object_area":"360","object_comment":null,"holder":"КП \"Добробут\"","holder_id":"40783986"}},{"type":"Feature","geometry":{"type":"Point","coordinates":[24.1346612,49.810095]},"properties":{"moid":"3181382204584363025","id":225,"geom":{"type":"Point","coordinates":[24.1346612,49.810095]},"x":24.1346612,"y":49.810095,"street":"Шевченка","housenum":null,"editor_id":null,"uid":null,"editor_date":null,"cdate":"2023-08-31T08:25:34","settlement":"Винники","district":"Личаківський","street_type":"вулиця","address_coment":null,"object_type":"дитячий","object_area":"90","object_comment":null,"holder":"КП \"Добробут\"","holder_id":"40783986"}},{"type":"Feature","geometry":{"type":"Point","coordinates":[24.134699668,49.815009415]},"properties":{"moid":"3181382204584363026","id":226,"geom":{"type":"Point","coordinates":[24.134699667564362,49.81500941453364]},"x":24.134699667564362,"y":49.81500941453364,"street":"Шевченка","housenum":"2","editor_id":null,"uid":null,"editor_date":null,"cdate":"2023-08-31T08:25:34","settlement":"Винники","district":"Личаківський","street_type":"вулиця","address_coment":null,"object_type":"дитячий","object_area":"630","object_comment":null,"holder":"КП \"Добробут\"","holder_id":"40783986"}},{"type":"Feature","geometry":{"type":"Point","coordinates":[24.1430219,49.8171372]},"properties":{"moid":"3181382204584363027","id":227,"geom":{"type":"Point","coordinates":[24.1430219,49.8171372]},"x":24.1430219,"y":49.8171372,"street":"Галицька","housenum":null,"editor_id":null,"uid":null,"editor_date":null,"cdate":"2023-08-31T08:25:34","settlement":"Винники","district":"Личаківський","street_type":"вулиця","address_coment":"Парк \"Незалежності\"","object_type":"дитячий","object_area":"208","object_comment":null,"holder":"КП \"Добробут\"","holder_id":"40783986"}},{"type":"Feature","geometry":{"type":"Point","coordinates":[24.14833,49.8232561]},"properties":{"moid":"3181382204592751636","id":228,"geom":{"type":"Point","coordinates":[24.14833,49.8232561]},"x":24.14833,"y":49.8232561,"street":"Кільцева","housenum":"1","editor_id":null,"uid":null,"editor_date":null,"cdate":"2023-08-31T08:25:34","settlement":"Винники","district":"Личаківський","street_type":"вулиця","address_coment":"вул. Кільцева, 1-3","object_type":"міні-футбольний майданчик","object_area":"300","object_comment":null,"holder":"КП \"Добробут\"","holder_id":"40783986"}},{"type":"Feature","geometry":{"type":"Point","coordinates":[24.1366357,49.8208076]},"properties":{"moid":"3181382204592751637","id":229,"geom":{"type":"Point","coordinates":[24.1366357,49.8208076]},"x":24.1366357,"y":49.8208076,"street":"Івасюка В.","housenum":"19","editor_id":null,"uid":null,"editor_date":null,"cdate":"2023-08-31T08:25:34","settlement":"Винники","district":"Личаківський","street_type":"вулиця","address_coment":"вул. Івасюка В., 19-21","object_type":"дитячо-спортивний","object_area":"4134","object_comment":null,"holder":"КП \"Добробут\"","holder_id":"40783986"}},{"type":"Feature","geometry":{"type":"Point","coordinates":[24.1406931,49.823091]},"properties":{"moid":"3181382204592751638","id":230,"geom":{"type":"Point","coordinates":[24.1406931,49.823091]},"x":24.1406931,"y":49.823091,"street":"Винна Гора","housenum":"12","editor_id":null,"uid":null,"editor_date":null,"cdate":"2023-08-31T08:25:34","settlement":"Винники","district":"Личаківський","street_type":"вулиця","address_coment":"вул. Винна Гора, 12-14","object_type":"дитячо-спортивний","object_area":"820","object_comment":null,"holder":"КП \"Добробут\"","holder_id":"40783986"}},{"type":"Feature","geometry":{"type":"Point","coordinates":[24.1524303,49.8243208]},"properties":{"moid":"3181382204592751639","id":231,"geom":{"type":"Point","coordinates":[24.1524303,49.8243208]},"x":24.1524303,"y":49.8243208,"street":"Кільцева","housenum":"9","editor_id":null,"uid":null,"editor_date":null,"cdate":"2023-08-31T08:25:34","settlement":"Винники","district":"Личаківський","street_type":"вулиця","address_coment":null,"object_type":"майданчик вуличних спортивних тренажерів","object_area":"412","object_comment":null,"holder":"КП \"Добробут\"","holder_id":"40783986"}},{"type":"Feature","geometry":{"type":"Point","coordinates":[24.1556906,49.8195689]},"properties":{"moid":"3181382204592751640","id":232,"geom":{"type":"Point","coordinates":[24.1556906,49.8195689]},"x":24.1556906,"y":49.8195689,"street":"Родини Крушельницьких","housenum":null,"editor_id":null,"uid":null,"editor_date":null,"cdate":"2023-08-31T08:25:34","settlement":"Винники","district":"Личаківський","street_type":"вулиця","address_coment":"вул. Родини Крушельницьких - вул. Лагодовського О. - В.","object_type":"майданчик вуличних спортивних тренажерів","object_area":"240","object_comment":null,"holder":"КП \"Добробут\"","holder_id":"40783986"}},{"type":"Feature","geometry":{"type":"Point","coordinates":[24.1361719,49.803959]},"properties":{"moid":"3181382204592751641","id":233,"geom":{"type":"Point","coordinates":[24.1361719,49.803959]},"x":24.1361719,"y":49.803959,"street":"Франка І.","housenum":"114","editor_id":null,"uid":null,"editor_date":null,"cdate":"2023-08-31T08:25:34","settlement":"Винники","district":"Личаківський","street_type":"вулиця","address_coment":null,"object_type":"дитячий","object_area":null,"object_comment":null,"holder":"КП \"Добробут\"","holder_id":"40783986"}},{"type":"Feature","geometry":{"type":"Point","coordinates":[24.123434035,49.838042135]},"properties":{"moid":"3181382204592751642","id":234,"geom":{"type":"Point","coordinates":[24.123434035150158,49.83804213515609]},"x":24.123434035150158,"y":49.83804213515609,"street":"Спортивна","housenum":null,"editor_id":null,"uid":null,"editor_date":null,"cdate":"2023-08-31T08:25:34","settlement":"Лисиничі","district":"Личаківський","street_type":"вулиця","address_coment":null,"object_type":"дитячий","object_area":null,"object_comment":null,"holder":"КП \"Добробут\"","holder_id":"40783986"}},{"type":"Feature","geometry":{"type":"Point","coordinates":[24.15048,49.844651]},"properties":{"moid":"3181382204592751643","id":235,"geom":{"type":"Point","coordinates":[24.15048,49.844651]},"x":24.15048,"y":49.844651,"street":"Митрополита Яхимовича","housenum":"107а","editor_id":null,"uid":null,"editor_date":null,"cdate":"2023-08-31T08:25:34","settlement":"Підбірці","district":"Личаківський","street_type":"вулиця","address_coment":null,"object_type":"дитячий","object_area":null,"object_comment":null,"holder":"КП \"Добробут\"","holder_id":"40783986"}},{"type":"Feature","geometry":{"type":"Point","coordinates":[23.963739496,49.865230844]},"properties":{"moid":"3181382204592751644","id":236,"geom":{"type":"Point","coordinates":[23.9637394962494,49.8652308436376]},"x":23.9637394962494,"y":49.8652308436376,"street":"Біберовича І.","housenum":"9","editor_id":null,"uid":null,"editor_date":null,"cdate":"2023-08-31T08:25:34","settlement":"Львів","district":"Шевченківський","street_type":"вулиця","address_coment":null,"object_type":"дитячо-спортивний","object_area":"500","object_comment":null,"holder":"ЛКП \"Рясне-402\"","holder_id":"20826593"}},{"type":"Feature","geometry":{"type":"Point","coordinates":[23.960601984,49.868117544]},"properties":{"moid":"3181382204592751645","id":237,"geom":{"type":"Point","coordinates":[23.9606019839252,49.8681175444487]},"x":23.9606019839252,"y":49.8681175444487,"street":"Порічкова","housenum":"15","editor_id":null,"uid":null,"editor_date":null,"cdate":"2023-08-31T08:25:34","settlement":"Львів","district":"Шевченківський","street_type":"вулиця","address_coment":null,"object_type":"дитячий","object_area":"780","object_comment":null,"holder":"ЛКП \"Рясне-402\"","holder_id":"20826593"}},{"type":"Feature","geometry":{"type":"Point","coordinates":[23.959543281,49.870755423]},"properties":{"moid":"3181382204643083294","id":238,"geom":{"type":"Point","coordinates":[23.959543280618,49.8707554234352]},"x":23.959543280618,"y":49.8707554234352,"street":"Шевченка Т.","housenum":"320","editor_id":null,"uid":null,"editor_date":null,"cdate":"2023-08-31T08:25:34","settlement":"Львів","district":"Шевченківський","street_type":"вулиця","address_coment":null,"object_type":"дитячий","object_area":"680","object_comment":null,"holder":"ЛКП \"Рясне-402\"","holder_id":"20826593"}},{"type":"Feature","geometry":{"type":"Point","coordinates":[23.958104379,49.870839456]},"properties":{"moid":"3181382204643083295","id":239,"geom":{"type":"Point","coordinates":[23.9581043787727,49.8708394557372]},"x":23.9581043787727,"y":49.8708394557372,"street":"Шевченка Т.","housenum":"322","editor_id":null,"uid":null,"editor_date":null,"cdate":"2023-08-31T08:25:34","settlement":"Львів","district":"Шевченківський","street_type":"вулиця","address_coment":null,"object_type":"дитячий","object_area":"278","object_comment":null,"holder":"ЛКП \"Рясне-402\"","holder_id":"20826593"}},{"type":"Feature","geometry":{"type":"Point","coordinates":[23.956000245,49.870645211]},"properties":{"moid":"3181382204643083296","id":240,"geom":{"type":"Point","coordinates":[23.9560002452946,49.8706452114684]},"x":23.9560002452946,"y":49.8706452114684,"street":"Шевченка Т.","housenum":"344а","editor_id":null,"uid":null,"editor_date":null,"cdate":"2023-08-31T08:25:34","settlement":"Львів","district":"Шевченківський","street_type":"вулиця","address_coment":null,"object_type":"дитячий","object_area":"272","object_comment":null,"holder":"ЛКП \"Рясне-402\"","holder_id":"20826593"}},{"type":"Feature","geometry":{"type":"Point","coordinates":[23.955828236,49.86855585]},"properties":{"moid":"3181382204643083297","id":241,"geom":{"type":"Point","coordinates":[23.9558282358831,49.8685558498458]},"x":23.9558282358831,"y":49.8685558498458,"street":"Шевченка Т.","housenum":"334","editor_id":null,"uid":null,"editor_date":null,"cdate":"2023-08-31T08:25:34","settlement":"Львів","district":"Шевченківський","street_type":"вулиця","address_coment":null,"object_type":"дитячо-спортивний","object_area":"1939","object_comment":null,"holder":"ЛКП \"Рясне-402\"","holder_id":"20826593"}},{"type":"Feature","geometry":{"type":"Point","coordinates":[23.955919041,49.869758655]},"properties":{"moid":"3181382204643083298","id":242,"geom":{"type":"Point","coordinates":[23.9559190405371,49.8697586546824]},"x":23.9559190405371,"y":49.8697586546824,"street":"Шевченка Т.","housenum":"348","editor_id":null,"uid":null,"editor_date":null,"cdate":"2023-08-31T08:25:34","settlement":"Львів","district":"Шевченківський","street_type":"вулиця","address_coment":null,"object_type":"дитячий","object_area":"272","object_comment":null,"holder":"ЛКП \"Рясне-402\"","holder_id":"20826593"}},{"type":"Feature","geometry":{"type":"Point","coordinates":[23.953398529,49.870735755]},"properties":{"moid":"3181382204643083299","id":243,"geom":{"type":"Point","coordinates":[23.9533985285945,49.8707357547905]},"x":23.9533985285945,"y":49.8707357547905,"street":"Шевченка Т.","housenum":"352","editor_id":null,"uid":null,"editor_date":null,"cdate":"2023-08-31T08:25:34","settlement":"Львів","district":"Шевченківський","street_type":"вулиця","address_coment":null,"object_type":"дитячо-спортивний","object_area":"730","object_comment":null,"holder":"ЛКП \"Рясне-402\"","holder_id":"20826593"}},{"type":"Feature","geometry":{"type":"Point","coordinates":[23.95327745,49.869223395]},"properties":{"moid":"3181382204651471908","id":244,"geom":{"type":"Point","coordinates":[23.9532774504934,49.8692233952481]},"x":23.9532774504934,"y":49.8692233952481,"street":"Шевченка Т.","housenum":"360","editor_id":null,"uid":null,"editor_date":null,"cdate":"2023-08-31T08:25:34","settlement":"Львів","district":"Шевченківський","street_type":"вулиця","address_coment":null,"object_type":"дитячий","object_area":"580","object_comment":null,"holder":"ЛКП \"Рясне-402\"","holder_id":"20826593"}},{"type":"Feature","geometry":{"type":"Point","coordinates":[23.952275524,49.869924381]},"properties":{"moid":"3181382204651471909","id":245,"geom":{"type":"Point","coordinates":[23.9522755238245,49.8699243810572]},"x":23.9522755238245,"y":49.8699243810572,"street":"Шевченка Т.","housenum":"364","editor_id":null,"uid":null,"editor_date":null,"cdate":"2023-08-31T08:25:34","settlement":"Львів","district":"Шевченківський","street_type":"вулиця","address_coment":null,"object_type":"дитячо-спортивний","object_area":"1160","object_comment":null,"holder":"ЛКП \"Рясне-402\"","holder_id":"20826593"}},{"type":"Feature","geometry":{"type":"Point","coordinates":[23.95281806,49.871583962]},"properties":{"moid":"3181382204651471910","id":246,"geom":{"type":"Point","coordinates":[23.9528180601118,49.871583961956]},"x":23.9528180601118,"y":49.871583961956,"street":"Шевченка Т.","housenum":"396","editor_id":null,"uid":null,"editor_date":null,"cdate":"2023-08-31T08:25:34","settlement":"Львів","district":"Шевченківський","street_type":"вулиця","address_coment":null,"object_type":"дитячий","object_area":"528","object_comment":null,"holder":"ЛКП \"Рясне-402\"","holder_id":"20826593"}},{"type":"Feature","geometry":{"type":"Point","coordinates":[23.950977192,49.871829528]},"properties":{"moid":"3181382204651471911","id":247,"geom":{"type":"Point","coordinates":[23.9509771921887,49.8718295284508]},"x":23.9509771921887,"y":49.8718295284508,"street":"Шевченка Т.","housenum":"398","editor_id":null,"uid":null,"editor_date":null,"cdate":"2023-08-31T08:25:34","settlement":"Львів","district":"Шевченківський","street_type":"вулиця","address_coment":null,"object_type":"дитячий","object_area":"1144","object_comment":null,"holder":"ЛКП \"Рясне-402\"","holder_id":"20826593"}},{"type":"Feature","geometry":{"type":"Point","coordinates":[23.947959426,49.870319399]},"properties":{"moid":"3181382204651471912","id":248,"geom":{"type":"Point","coordinates":[23.9479594259175,49.8703193993109]},"x":23.9479594259175,"y":49.8703193993109,"street":"Шевченка Т.","housenum":"376","editor_id":null,"uid":null,"editor_date":null,"cdate":"2023-08-31T08:25:34","settlement":"Львів","district":"Шевченківський","street_type":"вулиця","address_coment":null,"object_type":"дитячий","object_area":"760","object_comment":null,"holder":"ЛКП \"Рясне-402\"","holder_id":"20826593"}},{"type":"Feature","geometry":{"type":"Point","coordinates":[23.94557324,49.871324912]},"properties":{"moid":"3181382204651471913","id":249,"geom":{"type":"Point","coordinates":[23.9455732403659,49.8713249122884]},"x":23.9455732403659,"y":49.8713249122884,"street":"Шевченка Т.","housenum":"386","editor_id":null,"uid":null,"editor_date":null,"cdate":"2023-08-31T08:25:34","settlement":"Львів","district":"Шевченківський","street_type":"вулиця","address_coment":"вул. Шевченка Т., 386; вул. Шевченка Т., 392; вул. Шевченка Т., 392а","object_type":"дитячо-спортивний","object_area":"1700","object_comment":null,"holder":"ЛКП \"Рясне-402\"","holder_id":"20826593"}},{"type":"Feature","geometry":{"type":"Point","coordinates":[23.945465945,49.872592383]},"properties":{"moid":"3181382204651471914","id":250,"geom":{"type":"Point","coordinates":[23.9454659450656,49.8725923828188]},"x":23.9454659450656,"y":49.8725923828188,"street":"Шевченка Т.","housenum":"406","editor_id":null,"uid":null,"editor_date":null,"cdate":"2023-08-31T08:25:34","settlement":"Львів","district":"Шевченківський","street_type":"вулиця","address_coment":null,"object_type":"дитячий","object_area":"750","object_comment":null,"holder":"ЛКП \"Рясне-402\"","holder_id":"20826593"}},{"type":"Feature","geometry":{"type":"Point","coordinates":[23.944561061,49.872647199]},"properties":{"moid":"3181382204651471915","id":251,"geom":{"type":"Point","coordinates":[23.944561060927,49.8726471988455]},"x":23.944561060927,"y":49.8726471988455,"street":"Шевченка Т.","housenum":"408","editor_id":null,"uid":null,"editor_date":null,"cdate":"2023-08-31T08:25:34","settlement":"Львів","district":"Шевченківський","street_type":"вулиця","address_coment":null,"object_type":"дитячий","object_area":"778","object_comment":null,"holder":"ЛКП \"Рясне-402\"","holder_id":"20826593"}},{"type":"Feature","geometry":{"type":"Point","coordinates":[23.942876928,49.872256114]},"properties":{"moid":"3181382204651471916","id":252,"geom":{"type":"Point","coordinates":[23.9428769284731,49.8722561135931]},"x":23.9428769284731,"y":49.8722561135931,"street":"Шевченка Т.","housenum":"412","editor_id":null,"uid":null,"editor_date":null,"cdate":"2023-08-31T08:25:34","settlement":"Львів","district":"Шевченківський","street_type":"вулиця","address_coment":"вул. Шевченка Т., 412-414","object_type":"дитячий","object_area":"350","object_comment":null,"holder":"ЛКП \"Рясне-402\"","holder_id":"20826593"}},{"type":"Feature","geometry":{"type":"Point","coordinates":[23.943523432,49.871701285]},"properties":{"moid":"3181382204651471917","id":253,"geom":{"type":"Point","coordinates":[23.9435234321212,49.8717012845011]},"x":23.9435234321212,"y":49.8717012845011,"street":"Шевченка Т.","housenum":"416","editor_id":null,"uid":null,"editor_date":null,"cdate":"2023-08-31T08:25:34","settlement":"Львів","district":"Шевченківський","street_type":"вулиця","address_coment":null,"object_type":"дитячий","object_area":"245","object_comment":null,"holder":"ЛКП \"Рясне-402\"","holder_id":"20826593"}},{"type":"Feature","geometry":{"type":"Point","coordinates":[23.949523708,49.86947819]},"properties":{"moid":"3181382204651471918","id":254,"geom":{"type":"Point","coordinates":[23.9495237081759,49.8694781900422]},"x":23.9495237081759,"y":49.8694781900422,"street":"Шевченка Т.","housenum":"374","editor_id":null,"uid":null,"editor_date":null,"cdate":"2023-08-31T08:25:34","settlement":"Львів","district":"Шевченківський","street_type":"вулиця","address_coment":null,"object_type":"дитячий","object_area":"1160","object_comment":null,"holder":"ЛКП \"Рясне-402\"","holder_id":"20826593"}},{"type":"Feature","geometry":{"type":"Point","coordinates":[23.934445671,49.878122424]},"properties":{"moid":"3181382204651471919","id":255,"geom":{"type":"Point","coordinates":[23.9344456714175,49.878122423749]},"x":23.9344456714175,"y":49.878122423749,"street":"Величковського І.","housenum":"10","editor_id":null,"uid":null,"editor_date":null,"cdate":"2023-08-31T08:25:34","settlement":"Львів","district":"Шевченківський","street_type":"вулиця","address_coment":null,"object_type":"дитячий","object_area":"260","object_comment":null,"holder":"ЛКП \"Рясне-402\"","holder_id":"20826593"}},{"type":"Feature","geometry":{"type":"Point","coordinates":[23.937456829,49.877125603]},"properties":{"moid":"3181382204651471920","id":256,"geom":{"type":"Point","coordinates":[23.937456829485,49.87712560314]},"x":23.937456829485,"y":49.87712560314,"street":"Величковського І.","housenum":"6","editor_id":null,"uid":null,"editor_date":null,"cdate":"2023-08-31T08:25:34","settlement":"Львів","district":"Шевченківський","street_type":"вулиця","address_coment":null,"object_type":"дитячий","object_area":"798","object_comment":null,"holder":"ЛКП \"Рясне-402\"","holder_id":"20826593"}},{"type":"Feature","geometry":{"type":"Point","coordinates":[23.935679515,49.877321155]},"properties":{"moid":"3181382204651471921","id":257,"geom":{"type":"Point","coordinates":[23.9356795154444,49.8773211550929]},"x":23.9356795154444,"y":49.8773211550929,"street":"Величковського І.","housenum":"14","editor_id":null,"uid":null,"editor_date":null,"cdate":"2023-08-31T08:25:34","settlement":"Львів","district":"Шевченківський","street_type":"вулиця","address_coment":null,"object_type":"дитячий","object_area":"538","object_comment":null,"holder":"ЛКП \"Рясне-402\"","holder_id":"20826593"}},{"type":"Feature","geometry":{"type":"Point","coordinates":[23.933456787,49.876230223]},"properties":{"moid":"3181382204651471922","id":258,"geom":{"type":"Point","coordinates":[23.9334567866803,49.8762302229881]},"x":23.9334567866803,"y":49.8762302229881,"street":"Величковського І.","housenum":"36","editor_id":null,"uid":null,"editor_date":null,"cdate":"2023-08-31T08:25:34","settlement":"Львів","district":"Шевченківський","street_type":"вулиця","address_coment":null,"object_type":"дитячий","object_area":"302","object_comment":null,"holder":"ЛКП \"Рясне-402\"","holder_id":"20826593"}},{"type":"Feature","geometry":{"type":"Point","coordinates":[23.934568714,49.87677742]},"properties":{"moid":"3181382204651471923","id":259,"geom":{"type":"Point","coordinates":[23.9345687135596,49.8767774203328]},"x":23.9345687135596,"y":49.8767774203328,"street":"Величковського І.","housenum":"32","editor_id":null,"uid":null,"editor_date":null,"cdate":"2023-08-31T08:25:34","settlement":"Львів","district":"Шевченківський","street_type":"вулиця","address_coment":null,"object_type":"дитячий","object_area":"285","object_comment":null,"holder":"ЛКП \"Рясне-402\"","holder_id":"20826593"}},{"type":"Feature","geometry":{"type":"Point","coordinates":[23.96328124,49.866515071]},"properties":{"moid":"3181382204651471924","id":260,"geom":{"type":"Point","coordinates":[23.963281239542,49.8665150706754]},"x":23.963281239542,"y":49.8665150706754,"street":"Ожинова","housenum":"1","editor_id":null,"uid":null,"editor_date":null,"cdate":"2023-08-31T08:25:34","settlement":"Львів","district":"Шевченківський","street_type":"вулиця","address_coment":null,"object_type":"дитячий","object_area":"780","object_comment":null,"holder":"ЛКП \"Рясне-402\"","holder_id":"20826593"}},{"type":"Feature","geometry":{"type":"Point","coordinates":[23.961465128,49.868918027]},"properties":{"moid":"3181382204651471925","id":261,"geom":{"type":"Point","coordinates":[23.96146512824444,49.868918026972146]},"x":23.96146512824444,"y":49.868918026972146,"street":"Ожинова","housenum":null,"editor_id":null,"uid":null,"editor_date":null,"cdate":"2023-08-31T08:25:34","settlement":"Львів","district":"Шевченківський","street_type":"вулиця","address_coment":"сквер Кам'янка","object_type":"дитячий","object_area":"100","object_comment":null,"holder":"ЛКП \"Рясне-402\"","holder_id":"20826593"}},{"type":"Feature","geometry":{"type":"Point","coordinates":[23.942489935,49.876870501]},"properties":{"moid":"3181382204651471926","id":262,"geom":{"type":"Point","coordinates":[23.9424899350686,49.8768705009324]},"x":23.9424899350686,"y":49.8768705009324,"street":"Прилбицька","housenum":"59","editor_id":null,"uid":null,"editor_date":null,"cdate":"2023-08-31T08:25:34","settlement":"Львів","district":"Шевченківський","street_type":"вулиця","address_coment":null,"object_type":"дитячий","object_area":"990","object_comment":null,"holder":"ЛКП \"Рясне-402\"","holder_id":"20826593"}},{"type":"Feature","geometry":{"type":"Point","coordinates":[23.950607837,49.869074437]},"properties":{"moid":"3181382204651471927","id":263,"geom":{"type":"Point","coordinates":[23.9506078374323,49.8690744370675]},"x":23.9506078374323,"y":49.8690744370675,"street":"Шевченка Т.","housenum":"358б","editor_id":null,"uid":null,"editor_date":null,"cdate":"2023-08-31T08:25:34","settlement":"Львів","district":"Шевченківський","street_type":"вулиця","address_coment":null,"object_type":"дитячо-спортивний","object_area":"960","object_comment":null,"holder":"ЛКП \"Рясне-402\"","holder_id":"20826593"}},{"type":"Feature","geometry":{"type":"Point","coordinates":[23.949590551,49.872114066]},"properties":{"moid":"3181382204651471928","id":264,"geom":{"type":"Point","coordinates":[23.9495905509912,49.8721140664054]},"x":23.9495905509912,"y":49.8721140664054,"street":"Шевченка Т.","housenum":"400","editor_id":null,"uid":null,"editor_date":null,"cdate":"2023-08-31T08:25:34","settlement":"Львів","district":"Шевченківський","street_type":"вулиця","address_coment":null,"object_type":"дитячий","object_area":"420","object_comment":null,"holder":"ЛКП \"Рясне-402\"","holder_id":"20826593"}},{"type":"Feature","geometry":{"type":"Point","coordinates":[24.023795522,49.854257117]},"properties":{"moid":"3181382204651471929","id":265,"geom":{"type":"Point","coordinates":[24.0237955224494,49.8542571166774]},"x":24.0237955224494,"y":49.8542571166774,"street":"Хімічна","housenum":"22","editor_id":null,"uid":null,"editor_date":null,"cdate":"2023-08-31T08:25:34","settlement":"Львів","district":"Шевченківський","street_type":"вулиця","address_coment":null,"object_type":"дитячий","object_area":"500","object_comment":null,"holder":"ЛКП \"Варшавське-407\"","holder_id":"22333469"}},{"type":"Feature","geometry":{"type":"Point","coordinates":[24.018111349,49.858929513]},"properties":{"moid":"3181382204651471930","id":266,"geom":{"type":"Point","coordinates":[24.0181113491606,49.8589295133116]},"x":24.0181113491606,"y":49.8589295133116,"street":"Окуневського Т.","housenum":"3","editor_id":null,"uid":null,"editor_date":null,"cdate":"2023-08-31T08:25:34","settlement":"Львів","district":"Шевченківський","street_type":"вулиця","address_coment":null,"object_type":"дитячий","object_area":"434","object_comment":null,"holder":"ЛКП \"Варшавське-407\"","holder_id":"22333469"}},{"type":"Feature","geometry":{"type":"Point","coordinates":[24.015278134,49.858238343]},"properties":{"moid":"3181382204651471931","id":267,"geom":{"type":"Point","coordinates":[24.01527813443,49.8582383427493]},"x":24.01527813443,"y":49.8582383427493,"street":"Масарика Т.","housenum":"14","editor_id":null,"uid":null,"editor_date":null,"cdate":"2023-08-31T08:25:34","settlement":"Львів","district":"Шевченківський","street_type":"вулиця","address_coment":null,"object_type":"дитячий","object_area":"727","object_comment":null,"holder":"ЛКП \"Варшавське-407\"","holder_id":"22333469"}},{"type":"Feature","geometry":{"type":"Point","coordinates":[24.014889424,49.859662192]},"properties":{"moid":"3181382204651471932","id":268,"geom":{"type":"Point","coordinates":[24.0148894244518,49.859662191728]},"x":24.0148894244518,"y":49.859662191728,"street":"Масарика Т.","housenum":"18","editor_id":null,"uid":null,"editor_date":null,"cdate":"2023-08-31T08:25:34","settlement":"Львів","district":"Шевченківський","street_type":"вулиця","address_coment":null,"object_type":"дитячий","object_area":"452","object_comment":null,"holder":"ЛКП \"Варшавське-407\"","holder_id":"22333469"}},{"type":"Feature","geometry":{"type":"Point","coordinates":[24.010180611,49.860344506]},"properties":{"moid":"3181382204651471933","id":269,"geom":{"type":"Point","coordinates":[24.0101806114941,49.8603445062349]},"x":24.0101806114941,"y":49.8603445062349,"street":"Варшавська","housenum":"62","editor_id":null,"uid":null,"editor_date":null,"cdate":"2023-08-31T08:25:34","settlement":"Львів","district":"Шевченківський","street_type":"вулиця","address_coment":"вул. Варшавська, 62-64","object_type":"дитячий","object_area":"588","object_comment":null,"holder":"ЛКП \"Варшавське-407\"","holder_id":"22333469"}},{"type":"Feature","geometry":{"type":"Point","coordinates":[24.008863604,49.860833164]},"properties":{"moid":"3181382204651471934","id":270,"geom":{"type":"Point","coordinates":[24.0088636037181,49.8608331637052]},"x":24.0088636037181,"y":49.8608331637052,"street":"Варшавська","housenum":"68","editor_id":null,"uid":null,"editor_date":null,"cdate":"2023-08-31T08:25:34","settlement":"Львів","district":"Шевченківський","street_type":"вулиця","address_coment":null,"object_type":"дитячий","object_area":"108","object_comment":null,"holder":"ЛКП \"Варшавське-407\"","holder_id":"22333469"}},{"type":"Feature","geometry":{"type":"Point","coordinates":[24.021053102,49.860337291]},"properties":{"moid":"3181382204651471935","id":271,"geom":{"type":"Point","coordinates":[24.0210531015678,49.8603372910134]},"x":24.0210531015678,"y":49.8603372910134,"street":"Торф'яна","housenum":"23","editor_id":null,"uid":null,"editor_date":null,"cdate":"2023-08-31T08:25:34","settlement":"Львів","district":"Шевченківський","street_type":"вулиця","address_coment":null,"object_type":"дитячо-спортивний","object_area":"500","object_comment":null,"holder":"ЛКП \"Варшавське-407\"","holder_id":"22333469"}},{"type":"Feature","geometry":{"type":"Point","coordinates":[24.023824689,49.861604602]},"properties":{"moid":"3181382204659860544","id":272,"geom":{"type":"Point","coordinates":[24.0238246892904,49.861604602477]},"x":24.0238246892904,"y":49.861604602477,"street":"Торф'яна","housenum":"11","editor_id":null,"uid":null,"editor_date":null,"cdate":"2023-08-31T08:25:34","settlement":"Львів","district":"Шевченківський","street_type":"вулиця","address_coment":null,"object_type":"дитячий","object_area":null,"object_comment":null,"holder":"ЛКП \"Варшавське-407\"","holder_id":"22333469"}},{"type":"Feature","geometry":{"type":"Point","coordinates":[24.02103751,49.853836998]},"properties":{"moid":"3181382204659860545","id":273,"geom":{"type":"Point","coordinates":[24.0210375100241,49.853836998064]},"x":24.0210375100241,"y":49.853836998064,"street":"Сорочинська","housenum":"2","editor_id":null,"uid":null,"editor_date":null,"cdate":"2023-08-31T08:25:34","settlement":"Львів","district":"Шевченківський","street_type":"вулиця","address_coment":"вул. Сорочинська, 2-8","object_type":"дитячий","object_area":"818","object_comment":null,"holder":"ЛКП \"Варшавське-407\"","holder_id":"22333469"}},{"type":"Feature","geometry":{"type":"Point","coordinates":[24.018836508,49.85756259]},"properties":{"moid":"3181382204659860546","id":274,"geom":{"type":"Point","coordinates":[24.0188365075192,49.857562589742]},"x":24.0188365075192,"y":49.857562589742,"street":"Окуневського Т.","housenum":"1","editor_id":null,"uid":null,"editor_date":null,"cdate":"2023-08-31T08:25:34","settlement":"Львів","district":"Шевченківський","street_type":"вулиця","address_coment":null,"object_type":"дитячий","object_area":"650","object_comment":null,"holder":"ЛКП \"Варшавське-407\"","holder_id":"22333469"}},{"type":"Feature","geometry":{"type":"Point","coordinates":[24.015176133,49.856415779]},"properties":{"moid":"3181382204659860547","id":275,"geom":{"type":"Point","coordinates":[24.0151761328783,49.8564157789446]},"x":24.0151761328783,"y":49.8564157789446,"street":"Масарика Т.","housenum":"3","editor_id":null,"uid":null,"editor_date":null,"cdate":"2023-08-31T08:25:34","settlement":"Львів","district":"Шевченківський","street_type":"вулиця","address_coment":null,"object_type":"дитячий","object_area":"504","object_comment":null,"holder":"ЛКП \"Варшавське-407\"","holder_id":"22333469"}},{"type":"Feature","geometry":{"type":"Point","coordinates":[24.02362328,49.858358474]},"properties":{"moid":"3181382204659860548","id":276,"geom":{"type":"Point","coordinates":[24.0236232799111,49.858358474296]},"x":24.0236232799111,"y":49.858358474296,"street":"Липинського В.","housenum":"13","editor_id":null,"uid":null,"editor_date":null,"cdate":"2023-08-31T08:25:34","settlement":"Львів","district":"Шевченківський","street_type":"вулиця","address_coment":null,"object_type":"дитячо-спортивний","object_area":"364","object_comment":null,"holder":"ЛКП \"Варшавське-407\"","holder_id":"22333469"}},{"type":"Feature","geometry":{"type":"Point","coordinates":[24.020116327,49.853556141]},"properties":{"moid":"3181382204659860549","id":277,"geom":{"type":"Point","coordinates":[24.0201163272952,49.853556140682]},"x":24.0201163272952,"y":49.853556140682,"street":"Джерельна","housenum":"44","editor_id":null,"uid":null,"editor_date":null,"cdate":"2023-08-31T08:25:34","settlement":"Львів","district":"Шевченківський","street_type":"вулиця","address_coment":null,"object_type":"дитячо-спортивний","object_area":"460","object_comment":null,"holder":"ЛКП \"Варшавське-407\"","holder_id":"22333469"}},{"type":"Feature","geometry":{"type":"Point","coordinates":[24.026319144,49.852890176]},"properties":{"moid":"3181382204659860550","id":278,"geom":{"type":"Point","coordinates":[24.0263191438505,49.8528901756445]},"x":24.0263191438505,"y":49.8528901756445,"street":"Тесленка А.","housenum":"6","editor_id":null,"uid":null,"editor_date":null,"cdate":"2023-08-31T08:25:34","settlement":"Львів","district":"Шевченківський","street_type":"вулиця","address_coment":null,"object_type":"дитячий","object_area":"120","object_comment":null,"holder":"ЛКП \"Варшавське-407\"","holder_id":"22333469"}},{"type":"Feature","geometry":{"type":"Point","coordinates":[24.022809734,49.853784142]},"properties":{"moid":"3181382204659860551","id":279,"geom":{"type":"Point","coordinates":[24.0228097336299,49.8537841417694]},"x":24.0228097336299,"y":49.8537841417694,"street":"Чорновола В., просп.","housenum":"43","editor_id":null,"uid":null,"editor_date":null,"cdate":"2023-08-31T08:25:34","settlement":"Львів","district":"Шевченківський","street_type":"проспект","address_coment":null,"object_type":"дитячий","object_area":"1340","object_comment":null,"holder":"ЛКП \"Варшавське-407\"","holder_id":"22333469"}},{"type":"Feature","geometry":{"type":"Point","coordinates":[24.014966895,49.862265896]},"properties":{"moid":"3181382204659860552","id":280,"geom":{"type":"Point","coordinates":[24.0149668950767,49.8622658963138]},"x":24.0149668950767,"y":49.8622658963138,"street":"Панча П.","housenum":"10","editor_id":null,"uid":null,"editor_date":null,"cdate":"2023-08-31T08:25:34","settlement":"Львів","district":"Шевченківський","street_type":"вулиця","address_coment":null,"object_type":"дитячий","object_area":"888","object_comment":null,"holder":"ЛКП \"Варшавське-407\"","holder_id":"22333469"}},{"type":"Feature","geometry":{"type":"Point","coordinates":[24.013940173,49.862100684]},"properties":{"moid":"3181382204659860553","id":281,"geom":{"type":"Point","coordinates":[24.0139401730543,49.8621006842456]},"x":24.0139401730543,"y":49.8621006842456,"street":"Панча П.","housenum":"12","editor_id":null,"uid":null,"editor_date":null,"cdate":"2023-08-31T08:25:34","settlement":"Львів","district":"Шевченківський","street_type":"вулиця","address_coment":null,"object_type":"дитячий","object_area":"664","object_comment":null,"holder":"ЛКП \"Варшавське-407\"","holder_id":"22333469"}},{"type":"Feature","geometry":{"type":"Point","coordinates":[24.011475207,49.861983984]},"properties":{"moid":"3181382204659860554","id":282,"geom":{"type":"Point","coordinates":[24.0114752067931,49.8619839835828]},"x":24.0114752067931,"y":49.8619839835828,"street":"Панча П.","housenum":"18","editor_id":null,"uid":null,"editor_date":null,"cdate":"2023-08-31T08:25:34","settlement":"Львів","district":"Шевченківський","street_type":"вулиця","address_coment":null,"object_type":"дитячий","object_area":"416","object_comment":null,"holder":"ЛКП \"Варшавське-407\"","holder_id":"22333469"}},{"type":"Feature","geometry":{"type":"Point","coordinates":[24.008948562,49.861974265]},"properties":{"moid":"3181382204659860555","id":283,"geom":{"type":"Point","coordinates":[24.0089485622599,49.861974264511]},"x":24.0089485622599,"y":49.861974264511,"street":"Панча П.","housenum":"24","editor_id":null,"uid":null,"editor_date":null,"cdate":"2023-08-31T08:25:34","settlement":"Львів","district":"Шевченківський","street_type":"вулиця","address_coment":null,"object_type":"дитячий","object_area":"630","object_comment":null,"holder":"ЛКП \"Варшавське-407\"","holder_id":"22333469"}},{"type":"Feature","geometry":{"type":"Point","coordinates":[24.015168742,49.865379999]},"properties":{"moid":"3181382204659860556","id":284,"geom":{"type":"Point","coordinates":[24.0151687424387,49.8653799994051]},"x":24.0151687424387,"y":49.8653799994051,"street":"Липи Ю.","housenum":"16","editor_id":null,"uid":null,"editor_date":null,"cdate":"2023-08-31T08:25:34","settlement":"Львів","district":"Шевченківський","street_type":"вулиця","address_coment":null,"object_type":"дитячий","object_area":"266","object_comment":null,"holder":"ЛКП \"Варшавське-407\"","holder_id":"22333469"}},{"type":"Feature","geometry":{"type":"Point","coordinates":[24.014551142,49.866099467]},"properties":{"moid":"3181382204659860557","id":285,"geom":{"type":"Point","coordinates":[24.0145511424661,49.8660994665021]},"x":24.0145511424661,"y":49.8660994665021,"street":"Липи Ю.","housenum":"20","editor_id":null,"uid":null,"editor_date":null,"cdate":"2023-08-31T08:25:34","settlement":"Львів","district":"Шевченківський","street_type":"вулиця","address_coment":null,"object_type":"дитячий","object_area":"200","object_comment":null,"holder":"ЛКП \"Варшавське-407\"","holder_id":"22333469"}},{"type":"Feature","geometry":{"type":"Point","coordinates":[24.014753705,49.864109006]},"properties":{"moid":"3181382204659860558","id":286,"geom":{"type":"Point","coordinates":[24.0147537046771,49.8641090057625]},"x":24.0147537046771,"y":49.8641090057625,"street":"Липи Ю.","housenum":"37","editor_id":null,"uid":null,"editor_date":null,"cdate":"2023-08-31T08:25:34","settlement":"Львів","district":"Шевченківський","street_type":"вулиця","address_coment":null,"object_type":"дитячий","object_area":"198","object_comment":null,"holder":"ЛКП \"Варшавське-407\"","holder_id":"22333469"}},{"type":"Feature","geometry":{"type":"Point","coordinates":[24.013577853,49.863981802]},"properties":{"moid":"3181382204659860559","id":287,"geom":{"type":"Point","coordinates":[24.0135778532163,49.8639818021125]},"x":24.0135778532163,"y":49.8639818021125,"street":"Липи Ю.","housenum":"39","editor_id":null,"uid":null,"editor_date":null,"cdate":"2023-08-31T08:25:34","settlement":"Львів","district":"Шевченківський","street_type":"вулиця","address_coment":null,"object_type":"дитячий","object_area":null,"object_comment":null,"holder":"ЛКП \"Варшавське-407\"","holder_id":"22333469"}},{"type":"Feature","geometry":{"type":"Point","coordinates":[24.013439216,49.865188611]},"properties":{"moid":"3181382204659860560","id":288,"geom":{"type":"Point","coordinates":[24.013439215565,49.8651886107123]},"x":24.013439215565,"y":49.8651886107123,"street":"Липи Ю.","housenum":"45","editor_id":null,"uid":null,"editor_date":null,"cdate":"2023-08-31T08:25:34","settlement":"Львів","district":"Шевченківський","street_type":"вулиця","address_coment":null,"object_type":"дитячий","object_area":"875","object_comment":null,"holder":"ЛКП \"Варшавське-407\"","holder_id":"22333469"}},{"type":"Feature","geometry":{"type":"Point","coordinates":[24.013888134,49.868096692]},"properties":{"moid":"3181382204659860561","id":289,"geom":{"type":"Point","coordinates":[24.0138881339362,49.8680966920698]},"x":24.0138881339362,"y":49.8680966920698,"street":"Під Голоском","housenum":"15","editor_id":null,"uid":null,"editor_date":null,"cdate":"2023-08-31T08:25:34","settlement":"Львів","district":"Шевченківський","street_type":"вулиця","address_coment":null,"object_type":"дитячий","object_area":"250","object_comment":null,"holder":"ЛКП \"Варшавське-407\"","holder_id":"22333469"}},{"type":"Feature","geometry":{"type":"Point","coordinates":[24.007115525,49.8721494]},"properties":{"moid":"3181382204659860562","id":290,"geom":{"type":"Point","coordinates":[24.007115525246,49.8721493995275]},"x":24.007115525246,"y":49.8721493995275,"street":"Під Голоском","housenum":"22","editor_id":null,"uid":null,"editor_date":null,"cdate":"2023-08-31T08:25:34","settlement":"Львів","district":"Шевченківський","street_type":"вулиця","address_coment":null,"object_type":"дитячо-спортивний","object_area":"224","object_comment":null,"holder":"ЛКП \"Варшавське-407\"","holder_id":"22333469"}},{"type":"Feature","geometry":{"type":"Point","coordinates":[24.002479657,49.870321359]},"properties":{"moid":"3181382204659860563","id":291,"geom":{"type":"Point","coordinates":[24.002479656923,49.8703213592318]},"x":24.002479656923,"y":49.8703213592318,"street":"Під Голоском","housenum":"21","editor_id":null,"uid":null,"editor_date":null,"cdate":"2023-08-31T08:25:34","settlement":"Львів","district":"Шевченківський","street_type":"вулиця","address_coment":null,"object_type":"дитячий","object_area":"255","object_comment":null,"holder":"ЛКП \"Варшавське-407\"","holder_id":"22333469"}},{"type":"Feature","geometry":{"type":"Point","coordinates":[24.015301957,49.862651847]},"properties":{"moid":"3181382204659860564","id":292,"geom":{"type":"Point","coordinates":[24.0153019566468,49.8626518474389]},"x":24.0153019566468,"y":49.8626518474389,"street":"Панча П.","housenum":"8","editor_id":null,"uid":null,"editor_date":null,"cdate":"2023-08-31T08:25:34","settlement":"Львів","district":"Шевченківський","street_type":"вулиця","address_coment":null,"object_type":"дитячий","object_area":"1500","object_comment":null,"holder":"ЛКП \"Варшавське-407\"","holder_id":"22333469"}},{"type":"Feature","geometry":{"type":"Point","coordinates":[24.015629912,49.866070311]},"properties":{"moid":"3181382204659860565","id":293,"geom":{"type":"Point","coordinates":[24.0156299116973,49.8660703111991]},"x":24.0156299116973,"y":49.8660703111991,"street":"Чорновола В., просп.","housenum":"103","editor_id":null,"uid":null,"editor_date":null,"cdate":"2023-08-31T08:25:34","settlement":"Львів","district":"Шевченківський","street_type":"проспект","address_coment":null,"object_type":"дитячий","object_area":"254","object_comment":null,"holder":"ЛКП \"Варшавське-407\"","holder_id":"22333469"}},{"type":"Feature","geometry":{"type":"Point","coordinates":[24.012858105,49.846471143]},"properties":{"moid":"3181382204659860566","id":294,"geom":{"type":"Point","coordinates":[24.0128581051108,49.8464711431232]},"x":24.0128581051108,"y":49.8464711431232,"street":"Золота","housenum":"7","editor_id":null,"uid":null,"editor_date":null,"cdate":"2023-08-31T08:25:34","settlement":"Львів","district":"Шевченківський","street_type":"вулиця","address_coment":null,"object_type":"дитячий","object_area":"935","object_comment":null,"holder":"ЛКП \"Варшавське-407\"","holder_id":"22333469"}},{"type":"Feature","geometry":{"type":"Point","coordinates":[24.001067144,49.848371366]},"properties":{"moid":"3181382204659860567","id":295,"geom":{"type":"Point","coordinates":[24.001067143991,49.8483713662347]},"x":24.001067143991,"y":49.8483713662347,"street":"Єрошенка В.","housenum":"2","editor_id":null,"uid":null,"editor_date":null,"cdate":"2023-08-31T08:25:34","settlement":"Львів","district":"Шевченківський","street_type":"вулиця","address_coment":"вул. Єрошенка В., 2; вул. Єрошенка В., 4; вул. Єрошенка В., 6 - вул. Шевченка Т., 108","object_type":"дитячо-спортивний","object_area":"498","object_comment":null,"holder":"ЛКП \"Варшавське-407\"","holder_id":"22333469"}},{"type":"Feature","geometry":{"type":"Point","coordinates":[24.003865678,49.847106438]},"properties":{"moid":"3181382204659860568","id":296,"geom":{"type":"Point","coordinates":[24.0038656777597,49.8471064377188]},"x":24.0038656777597,"y":49.8471064377188,"street":"Шевченка Т.","housenum":"82","editor_id":null,"uid":null,"editor_date":null,"cdate":"2023-08-31T08:25:34","settlement":"Львів","district":"Шевченківський","street_type":"вулиця","address_coment":null,"object_type":"дитячий","object_area":"135","object_comment":null,"holder":"ЛКП \"Варшавське-407\"","holder_id":"22333469"}},{"type":"Feature","geometry":{"type":"Point","coordinates":[24.002804763,49.847390872]},"properties":{"moid":"3181382204659860569","id":297,"geom":{"type":"Point","coordinates":[24.0028047625329,49.8473908719567]},"x":24.0028047625329,"y":49.8473908719567,"street":"Шевченка Т.","housenum":"92","editor_id":null,"uid":null,"editor_date":null,"cdate":"2023-08-31T08:25:34","settlement":"Львів","district":"Шевченківський","street_type":"вулиця","address_coment":null,"object_type":"дитячий","object_area":"800","object_comment":null,"holder":"ЛКП \"Варшавське-407\"","holder_id":"22333469"}},{"type":"Feature","geometry":{"type":"Point","coordinates":[24.006726816,49.850013079]},"properties":{"moid":"3181382204659860570","id":298,"geom":{"type":"Point","coordinates":[24.0067268158153,49.8500130790024]},"x":24.0067268158153,"y":49.8500130790024,"street":"Золота","housenum":"34","editor_id":null,"uid":null,"editor_date":null,"cdate":"2023-08-31T08:25:34","settlement":"Львів","district":"Шевченківський","street_type":"вулиця","address_coment":null,"object_type":"дитячий","object_area":"1298","object_comment":null,"holder":"ЛКП \"Варшавське-407\"","holder_id":"22333469"}},{"type":"Feature","geometry":{"type":"Point","coordinates":[23.991590076,49.851250708]},"properties":{"moid":"3181382204668249179","id":299,"geom":{"type":"Point","coordinates":[23.9915900761453,49.851250708413]},"x":23.9915900761453,"y":49.851250708413,"street":"Шевченка Т.","housenum":"132","editor_id":null,"uid":null,"editor_date":null,"cdate":"2023-08-31T08:25:34","settlement":"Львів","district":"Шевченківський","street_type":"вулиця","address_coment":"вул. Шевченка Т., 132-134","object_type":"дитячий","object_area":"200","object_comment":null,"holder":"ЛКП \"Варшавське-407\"","holder_id":"22333469"}},{"type":"Feature","geometry":{"type":"Point","coordinates":[23.988369448,49.852800039]},"properties":{"moid":"3181382204668249180","id":300,"geom":{"type":"Point","coordinates":[23.9883694476869,49.852800039283]},"x":23.9883694476869,"y":49.852800039283,"street":"Шевченка Т.","housenum":"146","editor_id":null,"uid":null,"editor_date":null,"cdate":"2023-08-31T08:25:34","settlement":"Львів","district":"Шевченківський","street_type":"вулиця","address_coment":null,"object_type":"дитячий","object_area":"180","object_comment":null,"holder":"ЛКП \"Варшавське-407\"","holder_id":"22333469"}},{"type":"Feature","geometry":{"type":"Point","coordinates":[23.991256848,49.85188053]},"properties":{"moid":"3181382204668249181","id":301,"geom":{"type":"Point","coordinates":[23.991256847855,49.851880529864]},"x":23.991256847855,"y":49.851880529864,"street":"Кирилівська","housenum":"3а","editor_id":null,"uid":null,"editor_date":null,"cdate":"2023-08-31T08:25:34","settlement":"Львів","district":"Шевченківський","street_type":"вулиця","address_coment":null,"object_type":"дитячий","object_area":"430","object_comment":null,"holder":"ЛКП \"Варшавське-407\"","holder_id":"22333469"}},{"type":"Feature","geometry":{"type":"Point","coordinates":[24.00594528,49.84936184]},"properties":{"moid":"3181382204668249182","id":302,"geom":{"type":"Point","coordinates":[24.0059452802854,49.849361840314]},"x":24.0059452802854,"y":49.849361840314,"street":"Яцкова М.","housenum":"24","editor_id":null,"uid":null,"editor_date":null,"cdate":"2023-08-31T08:25:34","settlement":"Львів","district":"Шевченківський","street_type":"вулиця","address_coment":null,"object_type":"дитячий","object_area":"1684","object_comment":null,"holder":"ЛКП \"Варшавське-407\"","holder_id":"22333469"}},{"type":"Feature","geometry":{"type":"Point","coordinates":[24.018877267,49.844231309]},"properties":{"moid":"3181382204668249183","id":303,"geom":{"type":"Point","coordinates":[24.018877266764,49.8442313087909]},"x":24.018877266764,"y":49.8442313087909,"street":"Кучера Р., акад.","housenum":"10","editor_id":null,"uid":null,"editor_date":null,"cdate":"2023-08-31T08:25:34","settlement":"Львів","district":"Шевченківський","street_type":"вулиця","address_coment":"вул. Кучера Р., акад., 10-12","object_type":"дитячий","object_area":"450","object_comment":null,"holder":"ЛКП \"Варшавське-407\"","holder_id":"22333469"}},{"type":"Feature","geometry":{"type":"Point","coordinates":[24.015162179,49.848008459]},"properties":{"moid":"3181382204668249184","id":304,"geom":{"type":"Point","coordinates":[24.0151621790912,49.8480084591546]},"x":24.0151621790912,"y":49.8480084591546,"street":"Клепарівська","housenum":"25","editor_id":null,"uid":null,"editor_date":null,"cdate":"2023-08-31T08:25:34","settlement":"Львів","district":"Шевченківський","street_type":"вулиця","address_coment":null,"object_type":"дитячий","object_area":"570","object_comment":null,"holder":"ЛКП \"Варшавське-407\"","holder_id":"22333469"}},{"type":"Feature","geometry":{"type":"Point","coordinates":[24.015104053,49.851207021]},"properties":{"moid":"3181382204668249185","id":305,"geom":{"type":"Point","coordinates":[24.01510405299505,49.85120702139574]},"x":24.01510405299505,"y":49.85120702139574,"street":"Клепарівська","housenum":null,"editor_id":null,"uid":null,"editor_date":null,"cdate":"2023-08-31T08:25:34","settlement":"Львів","district":"Шевченківський","street_type":"вулиця","address_coment":"вул. Клепарівська - вул. Батуринська (сквер)","object_type":"дитячий","object_area":"220","object_comment":null,"holder":"ЛКП \"Варшавське-407\"","holder_id":"22333469"}},{"type":"Feature","geometry":{"type":"Point","coordinates":[23.931157799,49.909129776]},"properties":{"moid":"3181382204668249186","id":306,"geom":{"type":"Point","coordinates":[23.93115779946204,49.909129775752035]},"x":23.93115779946204,"y":49.909129775752035,"street":"Незалежності України","housenum":null,"editor_id":null,"uid":null,"editor_date":null,"cdate":"2023-08-31T08:25:34","settlement":"Брюховичі","district":"Шевченківський","street_type":"вулиця","address_coment":"вул. Незалежності України - вул. Дитяча","object_type":"дитячий","object_area":null,"object_comment":null,"holder":"ЛКП \"Варшавське-407\"","holder_id":"22333469"}},{"type":"Feature","geometry":{"type":"Point","coordinates":[23.9408411,49.8975498]},"properties":{"moid":"3181382204668249187","id":307,"geom":{"type":"Point","coordinates":[23.9408411,49.8975498]},"x":23.9408411,"y":49.8975498,"street":"Шкільна","housenum":null,"editor_id":null,"uid":null,"editor_date":null,"cdate":"2023-08-31T08:25:34","settlement":"Брюховичі","district":"Шевченківський","street_type":"вулиця","address_coment":"вул. Шкільна - вул. Теплична","object_type":"дитячий","object_area":null,"object_comment":null,"holder":"ЛКП \"Варшавське-407\"","holder_id":"22333469"}},{"type":"Feature","geometry":{"type":"Point","coordinates":[23.9595144,49.9010934]},"properties":{"moid":"3181382204668249188","id":308,"geom":{"type":"Point","coordinates":[23.9595144,49.9010934]},"x":23.9595144,"y":49.9010934,"street":"Ясна","housenum":null,"editor_id":null,"uid":null,"editor_date":null,"cdate":"2023-08-31T08:25:34","settlement":"Брюховичі","district":"Шевченківський","street_type":"вулиця","address_coment":"вул. Ясна - вул. Крута","object_type":"дитячий","object_area":null,"object_comment":null,"holder":"ЛКП \"Варшавське-407\"","holder_id":"22333469"}},{"type":"Feature","geometry":{"type":"Point","coordinates":[23.979581,49.9207913]},"properties":{"moid":"3181382204668249189","id":309,"geom":{"type":"Point","coordinates":[23.979581,49.9207913]},"x":23.979581,"y":49.9207913,"street":"Під Осовою","housenum":null,"editor_id":null,"uid":null,"editor_date":null,"cdate":"2023-08-31T08:25:34","settlement":"Брюховичі","district":"Шевченківський","street_type":"вулиця","address_coment":null,"object_type":"дитячий","object_area":null,"object_comment":null,"holder":"ЛКП \"Варшавське-407\"","holder_id":"22333469"}},{"type":"Feature","geometry":{"type":"Point","coordinates":[23.930974739,49.904923942]},"properties":{"moid":"3181382204668249190","id":310,"geom":{"type":"Point","coordinates":[23.930974738734502,49.904923941626066]},"x":23.930974738734502,"y":49.904923941626066,"street":"Ряснянська","housenum":null,"editor_id":null,"uid":null,"editor_date":null,"cdate":"2023-08-31T08:25:34","settlement":"Брюховичі","district":"Шевченківський","street_type":"вулиця","address_coment":null,"object_type":"дитячий","object_area":null,"object_comment":null,"holder":"ЛКП \"Варшавське-407\"","holder_id":"22333469"}},{"type":"Feature","geometry":{"type":"Point","coordinates":[23.943099855,49.903993553]},"properties":{"moid":"3181382204668249191","id":311,"geom":{"type":"Point","coordinates":[23.943099854998017,49.90399355292889]},"x":23.943099854998017,"y":49.90399355292889,"street":"Макаренка","housenum":"7","editor_id":null,"uid":null,"editor_date":null,"cdate":"2023-08-31T08:25:34","settlement":"Брюховичі","district":"Шевченківський","street_type":"вулиця","address_coment":null,"object_type":"дитячий","object_area":null,"object_comment":null,"holder":"ЛКП \"Варшавське-407\"","holder_id":"22333469"}},{"type":"Feature","geometry":{"type":"Point","coordinates":[23.9327671,49.9004473]},"properties":{"moid":"3181382204668249192","id":312,"geom":{"type":"Point","coordinates":[23.9327671,49.9004473]},"x":23.9327671,"y":49.9004473,"street":"Проліскова","housenum":null,"editor_id":null,"uid":null,"editor_date":null,"cdate":"2023-08-31T08:25:34","settlement":"Брюховичі","district":"Шевченківський","street_type":"вулиця","address_coment":null,"object_type":"дитячо-спортивний","object_area":null,"object_comment":null,"holder":"ЛКП \"Варшавське-407\"","holder_id":"22333469"}},{"type":"Feature","geometry":{"type":"Point","coordinates":[23.959780252,49.908951469]},"properties":{"moid":"3181382204668249193","id":313,"geom":{"type":"Point","coordinates":[23.959780252227173,49.908951469420145]},"x":23.959780252227173,"y":49.908951469420145,"street":"Пляжна","housenum":"9","editor_id":null,"uid":null,"editor_date":null,"cdate":"2023-08-31T08:25:34","settlement":"Брюховичі","district":"Шевченківський","street_type":"вулиця","address_coment":null,"object_type":"дитячий","object_area":null,"object_comment":null,"holder":"ЛКП \"Варшавське-407\"","holder_id":"22333469"}},{"type":"Feature","geometry":{"type":"Point","coordinates":[23.9472178,49.8980061]},"properties":{"moid":"3181382204668249194","id":314,"geom":{"type":"Point","coordinates":[23.9472178,49.8980061]},"x":23.9472178,"y":49.8980061,"street":"Стикова","housenum":null,"editor_id":null,"uid":null,"editor_date":null,"cdate":"2023-08-31T08:25:34","settlement":"Брюховичі","district":"Шевченківський","street_type":"вулиця","address_coment":"вул. Стикова - вул. Хвойна, 10","object_type":"дитячий","object_area":null,"object_comment":null,"holder":"ЛКП \"Варшавське-407\"","holder_id":"22333469"}},{"type":"Feature","geometry":{"type":"Point","coordinates":[23.945484225,49.899437136]},"properties":{"moid":"3181382204668249195","id":315,"geom":{"type":"Point","coordinates":[23.945484225241763,49.89943713617864]},"x":23.945484225241763,"y":49.89943713617864,"street":"Жасмінова","housenum":"11","editor_id":null,"uid":null,"editor_date":null,"cdate":"2023-08-31T08:25:34","settlement":"Брюховичі","district":"Шевченківський","street_type":"вулиця","address_coment":null,"object_type":"дитячий","object_area":null,"object_comment":null,"holder":"ЛКП \"Варшавське-407\"","holder_id":"22333469"}},{"type":"Feature","geometry":{"type":"Point","coordinates":[23.94855554,49.89580784]},"properties":{"moid":"3181382204668249196","id":316,"geom":{"type":"Point","coordinates":[23.94855554,49.89580784]},"x":23.94855554,"y":49.89580784,"street":"Соснова Поляна","housenum":"12","editor_id":null,"uid":null,"editor_date":null,"cdate":"2023-08-31T08:25:34","settlement":"Брюховичі","district":"Шевченківський","street_type":"вулиця","address_coment":null,"object_type":"дитячий","object_area":null,"object_comment":null,"holder":"ЛКП \"Варшавське-407\"","holder_id":"22333469"}},{"type":"Feature","geometry":{"type":"Point","coordinates":[23.961545846,49.906302497]},"properties":{"moid":"3181382204668249197","id":317,"geom":{"type":"Point","coordinates":[23.961545846264208,49.90630249697071]},"x":23.961545846264208,"y":49.90630249697071,"street":"Львівська","housenum":"33а","editor_id":null,"uid":null,"editor_date":null,"cdate":"2023-08-31T08:25:34","settlement":"Брюховичі","district":"Шевченківський","street_type":"вулиця","address_coment":null,"object_type":"дитячо-спортивний","object_area":null,"object_comment":null,"holder":"ЛКП \"Варшавське-407\"","holder_id":"22333469"}},{"type":"Feature","geometry":{"type":"Point","coordinates":[23.9311441,49.9026552]},"properties":{"moid":"3181382204668249198","id":318,"geom":{"type":"Point","coordinates":[23.9311441,49.9026552]},"x":23.9311441,"y":49.9026552,"street":"Володимира Івасюка","housenum":null,"editor_id":null,"uid":null,"editor_date":null,"cdate":"2023-08-31T08:25:34","settlement":"Брюховичі","district":"Шевченківський","street_type":"вулиця","address_coment":"вул. Володимира Івасюка - вул. Прилуцька","object_type":"дитячий","object_area":null,"object_comment":null,"holder":"ЛКП \"Варшавське-407\"","holder_id":"22333469"}},{"type":"Feature","geometry":{"type":"Point","coordinates":[23.9311441,49.9026552]},"properties":{"moid":"3181382204668249199","id":319,"geom":{"type":"Point","coordinates":[23.9311441,49.9026552]},"x":23.9311441,"y":49.9026552,"street":"Володимира Івасюка","housenum":null,"editor_id":null,"uid":null,"editor_date":null,"cdate":"2023-08-31T08:25:34","settlement":"Брюховичі","district":"Шевченківський","street_type":"вулиця","address_coment":null,"object_type":"дитячо-спортивний","object_area":null,"object_comment":null,"holder":"ЛКП \"Варшавське-407\"","holder_id":"22333469"}},{"type":"Feature","geometry":{"type":"Point","coordinates":[23.941243758,49.903406047]},"properties":{"moid":"3181382204668249200","id":320,"geom":{"type":"Point","coordinates":[23.941243758440518,49.90340604679423]},"x":23.941243758440518,"y":49.90340604679423,"street":"Незалежності України","housenum":"27","editor_id":null,"uid":null,"editor_date":null,"cdate":"2023-08-31T08:25:34","settlement":"Брюховичі","district":"Шевченківський","street_type":"вулиця","address_coment":null,"object_type":"дитячо-спортивний","object_area":null,"object_comment":null,"holder":"ЛКП \"Варшавське-407\"","holder_id":"22333469"}},{"type":"Feature","geometry":{"type":"Point","coordinates":[23.9366378,49.8963605]},"properties":{"moid":"3181382204668249201","id":321,"geom":{"type":"Point","coordinates":[23.9366378,49.8963605]},"x":23.9366378,"y":49.8963605,"street":"Житня","housenum":null,"editor_id":null,"uid":null,"editor_date":null,"cdate":"2023-08-31T08:25:34","settlement":"Брюховичі","district":"Шевченківський","street_type":"вулиця","address_coment":null,"object_type":"дитячий","object_area":null,"object_comment":null,"holder":"ЛКП \"Варшавське-407\"","holder_id":"22333469"}},{"type":"Feature","geometry":{"type":"Point","coordinates":[23.943006,49.9018539]},"properties":{"moid":"3181382204668249202","id":322,"geom":{"type":"Point","coordinates":[23.943006,49.9018539]},"x":23.943006,"y":49.9018539,"street":"Сухомлинського","housenum":null,"editor_id":null,"uid":null,"editor_date":null,"cdate":"2023-08-31T08:25:34","settlement":"Брюховичі","district":"Шевченківський","street_type":"вулиця","address_coment":null,"object_type":"дитячий","object_area":null,"object_comment":null,"holder":"ЛКП \"Варшавське-407\"","holder_id":"22333469"}},{"type":"Feature","geometry":{"type":"Point","coordinates":[23.953352481,49.903707388]},"properties":{"moid":"3181382204668249203","id":323,"geom":{"type":"Point","coordinates":[23.95335248139287,49.90370738777155]},"x":23.95335248139287,"y":49.90370738777155,"street":"Отця Іздрика","housenum":null,"editor_id":null,"uid":null,"editor_date":null,"cdate":"2023-08-31T08:25:34","settlement":"Брюховичі","district":"Шевченківський","street_type":"вулиця","address_coment":null,"object_type":"дитячий","object_area":null,"object_comment":null,"holder":"ЛКП \"Варшавське-407\"","holder_id":"22333469"}},{"type":"Feature","geometry":{"type":"Point","coordinates":[24.0428902,49.868516846]},"properties":{"moid":"3181382204668249204","id":324,"geom":{"type":"Point","coordinates":[24.0428901995677,49.8685168464378]},"x":24.0428901995677,"y":49.8685168464378,"street":"Миколайчука І.","housenum":"1","editor_id":null,"uid":null,"editor_date":null,"cdate":"2023-08-31T08:25:34","settlement":"Львів","district":"Шевченківський","street_type":"вулиця","address_coment":"вул. Миколайчука І., 1-1б","object_type":"дитячий","object_area":"180","object_comment":null,"holder":"ЛКП \"Балатон-409\"","holder_id":"22333481"}},{"type":"Feature","geometry":{"type":"Point","coordinates":[24.0428902,49.868516846]},"properties":{"moid":"3181382204668249205","id":325,"geom":{"type":"Point","coordinates":[24.0428901995677,49.8685168464378]},"x":24.0428901995677,"y":49.8685168464378,"street":"Миколайчука І.","housenum":"1","editor_id":null,"uid":null,"editor_date":null,"cdate":"2023-08-31T08:25:34","settlement":"Львів","district":"Шевченківський","street_type":"вулиця","address_coment":null,"object_type":"дитячо-спортивний","object_area":"500","object_comment":null,"holder":"ЛКП \"Балатон-409\"","holder_id":"22333481"}},{"type":"Feature","geometry":{"type":"Point","coordinates":[24.042582621,49.868037011]},"properties":{"moid":"3181382204668249206","id":326,"geom":{"type":"Point","coordinates":[24.0425826206813,49.8680370112973]},"x":24.0425826206813,"y":49.8680370112973,"street":"Миколайчука І.","housenum":"1а","editor_id":null,"uid":null,"editor_date":null,"cdate":"2023-08-31T08:25:34","settlement":"Львів","district":"Шевченківський","street_type":"вулиця","address_coment":null,"object_type":"дитячий","object_area":"818","object_comment":null,"holder":"ЛКП \"Балатон-409\"","holder_id":"22333481"}},{"type":"Feature","geometry":{"type":"Point","coordinates":[24.038086603,49.866633498]},"properties":{"moid":"3181382204668249207","id":327,"geom":{"type":"Point","coordinates":[24.0380866029267,49.8666334984734]},"x":24.0380866029267,"y":49.8666334984734,"street":"Лінкольна А.","housenum":"39","editor_id":null,"uid":null,"editor_date":null,"cdate":"2023-08-31T08:25:34","settlement":"Львів","district":"Шевченківський","street_type":"вулиця","address_coment":null,"object_type":"дитячий","object_area":null,"object_comment":null,"holder":"ЛКП \"Балатон-409\"","holder_id":"22333481"}},{"type":"Feature","geometry":{"type":"Point","coordinates":[24.043123767,49.867368267]},"properties":{"moid":"3181382204668249208","id":328,"geom":{"type":"Point","coordinates":[24.0431237669292,49.867368267006]},"x":24.0431237669292,"y":49.867368267006,"street":"Лінкольна А.","housenum":"57","editor_id":null,"uid":null,"editor_date":null,"cdate":"2023-08-31T08:25:34","settlement":"Львів","district":"Шевченківський","street_type":"вулиця","address_coment":null,"object_type":"дитячий","object_area":"310","object_comment":null,"holder":"ЛКП \"Балатон-409\"","holder_id":"22333481"}},{"type":"Feature","geometry":{"type":"Point","coordinates":[24.040904039,49.866850155]},"properties":{"moid":"3181382204668249209","id":329,"geom":{"type":"Point","coordinates":[24.0409040390918,49.8668501550275]},"x":24.0409040390918,"y":49.8668501550275,"street":"Лінкольна А.","housenum":"45","editor_id":null,"uid":null,"editor_date":null,"cdate":"2023-08-31T08:25:34","settlement":"Львів","district":"Шевченківський","street_type":"вулиця","address_coment":null,"object_type":"дитячий","object_area":"544","object_comment":null,"holder":"ЛКП \"Балатон-409\"","holder_id":"22333481"}},{"type":"Feature","geometry":{"type":"Point","coordinates":[24.04211111,49.870965551]},"properties":{"moid":"3181382204668249210","id":330,"geom":{"type":"Point","coordinates":[24.0421111104956,49.8709655513981]},"x":24.0421111104956,"y":49.8709655513981,"street":"Миколайчука І.","housenum":"7","editor_id":null,"uid":null,"editor_date":null,"cdate":"2023-08-31T08:25:34","settlement":"Львів","district":"Шевченківський","street_type":"вулиця","address_coment":"вул. Миколайчука І., 7 - вул. Хвильового М., 39","object_type":"дитячо-спортивний","object_area":"376","object_comment":null,"holder":"ЛКП \"Балатон-409\"","holder_id":"22333481"}},{"type":"Feature","geometry":{"type":"Point","coordinates":[24.040873831,49.870158798]},"properties":{"moid":"3181382204668249211","id":331,"geom":{"type":"Point","coordinates":[24.0408738313441,49.8701587980586]},"x":24.0408738313441,"y":49.8701587980586,"street":"Хвильового М.","housenum":"37","editor_id":null,"uid":null,"editor_date":null,"cdate":"2023-08-31T08:25:34","settlement":"Львів","district":"Шевченківський","street_type":"вулиця","address_coment":null,"object_type":"дитячий","object_area":"980","object_comment":null,"holder":"ЛКП \"Балатон-409\"","holder_id":"22333481"}},{"type":"Feature","geometry":{"type":"Point","coordinates":[24.038120911,49.869864829]},"properties":{"moid":"3181382204668249212","id":332,"geom":{"type":"Point","coordinates":[24.0381209105864,49.8698648288986]},"x":24.0381209105864,"y":49.8698648288986,"street":"Хвильового М.","housenum":"31","editor_id":null,"uid":null,"editor_date":null,"cdate":"2023-08-31T08:25:34","settlement":"Львів","district":"Шевченківський","street_type":"вулиця","address_coment":null,"object_type":"дитячий","object_area":"900","object_comment":null,"holder":"ЛКП \"Балатон-409\"","holder_id":"22333481"}},{"type":"Feature","geometry":{"type":"Point","coordinates":[24.035336791,49.869701126]},"properties":{"moid":"3181382204668249213","id":333,"geom":{"type":"Point","coordinates":[24.0353367907642,49.8697011256585]},"x":24.0353367907642,"y":49.8697011256585,"street":"Хвильового М.","housenum":"19","editor_id":null,"uid":null,"editor_date":null,"cdate":"2023-08-31T08:25:34","settlement":"Львів","district":"Шевченківський","street_type":"вулиця","address_coment":null,"object_type":"дитячий","object_area":"932","object_comment":null,"holder":"ЛКП \"Балатон-409\"","holder_id":"22333481"}},{"type":"Feature","geometry":{"type":"Point","coordinates":[24.034757113,49.869605083]},"properties":{"moid":"3181382204668249214","id":334,"geom":{"type":"Point","coordinates":[24.034757112711,49.869605082965]},"x":24.034757112711,"y":49.869605082965,"street":"Хвильового М.","housenum":"17","editor_id":null,"uid":null,"editor_date":null,"cdate":"2023-08-31T08:25:34","settlement":"Львів","district":"Шевченківський","street_type":"вулиця","address_coment":"вул. Хвильового М., 17 - вул. Тичини П., 18","object_type":"дитячий","object_area":"250","object_comment":null,"holder":"ЛКП \"Балатон-409\"","holder_id":"22333481"}},{"type":"Feature","geometry":{"type":"Point","coordinates":[24.034250279,49.871943231]},"properties":{"moid":"3181382204668249215","id":335,"geom":{"type":"Point","coordinates":[24.0342502792787,49.8719432306711]},"x":24.0342502792787,"y":49.8719432306711,"street":"Мазепи І., гетьм.","housenum":"15","editor_id":null,"uid":null,"editor_date":null,"cdate":"2023-08-31T08:25:34","settlement":"Львів","district":"Шевченківський","street_type":"вулиця","address_coment":null,"object_type":"дитячо-спортивний","object_area":"330","object_comment":null,"holder":"ЛКП \"Балатон-409\"","holder_id":"22333481"}},{"type":"Feature","geometry":{"type":"Point","coordinates":[24.036158386,49.872257952]},"properties":{"moid":"3181382204668249216","id":336,"geom":{"type":"Point","coordinates":[24.0361583855216,49.8722579520291]},"x":24.0361583855216,"y":49.8722579520291,"street":"Мазепи І., гетьм.","housenum":"19","editor_id":null,"uid":null,"editor_date":null,"cdate":"2023-08-31T08:25:34","settlement":"Львів","district":"Шевченківський","street_type":"вулиця","address_coment":"вул. Мазепи І., гетьм., 19-23","object_type":"дитячо-спортивний","object_area":"1230","object_comment":null,"holder":"ЛКП \"Балатон-409\"","holder_id":"22333481"}},{"type":"Feature","geometry":{"type":"Point","coordinates":[24.039689448,49.867166134]},"properties":{"moid":"3181382204676637825","id":337,"geom":{"type":"Point","coordinates":[24.0396894482103,49.8671661340061]},"x":24.0396894482103,"y":49.8671661340061,"street":"Лінкольна А.","housenum":"47","editor_id":null,"uid":null,"editor_date":null,"cdate":"2023-08-31T08:25:34","settlement":"Львів","district":"Шевченківський","street_type":"вулиця","address_coment":null,"object_type":"дитячий","object_area":"561","object_comment":null,"holder":"ЛКП \"Балатон-409\"","holder_id":"22333481"}},{"type":"Feature","geometry":{"type":"Point","coordinates":[24.036151019,49.854100338]},"properties":{"moid":"3181382204685026434","id":338,"geom":{"type":"Point","coordinates":[24.0361510190347,49.8541003382695]},"x":24.0361510190347,"y":49.8541003382695,"street":"Остряниці Я.","housenum":"7","editor_id":null,"uid":null,"editor_date":null,"cdate":"2023-08-31T08:25:34","settlement":"Львів","district":"Шевченківський","street_type":"вулиця","address_coment":null,"object_type":"дитячий","object_area":"1271","object_comment":null,"holder":"ЛКП \"Балатон-409\"","holder_id":"22333481"}},{"type":"Feature","geometry":{"type":"Point","coordinates":[24.035114948,49.855412736]},"properties":{"moid":"3181382204685026435","id":339,"geom":{"type":"Point","coordinates":[24.0351149479372,49.8554127355043]},"x":24.0351149479372,"y":49.8554127355043,"street":"Жовківська","housenum":"14","editor_id":null,"uid":null,"editor_date":null,"cdate":"2023-08-31T08:25:34","settlement":"Львів","district":"Шевченківський","street_type":"вулиця","address_coment":null,"object_type":"дитячий","object_area":"660","object_comment":null,"holder":"ЛКП \"Балатон-409\"","holder_id":"22333481"}},{"type":"Feature","geometry":{"type":"Point","coordinates":[24.040853726,49.860109354]},"properties":{"moid":"3181382204685026436","id":340,"geom":{"type":"Point","coordinates":[24.0408537263677,49.8601093541238]},"x":24.0408537263677,"y":49.8601093541238,"street":"Промислова","housenum":"31","editor_id":null,"uid":null,"editor_date":null,"cdate":"2023-08-31T08:25:34","settlement":"Львів","district":"Шевченківський","street_type":"вулиця","address_coment":null,"object_type":"дитячий","object_area":"1650","object_comment":null,"holder":"ЛКП \"Балатон-409\"","holder_id":"22333481"}},{"type":"Feature","geometry":{"type":"Point","coordinates":[24.041021536,49.871487561]},"properties":{"moid":"3181382204685026437","id":341,"geom":{"type":"Point","coordinates":[24.0410215359556,49.8714875610256]},"x":24.0410215359556,"y":49.8714875610256,"street":"Мазепи І., гетьм.","housenum":"26","editor_id":null,"uid":null,"editor_date":null,"cdate":"2023-08-31T08:25:34","settlement":"Львів","district":"Шевченківський","street_type":"вулиця","address_coment":null,"object_type":"дитячий","object_area":"300","object_comment":null,"holder":"ЛКП \"Балатон-409\"","holder_id":"22333481"}},{"type":"Feature","geometry":{"type":"Point","coordinates":[24.052010502,49.872753114]},"properties":{"moid":"3181382204685026438","id":342,"geom":{"type":"Point","coordinates":[24.052010502032,49.8727531141049]},"x":24.052010502032,"y":49.8727531141049,"street":"Грінченка Б.","housenum":"6","editor_id":null,"uid":null,"editor_date":null,"cdate":"2023-08-31T08:25:34","settlement":"Львів","district":"Шевченківський","street_type":"вулиця","address_coment":null,"object_type":"дитячий","object_area":"1075","object_comment":null,"holder":"ЛКП \"Балатон-409\"","holder_id":"22333481"}},{"type":"Feature","geometry":{"type":"Point","coordinates":[24.050660391,49.871527662]},"properties":{"moid":"3181382204685026439","id":343,"geom":{"type":"Point","coordinates":[24.0506603906551,49.8715276619955]},"x":24.0506603906551,"y":49.8715276619955,"street":"Творча","housenum":"16","editor_id":null,"uid":null,"editor_date":null,"cdate":"2023-08-31T08:25:34","settlement":"Львів","district":"Шевченківський","street_type":"вулиця","address_coment":null,"object_type":"дитячий","object_area":"522","object_comment":null,"holder":"ЛКП \"Балатон-409\"","holder_id":"22333481"}},{"type":"Feature","geometry":{"type":"Point","coordinates":[24.050136528,49.870246285]},"properties":{"moid":"3181382204685026440","id":344,"geom":{"type":"Point","coordinates":[24.0501365282849,49.8702462846655]},"x":24.0501365282849,"y":49.8702462846655,"street":"Очаківська","housenum":"5","editor_id":null,"uid":null,"editor_date":null,"cdate":"2023-08-31T08:25:34","settlement":"Львів","district":"Шевченківський","street_type":"вулиця","address_coment":null,"object_type":"дитячий","object_area":"613","object_comment":null,"holder":"ЛКП \"Балатон-409\"","holder_id":"22333481"}},{"type":"Feature","geometry":{"type":"Point","coordinates":[24.055196443,49.871073633]},"properties":{"moid":"3181382204685026441","id":345,"geom":{"type":"Point","coordinates":[24.0551964434394,49.8710736332197]},"x":24.0551964434394,"y":49.8710736332197,"street":"Грінченка Б.","housenum":"2а","editor_id":null,"uid":null,"editor_date":null,"cdate":"2023-08-31T08:25:34","settlement":"Львів","district":"Шевченківський","street_type":"вулиця","address_coment":null,"object_type":"дитячий","object_area":"1270","object_comment":null,"holder":"ЛКП \"Балатон-409\"","holder_id":"22333481"}},{"type":"Feature","geometry":{"type":"Point","coordinates":[24.052870983,49.872013095]},"properties":{"moid":"3181382204685026442","id":346,"geom":{"type":"Point","coordinates":[24.0528709832163,49.8720130953194]},"x":24.0528709832163,"y":49.8720130953194,"street":"Грінченка Б.","housenum":"4б","editor_id":null,"uid":null,"editor_date":null,"cdate":"2023-08-31T08:25:34","settlement":"Львів","district":"Шевченківський","street_type":"вулиця","address_coment":null,"object_type":"дитячий","object_area":"681","object_comment":null,"holder":"ЛКП \"Балатон-409\"","holder_id":"22333481"}},{"type":"Feature","geometry":{"type":"Point","coordinates":[24.055099217,49.868298842]},"properties":{"moid":"3181382204685026443","id":347,"geom":{"type":"Point","coordinates":[24.0550992173359,49.868298841691]},"x":24.0550992173359,"y":49.868298841691,"street":"Хмельницького Б.","housenum":"245","editor_id":null,"uid":null,"editor_date":null,"cdate":"2023-08-31T08:25:34","settlement":"Львів","district":"Шевченківський","street_type":"вулиця","address_coment":null,"object_type":"дитячий","object_area":"495","object_comment":null,"holder":"ЛКП \"Балатон-409\"","holder_id":"22333481"}},{"type":"Feature","geometry":{"type":"Point","coordinates":[24.055633409,49.869877131]},"properties":{"moid":"3181382204685026444","id":348,"geom":{"type":"Point","coordinates":[24.0556334092973,49.8698771308107]},"x":24.0556334092973,"y":49.8698771308107,"street":"Хмельницького Б.","housenum":"255","editor_id":null,"uid":null,"editor_date":null,"cdate":"2023-08-31T08:25:34","settlement":"Львів","district":"Шевченківський","street_type":"вулиця","address_coment":null,"object_type":"дитячий","object_area":"448","object_comment":null,"holder":"ЛКП \"Балатон-409\"","holder_id":"22333481"}},{"type":"Feature","geometry":{"type":"Point","coordinates":[24.055953713,49.869314587]},"properties":{"moid":"3181382204685026445","id":349,"geom":{"type":"Point","coordinates":[24.0559537134179,49.8693145865283]},"x":24.0559537134179,"y":49.8693145865283,"street":"Хмельницького Б.","housenum":"251","editor_id":null,"uid":null,"editor_date":null,"cdate":"2023-08-31T08:25:34","settlement":"Львів","district":"Шевченківський","street_type":"вулиця","address_coment":null,"object_type":"дитячий","object_area":"410","object_comment":null,"holder":"ЛКП \"Балатон-409\"","holder_id":"22333481"}},{"type":"Feature","geometry":{"type":"Point","coordinates":[24.059339449,49.873388202]},"properties":{"moid":"3181382204685026446","id":350,"geom":{"type":"Point","coordinates":[24.0593394493525,49.8733882020977]},"x":24.0593394493525,"y":49.8733882020977,"street":"Хмельницького Б.","housenum":"271","editor_id":null,"uid":null,"editor_date":null,"cdate":"2023-08-31T08:25:34","settlement":"Львів","district":"Шевченківський","street_type":"вулиця","address_coment":null,"object_type":"дитячий","object_area":"210","object_comment":null,"holder":"ЛКП \"Балатон-409\"","holder_id":"22333481"}},{"type":"Feature","geometry":{"type":"Point","coordinates":[24.053874352,49.867801584]},"properties":{"moid":"3181382204685026447","id":351,"geom":{"type":"Point","coordinates":[24.0538743517877,49.867801583984]},"x":24.0538743517877,"y":49.867801583984,"street":"Хмельницького Б.","housenum":"243","editor_id":null,"uid":null,"editor_date":null,"cdate":"2023-08-31T08:25:34","settlement":"Львів","district":"Шевченківський","street_type":"вулиця","address_coment":null,"object_type":"дитячий","object_area":"400","object_comment":null,"holder":"ЛКП \"Балатон-409\"","holder_id":"22333481"}},{"type":"Feature","geometry":{"type":"Point","coordinates":[24.050392376,49.867233968]},"properties":{"moid":"3181382204685026448","id":352,"geom":{"type":"Point","coordinates":[24.0503923763409,49.8672339684402]},"x":24.0503923763409,"y":49.8672339684402,"street":"Чигиринська","housenum":"31","editor_id":null,"uid":null,"editor_date":null,"cdate":"2023-08-31T08:25:34","settlement":"Львів","district":"Шевченківський","street_type":"вулиця","address_coment":null,"object_type":"дитячо-спортивний","object_area":"450","object_comment":null,"holder":"ЛКП \"Балатон-409\"","holder_id":"22333481"}},{"type":"Feature","geometry":{"type":"Point","coordinates":[24.059775616,49.873894885]},"properties":{"moid":"3181382204685026449","id":353,"geom":{"type":"Point","coordinates":[24.0597756159805,49.8738948849516]},"x":24.0597756159805,"y":49.8738948849516,"street":"Хмельницького Б.","housenum":"273","editor_id":null,"uid":null,"editor_date":null,"cdate":"2023-08-31T08:25:34","settlement":"Львів","district":"Шевченківський","street_type":"вулиця","address_coment":null,"object_type":"дитячий","object_area":"660","object_comment":null,"holder":"ЛКП \"Балатон-409\"","holder_id":"22333481"}},{"type":"Feature","geometry":{"type":"Point","coordinates":[24.055672774,49.872685502]},"properties":{"moid":"3181382204685026450","id":354,"geom":{"type":"Point","coordinates":[24.0556727742425,49.8726855023198]},"x":24.0556727742425,"y":49.8726855023198,"street":"Грінченка Б.","housenum":"11а","editor_id":null,"uid":null,"editor_date":null,"cdate":"2023-08-31T08:25:34","settlement":"Львів","district":"Шевченківський","street_type":"вулиця","address_coment":null,"object_type":"дитячий","object_area":"345","object_comment":null,"holder":"ЛКП \"Балатон-409\"","holder_id":"22333481"}},{"type":"Feature","geometry":{"type":"Point","coordinates":[24.056514498,49.871747794]},"properties":{"moid":"3181382204685026451","id":355,"geom":{"type":"Point","coordinates":[24.0565144983669,49.871747793912]},"x":24.0565144983669,"y":49.871747793912,"street":"Стеценка К.","housenum":"9","editor_id":null,"uid":null,"editor_date":null,"cdate":"2023-08-31T08:25:34","settlement":"Львів","district":"Шевченківський","street_type":"вулиця","address_coment":null,"object_type":"дитячий","object_area":"440","object_comment":null,"holder":"ЛКП \"Балатон-409\"","holder_id":"22333481"}},{"type":"Feature","geometry":{"type":"Point","coordinates":[24.056004441,49.871907712]},"properties":{"moid":"3181382204685026452","id":356,"geom":{"type":"Point","coordinates":[24.0560044406267,49.8719077120101]},"x":24.0560044406267,"y":49.8719077120101,"street":"Стеценка К.","housenum":"11","editor_id":null,"uid":null,"editor_date":null,"cdate":"2023-08-31T08:25:34","settlement":"Львів","district":"Шевченківський","street_type":"вулиця","address_coment":null,"object_type":"дитячий","object_area":"231","object_comment":null,"holder":"ЛКП \"Балатон-409\"","holder_id":"22333481"}},{"type":"Feature","geometry":{"type":"Point","coordinates":[24.051451929,49.873875858]},"properties":{"moid":"3181382204693415061","id":357,"geom":{"type":"Point","coordinates":[24.0514519288711,49.8738758577145]},"x":24.0514519288711,"y":49.8738758577145,"street":"Грінченка Б.","housenum":"14","editor_id":null,"uid":null,"editor_date":null,"cdate":"2023-08-31T08:25:34","settlement":"Львів","district":"Шевченківський","street_type":"вулиця","address_coment":null,"object_type":"дитячо-спортивний","object_area":"1400","object_comment":null,"holder":"ЛКП \"Балатон-409\"","holder_id":"22333481"}},{"type":"Feature","geometry":{"type":"Point","coordinates":[24.054252301,49.867309446]},"properties":{"moid":"3181382204693415062","id":358,"geom":{"type":"Point","coordinates":[24.0542523007529,49.8673094462912]},"x":24.0542523007529,"y":49.8673094462912,"street":"Хмельницького Б.","housenum":"241","editor_id":null,"uid":null,"editor_date":null,"cdate":"2023-08-31T08:25:34","settlement":"Львів","district":"Шевченківський","street_type":"вулиця","address_coment":null,"object_type":"дитячий","object_area":"190","object_comment":null,"holder":"ЛКП \"Балатон-409\"","holder_id":"22333481"}},{"type":"Feature","geometry":{"type":"Point","coordinates":[24.05868125,49.872563742]},"properties":{"moid":"3181382204693415063","id":359,"geom":{"type":"Point","coordinates":[24.0586812500989,49.8725637418127]},"x":24.0586812500989,"y":49.8725637418127,"street":"Хмельницького Б.","housenum":"269","editor_id":null,"uid":null,"editor_date":null,"cdate":"2023-08-31T08:25:34","settlement":"Львів","district":"Шевченківський","street_type":"вулиця","address_coment":null,"object_type":"дитячий","object_area":"520","object_comment":null,"holder":"ЛКП \"Балатон-409\"","holder_id":"22333481"}},{"type":"Feature","geometry":{"type":"Point","coordinates":[24.042287775,49.856290185]},"properties":{"moid":"3181382204693415064","id":360,"geom":{"type":"Point","coordinates":[24.042287775240528,49.8562901848465]},"x":24.042287775240528,"y":49.8562901848465,"street":"Промислова","housenum":"22","editor_id":null,"uid":null,"editor_date":null,"cdate":"2023-08-31T08:25:34","settlement":"Львів","district":"Шевченківський","street_type":"вулиця","address_coment":"вул. Промислова, 22 - вул. Волинська, 21","object_type":"дитячо-спортивний","object_area":"390","object_comment":null,"holder":"ЛКП \"Балатон-409\"","holder_id":"22333481"}},{"type":"Feature","geometry":{"type":"Point","coordinates":[24.057773594,49.871474093]},"properties":{"moid":"3181382204693415065","id":361,"geom":{"type":"Point","coordinates":[24.0577735938343,49.8714740928364]},"x":24.0577735938343,"y":49.8714740928364,"street":"Хмельницького Б.","housenum":"267","editor_id":null,"uid":null,"editor_date":null,"cdate":"2023-08-31T08:25:34","settlement":"Львів","district":"Шевченківський","street_type":"вулиця","address_coment":"вул. Хмельницького Б., 267-269","object_type":"дитячо-спортивний","object_area":null,"object_comment":null,"holder":"ЛКП \"Балатон-409\"","holder_id":"22333481"}},{"type":"Feature","geometry":{"type":"Point","coordinates":[24.054287024,49.870803379]},"properties":{"moid":"3181382204693415066","id":362,"geom":{"type":"Point","coordinates":[24.0542870243649,49.8708033786595]},"x":24.0542870243649,"y":49.8708033786595,"street":"Грінченка Б.","housenum":"1","editor_id":null,"uid":null,"editor_date":null,"cdate":"2023-08-31T08:25:34","settlement":"Львів","district":"Шевченківський","street_type":"вулиця","address_coment":"вул. Грінченка Б., 1-5","object_type":"дитячий","object_area":"188","object_comment":null,"holder":"ЛКП \"Балатон-409\"","holder_id":"22333481"}},{"type":"Feature","geometry":{"type":"Point","coordinates":[24.050873294,49.8710138]},"properties":{"moid":"3181382204693415067","id":363,"geom":{"type":"Point","coordinates":[24.0508732939409,49.8710137998189]},"x":24.0508732939409,"y":49.8710137998189,"street":"Творча","housenum":"14","editor_id":null,"uid":null,"editor_date":null,"cdate":"2023-08-31T08:25:34","settlement":"Львів","district":"Шевченківський","street_type":"вулиця","address_coment":null,"object_type":"дитячий","object_area":"143","object_comment":null,"holder":"ЛКП \"Балатон-409\"","holder_id":"22333481"}},{"type":"Feature","geometry":{"type":"Point","coordinates":[24.043981649,49.856035529]},"properties":{"moid":"3181382204693415068","id":364,"geom":{"type":"Point","coordinates":[24.04398164852716,49.856035528669565]},"x":24.04398164852716,"y":49.856035528669565,"street":"Зустрічна","housenum":"7а","editor_id":null,"uid":null,"editor_date":null,"cdate":"2023-08-31T08:25:34","settlement":"Львів","district":"Шевченківський","street_type":"вулиця","address_coment":null,"object_type":"дитячий","object_area":"744","object_comment":null,"holder":"ЛКП \"Балатон-409\"","holder_id":"22333481"}},{"type":"Feature","geometry":{"type":"Point","coordinates":[24.044922948,49.857615663]},"properties":{"moid":"3181382204693415069","id":365,"geom":{"type":"Point","coordinates":[24.044922948387118,49.857615663432476]},"x":24.044922948387118,"y":49.857615663432476,"street":"Погідна","housenum":null,"editor_id":null,"uid":null,"editor_date":null,"cdate":"2023-08-31T08:25:34","settlement":"Львів","district":"Шевченківський","street_type":"вулиця","address_coment":"вул. Погідна - вул. Сміла","object_type":"дитячий","object_area":"527","object_comment":null,"holder":"ЛКП \"Балатон-409\"","holder_id":"22333481"}},{"type":"Feature","geometry":{"type":"Point","coordinates":[24.052976528,49.873879478]},"properties":{"moid":"3181382204693415070","id":366,"geom":{"type":"Point","coordinates":[24.0529765279921,49.8738794782738]},"x":24.0529765279921,"y":49.8738794782738,"street":"Грінченка Б.","housenum":"12","editor_id":null,"uid":null,"editor_date":null,"cdate":"2023-08-31T08:25:34","settlement":"Львів","district":"Шевченківський","street_type":"вулиця","address_coment":"вул. Грінченка Б., 12; вул. Грінченка Б., 14а - вул. Загірна, 28а","object_type":"дитячо-спортивний","object_area":"450","object_comment":null,"holder":"ЛКП \"Балатон-409\"","holder_id":"22333481"}},{"type":"Feature","geometry":{"type":"Point","coordinates":[24.057247064,49.872133353]},"properties":{"moid":"3181382204693415071","id":367,"geom":{"type":"Point","coordinates":[24.0572470636257,49.872133352839]},"x":24.0572470636257,"y":49.872133352839,"street":"Грінченка Б.","housenum":"12а","editor_id":null,"uid":null,"editor_date":null,"cdate":"2023-08-31T08:25:34","settlement":"Львів","district":"Шевченківський","street_type":"вулиця","address_coment":null,"object_type":"дитячий","object_area":"1050","object_comment":null,"holder":"ЛКП \"Балатон-409\"","holder_id":"22333481"}},{"type":"Feature","geometry":{"type":"Point","coordinates":[24.035017861,49.869013431]},"properties":{"moid":"3181382204693415072","id":368,"geom":{"type":"Point","coordinates":[24.0350178611484,49.8690134313611]},"x":24.0350178611484,"y":49.8690134313611,"street":"Хвильового М.","housenum":"30","editor_id":null,"uid":null,"editor_date":null,"cdate":"2023-08-31T08:25:34","settlement":"Львів","district":"Шевченківський","street_type":"вулиця","address_coment":null,"object_type":"дитячий","object_area":"1100","object_comment":null,"holder":"ЛКП \"Балатон-409\"","holder_id":"22333481"}},{"type":"Feature","geometry":{"type":"Point","coordinates":[24.036856316,49.86937228]},"properties":{"moid":"3181382204693415073","id":369,"geom":{"type":"Point","coordinates":[24.036856315776,49.8693722802178]},"x":24.036856315776,"y":49.8693722802178,"street":"Хвильового М.","housenum":"36","editor_id":null,"uid":null,"editor_date":null,"cdate":"2023-08-31T08:25:34","settlement":"Львів","district":"Шевченківський","street_type":"вулиця","address_coment":"вул. Хвильового М., 36-38","object_type":"дитячий","object_area":"370","object_comment":null,"holder":"ЛКП \"Балатон-409\"","holder_id":"22333481"}},{"type":"Feature","geometry":{"type":"Point","coordinates":[24.037247598,49.866585594]},"properties":{"moid":"3181382204693415074","id":370,"geom":{"type":"Point","coordinates":[24.0372475979695,49.866585593519]},"x":24.0372475979695,"y":49.866585593519,"street":"Лінкольна А.","housenum":"37","editor_id":null,"uid":null,"editor_date":null,"cdate":"2023-08-31T08:25:34","settlement":"Львів","district":"Шевченківський","street_type":"вулиця","address_coment":null,"object_type":"дитячий","object_area":"510","object_comment":null,"holder":"ЛКП \"Балатон-409\"","holder_id":"22333481"}},{"type":"Feature","geometry":{"type":"Point","coordinates":[24.036163294,49.867701727]},"properties":{"moid":"3181382204743746723","id":371,"geom":{"type":"Point","coordinates":[24.0361632935244,49.8677017270843]},"x":24.0361632935244,"y":49.8677017270843,"street":"Льняна","housenum":"9","editor_id":null,"uid":null,"editor_date":null,"cdate":"2023-08-31T08:25:34","settlement":"Львів","district":"Шевченківський","street_type":"вулиця","address_coment":null,"object_type":"дитячий","object_area":"702","object_comment":null,"holder":"ЛКП \"Балатон-409\"","holder_id":"22333481"}},{"type":"Feature","geometry":{"type":"Point","coordinates":[24.03453131,49.866583683]},"properties":{"moid":"3181382204743746724","id":372,"geom":{"type":"Point","coordinates":[24.0345313103785,49.8665836829073]},"x":24.0345313103785,"y":49.8665836829073,"street":"Тичини П.","housenum":"13","editor_id":null,"uid":null,"editor_date":null,"cdate":"2023-08-31T08:25:34","settlement":"Львів","district":"Шевченківський","street_type":"вулиця","address_coment":null,"object_type":"дитячий","object_area":null,"object_comment":null,"holder":"ЛКП \"Балатон-409\"","holder_id":"22333481"}},{"type":"Feature","geometry":{"type":"Point","coordinates":[24.031444114,49.868468534]},"properties":{"moid":"3181382204743746725","id":373,"geom":{"type":"Point","coordinates":[24.0314441143744,49.8684685342171]},"x":24.0314441143744,"y":49.8684685342171,"street":"Хвильового М.","housenum":"12","editor_id":null,"uid":null,"editor_date":null,"cdate":"2023-08-31T08:25:34","settlement":"Львів","district":"Шевченківський","street_type":"вулиця","address_coment":null,"object_type":"дитячий","object_area":"120","object_comment":null,"holder":"ЛКП \"Балатон-409\"","holder_id":"22333481"}},{"type":"Feature","geometry":{"type":"Point","coordinates":[24.03063829,49.868340036]},"properties":{"moid":"3181382204743746726","id":374,"geom":{"type":"Point","coordinates":[24.0306382902335,49.8683400359722]},"x":24.0306382902335,"y":49.8683400359722,"street":"Хвильового М.","housenum":"4","editor_id":null,"uid":null,"editor_date":null,"cdate":"2023-08-31T08:25:34","settlement":"Львів","district":"Шевченківський","street_type":"вулиця","address_coment":null,"object_type":"дитячий","object_area":"180","object_comment":null,"holder":"ЛКП \"Балатон-409\"","holder_id":"22333481"}},{"type":"Feature","geometry":{"type":"Point","coordinates":[24.030195822,49.868725032]},"properties":{"moid":"3181382204743746727","id":375,"geom":{"type":"Point","coordinates":[24.0301958219936,49.8687250323726]},"x":24.0301958219936,"y":49.8687250323726,"street":"Хвильового М.","housenum":"7","editor_id":null,"uid":null,"editor_date":null,"cdate":"2023-08-31T08:25:34","settlement":"Львів","district":"Шевченківський","street_type":"вулиця","address_coment":null,"object_type":"дитячий","object_area":"890","object_comment":null,"holder":"ЛКП \"Балатон-409\"","holder_id":"22333481"}},{"type":"Feature","geometry":{"type":"Point","coordinates":[24.028905033,49.869772941]},"properties":{"moid":"3181382204743746728","id":376,"geom":{"type":"Point","coordinates":[24.0289050330989,49.8697729408741]},"x":24.0289050330989,"y":49.8697729408741,"street":"Мазепи І., гетьм.","housenum":"4","editor_id":null,"uid":null,"editor_date":null,"cdate":"2023-08-31T08:25:34","settlement":"Львів","district":"Шевченківський","street_type":"вулиця","address_coment":null,"object_type":"дитячий","object_area":"294","object_comment":null,"holder":"ЛКП \"Балатон-409\"","holder_id":"22333481"}},{"type":"Feature","geometry":{"type":"Point","coordinates":[24.028723598,49.856273928]},"properties":{"moid":"3181382204743746729","id":377,"geom":{"type":"Point","coordinates":[24.0287235978433,49.856273927506]},"x":24.0287235978433,"y":49.856273927506,"street":"Узбецька","housenum":"11","editor_id":null,"uid":null,"editor_date":null,"cdate":"2023-08-31T08:25:34","settlement":"Львів","district":"Шевченківський","street_type":"вулиця","address_coment":null,"object_type":"дитячий","object_area":"304","object_comment":null,"holder":"ЛКП \"Балатон-409\"","holder_id":"22333481"}},{"type":"Feature","geometry":{"type":"Point","coordinates":[24.033734084,49.857057494]},"properties":{"moid":"3181382204743746730","id":378,"geom":{"type":"Point","coordinates":[24.0337340841547,49.8570574944353]},"x":24.0337340841547,"y":49.8570574944353,"street":"Корінна","housenum":"3","editor_id":null,"uid":null,"editor_date":null,"cdate":"2023-08-31T08:25:34","settlement":"Львів","district":"Шевченківський","street_type":"вулиця","address_coment":null,"object_type":"дитячо-спортивний","object_area":"330","object_comment":null,"holder":"ЛКП \"Балатон-409\"","holder_id":"22333481"}},{"type":"Feature","geometry":{"type":"Point","coordinates":[24.028320105,49.870574306]},"properties":{"moid":"3181382204743746731","id":379,"geom":{"type":"Point","coordinates":[24.0283201047039,49.870574306377]},"x":24.0283201047039,"y":49.870574306377,"street":"Мазепи І., гетьм.","housenum":"3","editor_id":null,"uid":null,"editor_date":null,"cdate":"2023-08-31T08:25:34","settlement":"Львів","district":"Шевченківський","street_type":"вулиця","address_coment":null,"object_type":"дитячий","object_area":"736","object_comment":null,"holder":"ЛКП \"Балатон-409\"","holder_id":"22333481"}},{"type":"Feature","geometry":{"type":"Point","coordinates":[24.029688062,49.87238117]},"properties":{"moid":"3181382204743746732","id":380,"geom":{"type":"Point","coordinates":[24.0296880620781,49.8723811703956]},"x":24.0296880620781,"y":49.8723811703956,"street":"Мазепи І., гетьм.","housenum":"9б","editor_id":null,"uid":null,"editor_date":null,"cdate":"2023-08-31T08:25:34","settlement":"Львів","district":"Шевченківський","street_type":"вулиця","address_coment":null,"object_type":"дитячий","object_area":"410","object_comment":null,"holder":"ЛКП \"Балатон-409\"","holder_id":"22333481"}},{"type":"Feature","geometry":{"type":"Point","coordinates":[24.032378048,49.870345917]},"properties":{"moid":"3181382204743746733","id":381,"geom":{"type":"Point","coordinates":[24.0323780484786,49.8703459169635]},"x":24.0323780484786,"y":49.8703459169635,"street":"Мазепи І., гетьм.","housenum":"12","editor_id":null,"uid":null,"editor_date":null,"cdate":"2023-08-31T08:25:34","settlement":"Львів","district":"Шевченківський","street_type":"вулиця","address_coment":null,"object_type":"дитячий","object_area":"860","object_comment":null,"holder":"ЛКП \"Балатон-409\"","holder_id":"22333481"}},{"type":"Feature","geometry":{"type":"Point","coordinates":[24.029292061,49.870730686]},"properties":{"moid":"3181382204743746734","id":382,"geom":{"type":"Point","coordinates":[24.0292920606433,49.8707306864032]},"x":24.0292920606433,"y":49.8707306864032,"street":"Мазепи І., гетьм.","housenum":"5","editor_id":null,"uid":null,"editor_date":null,"cdate":"2023-08-31T08:25:34","settlement":"Львів","district":"Шевченківський","street_type":"вулиця","address_coment":null,"object_type":"дитячий","object_area":"478","object_comment":null,"holder":"ЛКП \"Балатон-409\"","holder_id":"22333481"}},{"type":"Feature","geometry":{"type":"Point","coordinates":[24.032477098,49.868590966]},"properties":{"moid":"3181382204743746735","id":383,"geom":{"type":"Point","coordinates":[24.0324770980511,49.86859096584]},"x":24.0324770980511,"y":49.86859096584,"street":"Хвильового М.","housenum":"14","editor_id":null,"uid":null,"editor_date":null,"cdate":"2023-08-31T08:25:34","settlement":"Львів","district":"Шевченківський","street_type":"вулиця","address_coment":null,"object_type":"дитячий","object_area":null,"object_comment":null,"holder":"ЛКП \"Балатон-409\"","holder_id":"22333481"}},{"type":"Feature","geometry":{"type":"Point","coordinates":[24.035433172,49.866582886]},"properties":{"moid":"3181382204743746736","id":384,"geom":{"type":"Point","coordinates":[24.0354331715463,49.8665828863061]},"x":24.0354331715463,"y":49.8665828863061,"street":"Лінкольна А.","housenum":"29","editor_id":null,"uid":null,"editor_date":null,"cdate":"2023-08-31T08:25:34","settlement":"Львів","district":"Шевченківський","street_type":"вулиця","address_coment":null,"object_type":"дитячий","object_area":"148","object_comment":null,"holder":"ЛКП \"Балатон-409\"","holder_id":"22333481"}},{"type":"Feature","geometry":{"type":"Point","coordinates":[24.027908334,49.864777066]},"properties":{"moid":"3181382204743746737","id":385,"geom":{"type":"Point","coordinates":[24.02790833395486,49.8647770656679]},"x":24.02790833395486,"y":49.8647770656679,"street":"Лінкольна А.","housenum":null,"editor_id":null,"uid":null,"editor_date":null,"cdate":"2023-08-31T08:25:34","settlement":"Львів","district":"Шевченківський","street_type":"вулиця","address_coment":"вул. Лінкольна А. - вул. Липинського В.","object_type":"дитячо-спортивний","object_area":"870","object_comment":null,"holder":"ЛКП \"Балатон-409\"","holder_id":"22333481"}},{"type":"Feature","geometry":{"type":"Point","coordinates":[24.025312725,49.866295526]},"properties":{"moid":"3181382204743746738","id":386,"geom":{"type":"Point","coordinates":[24.025312725341,49.8662955256055]},"x":24.025312725341,"y":49.8662955256055,"street":"Замарстинівська","housenum":"150","editor_id":null,"uid":null,"editor_date":null,"cdate":"2023-08-31T08:25:34","settlement":"Львів","district":"Шевченківський","street_type":"вулиця","address_coment":null,"object_type":"дитячий","object_area":"430","object_comment":null,"holder":"ЛКП \"Балатон-409\"","holder_id":"22333481"}},{"type":"Feature","geometry":{"type":"Point","coordinates":[24.025761155,49.865330598]},"properties":{"moid":"3181382204743746739","id":387,"geom":{"type":"Point","coordinates":[24.0257611545694,49.8653305979326]},"x":24.0257611545694,"y":49.8653305979326,"street":"Замарстинівська","housenum":"144","editor_id":null,"uid":null,"editor_date":null,"cdate":"2023-08-31T08:25:34","settlement":"Львів","district":"Шевченківський","street_type":"вулиця","address_coment":null,"object_type":"дитячий","object_area":"475","object_comment":null,"holder":"ЛКП \"Балатон-409\"","holder_id":"22333481"}},{"type":"Feature","geometry":{"type":"Point","coordinates":[24.029605715,49.858431947]},"properties":{"moid":"3181382204743746740","id":388,"geom":{"type":"Point","coordinates":[24.0296057149181,49.8584319466016]},"x":24.0296057149181,"y":49.8584319466016,"street":"Квітова","housenum":"26","editor_id":null,"uid":null,"editor_date":null,"cdate":"2023-08-31T08:25:34","settlement":"Львів","district":"Шевченківський","street_type":"вулиця","address_coment":null,"object_type":"дитячий","object_area":"180","object_comment":null,"holder":"ЛКП \"Балатон-409\"","holder_id":"22333481"}},{"type":"Feature","geometry":{"type":"Point","coordinates":[24.033573637,49.868106641]},"properties":{"moid":"3181382204743746741","id":389,"geom":{"type":"Point","coordinates":[24.0335736370288,49.8681066406966]},"x":24.0335736370288,"y":49.8681066406966,"street":"Тичини П.","housenum":"15","editor_id":null,"uid":null,"editor_date":null,"cdate":"2023-08-31T08:25:34","settlement":"Львів","district":"Шевченківський","street_type":"вулиця","address_coment":null,"object_type":"дитячий","object_area":"220","object_comment":null,"holder":"ЛКП \"Балатон-409\"","holder_id":"22333481"}},{"type":"Feature","geometry":{"type":"Point","coordinates":[24.015778183,49.870569714]},"properties":{"moid":"3181382204743746742","id":390,"geom":{"type":"Point","coordinates":[24.0157781826904,49.870569714128]},"x":24.0157781826904,"y":49.870569714128,"street":"Кругла","housenum":"7а","editor_id":null,"uid":null,"editor_date":null,"cdate":"2023-08-31T08:25:34","settlement":"Львів","district":"Шевченківський","street_type":"вулиця","address_coment":null,"object_type":"дитячо-спортивний","object_area":"480","object_comment":null,"holder":"ЛКП \"Балатон-409\"","holder_id":"22333481"}},{"type":"Feature","geometry":{"type":"Point","coordinates":[24.047910178,49.873257542]},"properties":{"moid":"3181382204743746743","id":391,"geom":{"type":"Point","coordinates":[24.0479101776429,49.8732575420278]},"x":24.0479101776429,"y":49.8732575420278,"street":"Мазепи І., гетьм.","housenum":"35","editor_id":null,"uid":null,"editor_date":null,"cdate":"2023-08-31T08:25:34","settlement":"Львів","district":"Шевченківський","street_type":"вулиця","address_coment":null,"object_type":"дитячий","object_area":"208","object_comment":null,"holder":"ЛКП \"Балатон-409\"","holder_id":"22333481"}},{"type":"Feature","geometry":{"type":"Point","coordinates":[24.043658872,49.872921995]},"properties":{"moid":"3181382204752135352","id":392,"geom":{"type":"Point","coordinates":[24.0436588724546,49.872921995449]},"x":24.0436588724546,"y":49.872921995449,"street":"Мазепи І., гетьм.","housenum":"27","editor_id":null,"uid":null,"editor_date":null,"cdate":"2023-08-31T08:25:34","settlement":"Львів","district":"Шевченківський","street_type":"вулиця","address_coment":"вул. Мазепи І., гетьм., 27 - вул. Миколайчука І., 2","object_type":"дитячий","object_area":"570","object_comment":null,"holder":"ЛКП \"Балатон-409\"","holder_id":"22333481"}},{"type":"Feature","geometry":{"type":"Point","coordinates":[24.043820923,49.874427428]},"properties":{"moid":"3181382204752135353","id":393,"geom":{"type":"Point","coordinates":[24.0438209229788,49.8744274282801]},"x":24.0438209229788,"y":49.8744274282801,"street":"Плугова","housenum":"7","editor_id":null,"uid":null,"editor_date":null,"cdate":"2023-08-31T08:25:34","settlement":"Львів","district":"Шевченківський","street_type":"вулиця","address_coment":null,"object_type":"дитячий","object_area":"300","object_comment":null,"holder":"ЛКП \"Балатон-409\"","holder_id":"22333481"}},{"type":"Feature","geometry":{"type":"Point","coordinates":[24.043155147,49.874957371]},"properties":{"moid":"3181382204752135354","id":394,"geom":{"type":"Point","coordinates":[24.0431551473541,49.8749573706913]},"x":24.0431551473541,"y":49.8749573706913,"street":"Миколайчука І.","housenum":"10","editor_id":null,"uid":null,"editor_date":null,"cdate":"2023-08-31T08:25:34","settlement":"Львів","district":"Шевченківський","street_type":"вулиця","address_coment":"вул. Миколайчука І., 10-12","object_type":"дитячий","object_area":"550","object_comment":null,"holder":"ЛКП \"Балатон-409\"","holder_id":"22333481"}},{"type":"Feature","geometry":{"type":"Point","coordinates":[24.041912308,49.875898733]},"properties":{"moid":"3181382204752135355","id":395,"geom":{"type":"Point","coordinates":[24.0419123076158,49.8758987327617]},"x":24.0419123076158,"y":49.8758987327617,"street":"Миколайчука І.","housenum":"16","editor_id":null,"uid":null,"editor_date":null,"cdate":"2023-08-31T08:25:34","settlement":"Львів","district":"Шевченківський","street_type":"вулиця","address_coment":null,"object_type":"дитячий","object_area":"300","object_comment":null,"holder":"ЛКП \"Балатон-409\"","holder_id":"22333481"}},{"type":"Feature","geometry":{"type":"Point","coordinates":[24.038888662,49.878697573]},"properties":{"moid":"3181382204752135356","id":396,"geom":{"type":"Point","coordinates":[24.0388886618952,49.8786975725455]},"x":24.0388886618952,"y":49.8786975725455,"street":"Миколайчука І.","housenum":"22","editor_id":null,"uid":null,"editor_date":null,"cdate":"2023-08-31T08:25:34","settlement":"Львів","district":"Шевченківський","street_type":"вулиця","address_coment":null,"object_type":"дитячий","object_area":"1465","object_comment":null,"holder":"ЛКП \"Балатон-409\"","holder_id":"22333481"}},{"type":"Feature","geometry":{"type":"Point","coordinates":[24.037134462,49.879537738]},"properties":{"moid":"3181382204752135357","id":397,"geom":{"type":"Point","coordinates":[24.0371344615427,49.8795377382656]},"x":24.0371344615427,"y":49.8795377382656,"street":"Миколайчука І.","housenum":"28","editor_id":null,"uid":null,"editor_date":null,"cdate":"2023-08-31T08:25:34","settlement":"Львів","district":"Шевченківський","street_type":"вулиця","address_coment":"вул. Миколайчука І., 28-30","object_type":"дитячий","object_area":"130","object_comment":null,"holder":"ЛКП \"Балатон-409\"","holder_id":"22333481"}},{"type":"Feature","geometry":{"type":"Point","coordinates":[24.042377246,49.878632506]},"properties":{"moid":"3181382204752135358","id":398,"geom":{"type":"Point","coordinates":[24.0423772463981,49.878632505772]},"x":24.0423772463981,"y":49.878632505772,"street":"Студинського К.","housenum":"4","editor_id":null,"uid":null,"editor_date":null,"cdate":"2023-08-31T08:25:34","settlement":"Львів","district":"Шевченківський","street_type":"вулиця","address_coment":null,"object_type":"дитячий","object_area":"110","object_comment":null,"holder":"ЛКП \"Балатон-409\"","holder_id":"22333481"}},{"type":"Feature","geometry":{"type":"Point","coordinates":[24.041887016,49.879054612]},"properties":{"moid":"3181382204752135359","id":399,"geom":{"type":"Point","coordinates":[24.0418870156321,49.8790546117142]},"x":24.0418870156321,"y":49.8790546117142,"street":"Студинського К.","housenum":"6","editor_id":null,"uid":null,"editor_date":null,"cdate":"2023-08-31T08:25:34","settlement":"Львів","district":"Шевченківський","street_type":"вулиця","address_coment":null,"object_type":"дитячий","object_area":"120","object_comment":null,"holder":"ЛКП \"Балатон-409\"","holder_id":"22333481"}},{"type":"Feature","geometry":{"type":"Point","coordinates":[24.044977319,49.879262793]},"properties":{"moid":"3181382204752135360","id":400,"geom":{"type":"Point","coordinates":[24.0449773194266,49.8792627934389]},"x":24.0449773194266,"y":49.8792627934389,"street":"Студинського К.","housenum":"12","editor_id":null,"uid":null,"editor_date":null,"cdate":"2023-08-31T08:25:34","settlement":"Львів","district":"Шевченківський","street_type":"вулиця","address_coment":null,"object_type":"дитячий","object_area":"60","object_comment":null,"holder":"ЛКП \"Балатон-409\"","holder_id":"22333481"}},{"type":"Feature","geometry":{"type":"Point","coordinates":[24.038633079,49.879950216]},"properties":{"moid":"3181382204752135361","id":401,"geom":{"type":"Point","coordinates":[24.0386330791782,49.8799502162325]},"x":24.0386330791782,"y":49.8799502162325,"street":"Щурата В.","housenum":"8","editor_id":null,"uid":null,"editor_date":null,"cdate":"2023-08-31T08:25:34","settlement":"Львів","district":"Шевченківський","street_type":"вулиця","address_coment":null,"object_type":"дитячий","object_area":"684","object_comment":null,"holder":"ЛКП \"Балатон-409\"","holder_id":"22333481"}},{"type":"Feature","geometry":{"type":"Point","coordinates":[24.036598903,49.88048368]},"properties":{"moid":"3181382204752135362","id":402,"geom":{"type":"Point","coordinates":[24.0365989027348,49.8804836803317]},"x":24.0365989027348,"y":49.8804836803317,"street":"Щурата В.","housenum":"9","editor_id":null,"uid":null,"editor_date":null,"cdate":"2023-08-31T08:25:34","settlement":"Львів","district":"Шевченківський","street_type":"вулиця","address_coment":null,"object_type":"дитячий","object_area":"348","object_comment":null,"holder":"ЛКП \"Балатон-409\"","holder_id":"22333481"}},{"type":"Feature","geometry":{"type":"Point","coordinates":[24.034944541,49.881638988]},"properties":{"moid":"3181382204752135363","id":403,"geom":{"type":"Point","coordinates":[24.0349445410358,49.8816389878738]},"x":24.0349445410358,"y":49.8816389878738,"street":"Щурата В.","housenum":"13","editor_id":null,"uid":null,"editor_date":null,"cdate":"2023-08-31T08:25:34","settlement":"Львів","district":"Шевченківський","street_type":"вулиця","address_coment":null,"object_type":"дитячий","object_area":"135","object_comment":null,"holder":"ЛКП \"Балатон-409\"","holder_id":"22333481"}},{"type":"Feature","geometry":{"type":"Point","coordinates":[24.038676987,49.882515482]},"properties":{"moid":"3181382204752135364","id":404,"geom":{"type":"Point","coordinates":[24.0386769873581,49.882515481628]},"x":24.0386769873581,"y":49.882515481628,"street":"Леннона Дж.","housenum":"25","editor_id":null,"uid":null,"editor_date":null,"cdate":"2023-08-31T08:25:34","settlement":"Львів","district":"Шевченківський","street_type":"вулиця","address_coment":"вул. Леннона Дж., 25; вул. Леннона Дж., 27; вул. Леннона Дж., 33; вул. Леннона Дж., 35; вул. Леннона Дж., 39","object_type":"дитячо-спортивний","object_area":"1090","object_comment":null,"holder":"ЛКП \"Балатон-409\"","holder_id":"22333481"}},{"type":"Feature","geometry":{"type":"Point","coordinates":[24.034896895,49.880701926]},"properties":{"moid":"3181382204752135365","id":405,"geom":{"type":"Point","coordinates":[24.034896894667,49.8807019259472]},"x":24.034896894667,"y":49.8807019259472,"street":"Миколайчука І.","housenum":"36","editor_id":null,"uid":null,"editor_date":null,"cdate":"2023-08-31T08:25:34","settlement":"Львів","district":"Шевченківський","street_type":"вулиця","address_coment":null,"object_type":"дитячий","object_area":"216","object_comment":null,"holder":"ЛКП \"Балатон-409\"","holder_id":"22333481"}},{"type":"Feature","geometry":{"type":"Point","coordinates":[24.035123486,49.852497226]},"properties":{"moid":"3181382204752135366","id":406,"geom":{"type":"Point","coordinates":[24.0351234857687,49.8524972264273]},"x":24.0351234857687,"y":49.8524972264273,"street":"Підзамче","housenum":"4","editor_id":null,"uid":null,"editor_date":null,"cdate":"2023-08-31T08:25:34","settlement":"Львів","district":"Шевченківський","street_type":"вулиця","address_coment":null,"object_type":"дитячо-спортивний","object_area":"1000","object_comment":null,"holder":"ЛКП \"Балатон-409\"","holder_id":"22333481"}},{"type":"Feature","geometry":{"type":"Point","coordinates":[24.03735367,49.858887202]},"properties":{"moid":"3181382204752135367","id":407,"geom":{"type":"Point","coordinates":[24.0373536699383,49.8588872016633]},"x":24.0373536699383,"y":49.8588872016633,"street":"Жовківська","housenum":"57","editor_id":null,"uid":null,"editor_date":null,"cdate":"2023-08-31T08:25:34","settlement":"Львів","district":"Шевченківський","street_type":"вулиця","address_coment":"внутрішній двір","object_type":"дитячий","object_area":"120","object_comment":null,"holder":"ЛКП \"Балатон-409\"","holder_id":"22333481"}},{"type":"Feature","geometry":{"type":"Point","coordinates":[24.037853463,49.854595983]},"properties":{"moid":"3181382204752135368","id":408,"geom":{"type":"Point","coordinates":[24.037853462698,49.8545959834899]},"x":24.037853462698,"y":49.8545959834899,"street":"Донецька","housenum":"26","editor_id":null,"uid":null,"editor_date":null,"cdate":"2023-08-31T08:25:34","settlement":"Львів","district":"Шевченківський","street_type":"вулиця","address_coment":null,"object_type":"дитячий","object_area":"443","object_comment":"громадський простір","holder":"ЛКП \"Балатон-409\"","holder_id":"22333481"}},{"type":"Feature","geometry":{"type":"Point","coordinates":[24.039920212,49.877562195]},"properties":{"moid":"3181382204752135369","id":409,"geom":{"type":"Point","coordinates":[24.0399202122073,49.8775621948598]},"x":24.0399202122073,"y":49.8775621948598,"street":"Миколайчука І.","housenum":"18","editor_id":null,"uid":null,"editor_date":null,"cdate":"2023-08-31T08:25:34","settlement":"Львів","district":"Шевченківський","street_type":"вулиця","address_coment":"вул. Миколайчука І., 18-20","object_type":"дитячо-спортивний","object_area":"350","object_comment":null,"holder":"ЛКП \"Балатон-409\"","holder_id":"22333481"}},{"type":"Feature","geometry":{"type":"Point","coordinates":[24.027730439,49.865185844]},"properties":{"moid":"3181382204752135370","id":410,"geom":{"type":"Point","coordinates":[24.0277304393323,49.8651858442884]},"x":24.0277304393323,"y":49.8651858442884,"street":"Лінкольна А.","housenum":"1","editor_id":null,"uid":null,"editor_date":null,"cdate":"2023-08-31T08:25:34","settlement":"Львів","district":"Шевченківський","street_type":"вулиця","address_coment":null,"object_type":"дитячий","object_area":"210","object_comment":null,"holder":"ЛКП \"Балатон-409\"","holder_id":"22333481"}},{"type":"Feature","geometry":{"type":"Point","coordinates":[24.030293702,49.870887491]},"properties":{"moid":"3181382204752135371","id":411,"geom":{"type":"Point","coordinates":[24.0302937018064,49.870887491377]},"x":24.0302937018064,"y":49.870887491377,"street":"Мазепи І., гетьм.","housenum":"7","editor_id":null,"uid":null,"editor_date":null,"cdate":"2023-08-31T08:25:34","settlement":"Львів","district":"Шевченківський","street_type":"вулиця","address_coment":null,"object_type":"дитячий","object_area":"190","object_comment":null,"holder":"ЛКП \"Балатон-409\"","holder_id":"22333481"}},{"type":"Feature","geometry":{"type":"Point","coordinates":[24.0863075,49.9032873]},"properties":{"moid":"3181382204752135372","id":412,"geom":{"type":"Point","coordinates":[24.0863075,49.9032873]},"x":24.0863075,"y":49.9032873,"street":"Зелена","housenum":"3","editor_id":null,"uid":null,"editor_date":null,"cdate":"2023-08-31T08:25:34","settlement":"Дубляни","district":"Шевченківський","street_type":"вулиця","address_coment":null,"object_type":"дитячий","object_area":null,"object_comment":null,"holder":"КП \"Дублянський виробничий комбінат\"","holder_id":"19327637"}},{"type":"Feature","geometry":{"type":"Point","coordinates":[24.093808796,49.890141602]},"properties":{"moid":"3181382204752135373","id":413,"geom":{"type":"Point","coordinates":[24.093808795591062,49.89014160236202]},"x":24.093808795591062,"y":49.89014160236202,"street":"Львівська","housenum":"14","editor_id":null,"uid":null,"editor_date":null,"cdate":"2023-08-31T08:25:34","settlement":"Дубляни","district":"Шевченківський","street_type":"вулиця","address_coment":null,"object_type":"дитячий","object_area":null,"object_comment":null,"holder":"КП \"Дублянський виробничий комбінат\"","holder_id":"19327637"}},{"type":"Feature","geometry":{"type":"Point","coordinates":[24.0938946,49.9039295]},"properties":{"moid":"3181382204752135374","id":414,"geom":{"type":"Point","coordinates":[24.0938946,49.9039295]},"x":24.0938946,"y":49.9039295,"street":"Тараса Шевченка","housenum":"22","editor_id":null,"uid":null,"editor_date":null,"cdate":"2023-08-31T08:25:34","settlement":"Дубляни","district":"Шевченківський","street_type":"вулиця","address_coment":null,"object_type":"дитячий","object_area":null,"object_comment":null,"holder":"КП \"Дублянський виробничий комбінат\"","holder_id":"19327637"}},{"type":"Feature","geometry":{"type":"Point","coordinates":[24.0935855,49.89365]},"properties":{"moid":"3181382204752135375","id":415,"geom":{"type":"Point","coordinates":[24.0935855,49.89365]},"x":24.0935855,"y":49.89365,"street":"Козацька","housenum":null,"editor_id":null,"uid":null,"editor_date":null,"cdate":"2023-08-31T08:25:34","settlement":"Дубляни","district":"Шевченківський","street_type":"вулиця","address_coment":null,"object_type":"дитячий","object_area":null,"object_comment":null,"holder":"КП \"Дублянський виробничий комбінат\"","holder_id":"19327637"}},{"type":"Feature","geometry":{"type":"Point","coordinates":[24.089363605,49.892982476]},"properties":{"moid":"3181382204752135376","id":416,"geom":{"type":"Point","coordinates":[24.08936360524774,49.89298247608658]},"x":24.08936360524774,"y":49.89298247608658,"street":"Роксолани","housenum":null,"editor_id":null,"uid":null,"editor_date":null,"cdate":"2023-08-31T08:25:34","settlement":"Дубляни","district":"Шевченківський","street_type":"вулиця","address_coment":null,"object_type":"дитячий","object_area":null,"object_comment":null,"holder":"КП \"Дублянський виробничий комбінат\"","holder_id":"19327637"}},{"type":"Feature","geometry":{"type":"Point","coordinates":[24.085376244,49.901666157]},"properties":{"moid":"3181382204752135377","id":417,"geom":{"type":"Point","coordinates":[24.085376243888373,49.90166615708874]},"x":24.085376243888373,"y":49.90166615708874,"street":"Садова","housenum":null,"editor_id":null,"uid":null,"editor_date":null,"cdate":"2023-08-31T08:25:34","settlement":"Дубляни","district":"Шевченківський","street_type":"вулиця","address_coment":null,"object_type":"дитячий","object_area":null,"object_comment":null,"holder":"КП \"Дублянський виробничий комбінат\"","holder_id":"19327637"}},{"type":"Feature","geometry":{"type":"Point","coordinates":[24.0755869,49.9072851]},"properties":{"moid":"3181382204752135378","id":418,"geom":{"type":"Point","coordinates":[24.0755869,49.9072851]},"x":24.0755869,"y":49.9072851,"street":"Січових Стрільців","housenum":"15а","editor_id":null,"uid":null,"editor_date":null,"cdate":"2023-08-31T08:25:34","settlement":"Дубляни","district":"Шевченківський","street_type":"вулиця","address_coment":null,"object_type":"дитячий","object_area":null,"object_comment":null,"holder":"КП \"Дублянський виробничий комбінат\"","holder_id":"19327637"}},{"type":"Feature","geometry":{"type":"Point","coordinates":[24.122284,49.9259174]},"properties":{"moid":"3181382204752135379","id":419,"geom":{"type":"Point","coordinates":[24.122284,49.9259174]},"x":24.122284,"y":49.9259174,"street":"Ситихівська","housenum":"45а","editor_id":null,"uid":null,"editor_date":null,"cdate":"2023-08-31T08:25:34","settlement":"Ситихів","district":"Шевченківський","street_type":"вулиця","address_coment":null,"object_type":"дитячий","object_area":null,"object_comment":null,"holder":"КП \"Дублянський виробничий комбінат\"","holder_id":"19327637"}},{"type":"Feature","geometry":{"type":"Point","coordinates":[24.15444,49.920511]},"properties":{"moid":"3181382204752135380","id":420,"geom":{"type":"Point","coordinates":[24.15444,49.920511]},"x":24.15444,"y":49.920511,"street":"В'ячеслава Чорновола","housenum":null,"editor_id":null,"uid":null,"editor_date":null,"cdate":"2023-08-31T08:25:34","settlement":"Малі Підліски","district":"Шевченківський","street_type":"вулиця","address_coment":null,"object_type":"дитячий","object_area":null,"object_comment":null,"holder":"КП \"Дублянський виробничий комбінат\"","holder_id":"19327637"}},{"type":"Feature","geometry":{"type":"Point","coordinates":[24.1686854,49.9203369]},"properties":{"moid":"3181382204752135381","id":421,"geom":{"type":"Point","coordinates":[24.1686854,49.9203369]},"x":24.1686854,"y":49.9203369,"street":"Київська","housenum":"43","editor_id":null,"uid":null,"editor_date":null,"cdate":"2023-08-31T08:25:34","settlement":"Малі Підліски","district":"Шевченківський","street_type":"вулиця","address_coment":null,"object_type":"дитячий","object_area":null,"object_comment":null,"holder":"КП \"Дублянський виробничий комбінат\"","holder_id":"19327637"}},{"type":"Feature","geometry":{"type":"Point","coordinates":[24.060822,49.9071746]},"properties":{"moid":"3181382204752135382","id":422,"geom":{"type":"Point","coordinates":[24.060822,49.9071746]},"x":24.060822,"y":49.9071746,"street":"Стуса В.","housenum":"1","editor_id":null,"uid":null,"editor_date":null,"cdate":"2023-08-31T08:25:34","settlement":"Великі Грибовичі","district":"Шевченківський","street_type":"вулиця","address_coment":null,"object_type":"дитячий","object_area":null,"object_comment":null,"holder":"КП \"Дублянський виробничий комбінат\"","holder_id":"19327637"}},{"type":"Feature","geometry":{"type":"Point","coordinates":[24.0405965,49.9124187]},"properties":{"moid":"3181382204752135383","id":423,"geom":{"type":"Point","coordinates":[24.0405965,49.9124187]},"x":24.0405965,"y":49.9124187,"street":"Бандери Ст.","housenum":null,"editor_id":null,"uid":null,"editor_date":null,"cdate":"2023-08-31T08:25:34","settlement":"Великі Грибовичі","district":"Шевченківський","street_type":"вулиця","address_coment":null,"object_type":"дитячий","object_area":null,"object_comment":null,"holder":"КП \"Дублянський виробничий комбінат\"","holder_id":"19327637"}},{"type":"Feature","geometry":{"type":"Point","coordinates":[24.049325,49.912056]},"properties":{"moid":"3181382204752135384","id":424,"geom":{"type":"Point","coordinates":[24.049325,49.912056]},"x":24.049325,"y":49.912056,"street":"Миру","housenum":null,"editor_id":null,"uid":null,"editor_date":null,"cdate":"2023-08-31T08:25:34","settlement":"Великі Грибовичі","district":"Шевченківський","street_type":"вулиця","address_coment":null,"object_type":"дитячий","object_area":null,"object_comment":null,"holder":"КП \"Дублянський виробничий комбінат\"","holder_id":"19327637"}},{"type":"Feature","geometry":{"type":"Point","coordinates":[24.0146507,49.9209764]},"properties":{"moid":"3181382204752135385","id":425,"geom":{"type":"Point","coordinates":[24.0146507,49.9209764]},"x":24.0146507,"y":49.9209764,"street":"Лугова","housenum":null,"editor_id":null,"uid":null,"editor_date":null,"cdate":"2023-08-31T08:25:34","settlement":"Малі Грибовичі","district":"Шевченківський","street_type":"вулиця","address_coment":null,"object_type":"дитячий","object_area":null,"object_comment":null,"holder":"КП \"Дублянський виробничий комбінат\"","holder_id":"19327637"}},{"type":"Feature","geometry":{"type":"Point","coordinates":[24.0179951,49.9075489]},"properties":{"moid":"3181382204752135386","id":426,"geom":{"type":"Point","coordinates":[24.0179951,49.9075489]},"x":24.0179951,"y":49.9075489,"street":"Зелена","housenum":null,"editor_id":null,"uid":null,"editor_date":null,"cdate":"2023-08-31T08:25:34","settlement":"Малі Грибовичі","district":"Шевченківський","street_type":"вулиця","address_coment":null,"object_type":"дитячий","object_area":null,"object_comment":null,"holder":"КП \"Дублянський виробничий комбінат\"","holder_id":"19327637"}},{"type":"Feature","geometry":{"type":"Point","coordinates":[23.990495,49.917798]},"properties":{"moid":"3181382204752135387","id":427,"geom":{"type":"Point","coordinates":[23.990495,49.917798]},"x":23.990495,"y":49.917798,"street":"Вербівка","housenum":null,"editor_id":null,"uid":null,"editor_date":null,"cdate":"2023-08-31T08:25:34","settlement":"Малі Грибовичі","district":"Шевченківський","street_type":"вулиця","address_coment":null,"object_type":"дитячий","object_area":null,"object_comment":null,"holder":"КП \"Дублянський виробничий комбінат\"","holder_id":"19327637"}},{"type":"Feature","geometry":{"type":"Point","coordinates":[24.017554,49.902516]},"properties":{"moid":"3181382204752135388","id":428,"geom":{"type":"Point","coordinates":[24.017554,49.902516]},"x":24.017554,"y":49.902516,"street":"Нова","housenum":null,"editor_id":null,"uid":null,"editor_date":null,"cdate":"2023-08-31T08:25:34","settlement":"Збиранка","district":"Шевченківський","street_type":"вулиця","address_coment":null,"object_type":"дитячий","object_area":null,"object_comment":null,"holder":"КП \"Дублянський виробничий комбінат\"","holder_id":"19327637"}},{"type":"Feature","geometry":{"type":"Point","coordinates":[24.0466773,49.9337347]},"properties":{"moid":"3181382204752135389","id":429,"geom":{"type":"Point","coordinates":[24.0466773,49.9337347]},"x":24.0466773,"y":49.9337347,"street":"Т. Шевченка","housenum":"20","editor_id":null,"uid":null,"editor_date":null,"cdate":"2023-08-31T08:25:34","settlement":"Гряда","district":"Шевченківський","street_type":"вулиця","address_coment":null,"object_type":"дитячий","object_area":null,"object_comment":null,"holder":"КП \"Дублянський виробничий комбінат\"","holder_id":"19327637"}},{"type":"Feature","geometry":{"type":"Point","coordinates":[23.999439,49.9282465]},"properties":{"moid":"3181382204752135390","id":430,"geom":{"type":"Point","coordinates":[23.999439,49.9282465]},"x":23.999439,"y":49.9282465,"street":"Зелена","housenum":null,"editor_id":null,"uid":null,"editor_date":null,"cdate":"2023-08-31T08:25:34","settlement":"Воля-Гамулецька","district":"Шевченківський","street_type":"вулиця","address_coment":null,"object_type":"дитячий","object_area":null,"object_comment":null,"holder":"КП \"Дублянський виробничий комбінат\"","holder_id":"19327637"}},{"type":"Feature","geometry":{"type":"Point","coordinates":[24.07064224,49.887625036]},"properties":{"moid":"3181382204760523999","id":431,"geom":{"type":"Point","coordinates":[24.070642240400158,49.8876250357748]},"x":24.070642240400158,"y":49.8876250357748,"street":"отця Володимира Коновальця","housenum":null,"editor_id":null,"uid":null,"editor_date":null,"cdate":"2023-08-31T08:25:34","settlement":"Малехів","district":"Шевченківський","street_type":"вулиця","address_coment":null,"object_type":"дитячий","object_area":null,"object_comment":null,"holder":"КП \"Дублянський виробничий комбінат\"","holder_id":"19327637"}},{"type":"Feature","geometry":{"type":"Point","coordinates":[23.96541,49.973415]},"properties":{"moid":"3181382204760524000","id":432,"geom":{"type":"Point","coordinates":[23.96541,49.973415]},"x":23.96541,"y":49.973415,"street":"Замкнута","housenum":"1","editor_id":null,"uid":null,"editor_date":null,"cdate":"2023-08-31T08:25:34","settlement":"Зарудці","district":"Шевченківський","street_type":"вулиця","address_coment":null,"object_type":"дитячий","object_area":null,"object_comment":null,"holder":"КП \"Дублянський виробничий комбінат\"","holder_id":"19327637"}},{"type":"Feature","geometry":{"type":"Point","coordinates":[23.989244,49.972874]},"properties":{"moid":"3181382204760524001","id":433,"geom":{"type":"Point","coordinates":[23.989244,49.972874]},"x":23.989244,"y":49.972874,"street":"Франка І.","housenum":null,"editor_id":null,"uid":null,"editor_date":null,"cdate":"2023-08-31T08:25:34","settlement":"Зарудці","district":"Шевченківський","street_type":"вулиця","address_coment":null,"object_type":"дитячий","object_area":null,"object_comment":null,"holder":"КП \"Дублянський виробничий комбінат\"","holder_id":"19327637"}},{"type":"Feature","geometry":{"type":"Point","coordinates":[23.96608579,49.945877279]},"properties":{"moid":"3181382204760524002","id":434,"geom":{"type":"Point","coordinates":[23.96608578977768,49.94587727909093]},"x":23.96608578977768,"y":49.94587727909093,"street":null,"housenum":null,"editor_id":null,"uid":null,"editor_date":null,"cdate":"2023-08-31T08:25:34","settlement":"Завадів","district":"Шевченківський","street_type":"вулиця","address_coment":null,"object_type":"дитячий","object_area":null,"object_comment":null,"holder":"КП \"Дублянський виробничий комбінат\"","holder_id":"19327637"}},{"type":"Feature","geometry":{"type":"Point","coordinates":[24.070454941,49.886387587]},"properties":{"moid":"3181382204760524003","id":435,"geom":{"type":"Point","coordinates":[24.070454940584263,49.88638758662406]},"x":24.070454940584263,"y":49.88638758662406,"street":"Шевченка","housenum":null,"editor_id":null,"uid":null,"editor_date":null,"cdate":"2023-08-31T08:25:34","settlement":"Малехів","district":"Шевченківський","street_type":"вулиця","address_coment":null,"object_type":"дитячий","object_area":null,"object_comment":null,"holder":"КП \"Дублянський виробничий комбінат\"","holder_id":"19327637"}},{"type":"Feature","geometry":{"type":"Point","coordinates":[24.067608372,49.886240631]},"properties":{"moid":"3181382204760524004","id":436,"geom":{"type":"Point","coordinates":[24.067608372477142,49.88624063055755]},"x":24.067608372477142,"y":49.88624063055755,"street":"Дорошенка","housenum":null,"editor_id":null,"uid":null,"editor_date":null,"cdate":"2023-08-31T08:25:34","settlement":"Малехів","district":"Шевченківський","street_type":"вулиця","address_coment":null,"object_type":"дитячий","object_area":null,"object_comment":null,"holder":"КП \"Дублянський виробничий комбінат\"","holder_id":"19327637"}},{"type":"Feature","geometry":{"type":"Point","coordinates":[24.067608372,49.886240631]},"properties":{"moid":"3181382204760524005","id":437,"geom":{"type":"Point","coordinates":[24.067608372477142,49.88624063055755]},"x":24.067608372477142,"y":49.88624063055755,"street":"Дорошенка","housenum":null,"editor_id":null,"uid":null,"editor_date":null,"cdate":"2023-08-31T08:25:34","settlement":"Малехів","district":"Шевченківський","street_type":"вулиця","address_coment":null,"object_type":"дитячий","object_area":null,"object_comment":null,"holder":"КП \"Дублянський виробничий комбінат\"","holder_id":"19327637"}},{"type":"Feature","geometry":{"type":"Point","coordinates":[24.0805019,49.8806043]},"properties":{"moid":"3181382204760524006","id":438,"geom":{"type":"Point","coordinates":[24.0805019,49.8806043]},"x":24.0805019,"y":49.8806043,"street":"Франка Івана","housenum":"34","editor_id":null,"uid":null,"editor_date":null,"cdate":"2023-08-31T08:25:34","settlement":"Малехів","district":"Шевченківський","street_type":"вулиця","address_coment":null,"object_type":"дитячий","object_area":null,"object_comment":null,"holder":"КП \"Дублянський виробничий комбінат\"","holder_id":"19327637"}},{"type":"Feature","geometry":{"type":"Point","coordinates":[23.983245,49.955298]},"properties":{"moid":"3181382204760524007","id":439,"geom":{"type":"Point","coordinates":[23.983245,49.955298]},"x":23.983245,"y":49.955298,"street":"Коновальця Є.","housenum":"76","editor_id":null,"uid":null,"editor_date":null,"cdate":"2023-08-31T08:25:34","settlement":"Зашків","district":"Шевченківський","street_type":"вулиця","address_coment":null,"object_type":"дитячий","object_area":null,"object_comment":null,"holder":"КП \"Дублянський виробничий комбінат\"","holder_id":"19327637"}},{"type":"Feature","geometry":{"type":"Point","coordinates":[23.9966647,49.9555255]},"properties":{"moid":"3181382204760524008","id":440,"geom":{"type":"Point","coordinates":[23.9966647,49.9555255]},"x":23.9966647,"y":49.9555255,"street":"Проектна","housenum":"15","editor_id":null,"uid":null,"editor_date":null,"cdate":"2023-08-31T08:25:34","settlement":"Зашків","district":"Шевченківський","street_type":"вулиця","address_coment":null,"object_type":"дитячий","object_area":null,"object_comment":null,"holder":"КП \"Дублянський виробничий комбінат\"","holder_id":"19327637"}},{"type":"Feature","geometry":{"type":"Point","coordinates":[24.023704887,49.797637811]},"properties":{"moid":"3181382204760524009","id":441,"geom":{"type":"Point","coordinates":[24.0237048872791,49.7976378114582]},"x":24.0237048872791,"y":49.7976378114582,"street":"Скорини Ф.","housenum":"30","editor_id":null,"uid":null,"editor_date":null,"cdate":"2023-08-31T08:25:34","settlement":"Львів","district":"Сихівський","street_type":"вулиця","address_coment":"вул. Скорини Ф., 30 - вул. Скорини Ф., 32","object_type":"дитячий","object_area":"448","object_comment":null,"holder":"ЛКП \"Житловик-С\"","holder_id":"20823933"}},{"type":"Feature","geometry":{"type":"Point","coordinates":[24.02477969,49.797652971]},"properties":{"moid":"3181382204760524010","id":442,"geom":{"type":"Point","coordinates":[24.0247796896672,49.7976529709945]},"x":24.0247796896672,"y":49.7976529709945,"street":"Скорини Ф.","housenum":"38","editor_id":null,"uid":null,"editor_date":null,"cdate":"2023-08-31T08:25:34","settlement":"Львів","district":"Сихівський","street_type":"вулиця","address_coment":null,"object_type":"дитячий","object_area":"100","object_comment":null,"holder":"ЛКП \"Житловик-С\"","holder_id":"20823933"}},{"type":"Feature","geometry":{"type":"Point","coordinates":[24.019271379,49.799845647]},"properties":{"moid":"3181382204760524011","id":443,"geom":{"type":"Point","coordinates":[24.019271379154933,49.79984564728631]},"x":24.019271379154933,"y":49.79984564728631,"street":"Боднарська","housenum":"16","editor_id":null,"uid":null,"editor_date":null,"cdate":"2023-08-31T08:25:34","settlement":"Львів","district":"Сихівський","street_type":"вулиця","address_coment":"вул. Боднарська, 16 - вул. Стрийська, 53","object_type":"дитячий","object_area":"472","object_comment":null,"holder":"ЛКП \"Житловик-С\"","holder_id":"20823933"}},{"type":"Feature","geometry":{"type":"Point","coordinates":[24.028351112,49.796706637]},"properties":{"moid":"3181382204760524012","id":444,"geom":{"type":"Point","coordinates":[24.0283511119312,49.7967066368766]},"x":24.0283511119312,"y":49.7967066368766,"street":"Демнянська","housenum":"18","editor_id":null,"uid":null,"editor_date":null,"cdate":"2023-08-31T08:25:34","settlement":"Львів","district":"Сихівський","street_type":"вулиця","address_coment":null,"object_type":"дитячий","object_area":"243","object_comment":null,"holder":"ЛКП \"Житловик-С\"","holder_id":"20823933"}},{"type":"Feature","geometry":{"type":"Point","coordinates":[24.019204046,49.812652399]},"properties":{"moid":"3181382204760524013","id":445,"geom":{"type":"Point","coordinates":[24.0192040458274,49.812652398664]},"x":24.0192040458274,"y":49.812652398664,"street":"Стрийська","housenum":"105","editor_id":null,"uid":null,"editor_date":null,"cdate":"2023-08-31T08:25:34","settlement":"Львів","district":"Сихівський","street_type":"вулиця","address_coment":"вул. Стрийська, 105 - вул. Стрийська, 98","object_type":"дитячий","object_area":"204","object_comment":null,"holder":"ЛКП \"Житловик-С\"","holder_id":"20823933"}},{"type":"Feature","geometry":{"type":"Point","coordinates":[24.016929297,49.789008875]},"properties":{"moid":"3181382204760524014","id":446,"geom":{"type":"Point","coordinates":[24.016929296844,49.7890088747816]},"x":24.016929296844,"y":49.7890088747816,"street":"Стрийська","housenum":"81","editor_id":null,"uid":null,"editor_date":null,"cdate":"2023-08-31T08:25:34","settlement":"Львів","district":"Сихівський","street_type":"вулиця","address_coment":null,"object_type":"дитячий","object_area":"195","object_comment":null,"holder":"ЛКП \"Житловик-С\"","holder_id":"20823933"}},{"type":"Feature","geometry":{"type":"Point","coordinates":[24.016940877,49.790570858]},"properties":{"moid":"3181382204760524015","id":447,"geom":{"type":"Point","coordinates":[24.0169408767492,49.7905708579158]},"x":24.0169408767492,"y":49.7905708579158,"street":"Стрийська","housenum":"75","editor_id":null,"uid":null,"editor_date":null,"cdate":"2023-08-31T08:25:34","settlement":"Львів","district":"Сихівський","street_type":"вулиця","address_coment":null,"object_type":"дитячо-спортивний","object_area":"760","object_comment":null,"holder":"ЛКП \"Житловик-С\"","holder_id":"20823933"}},{"type":"Feature","geometry":{"type":"Point","coordinates":[24.022295334,49.798670202]},"properties":{"moid":"3181382204760524016","id":448,"geom":{"type":"Point","coordinates":[24.0222953338357,49.7986702024883]},"x":24.0222953338357,"y":49.7986702024883,"street":"Скорини Ф.","housenum":"16","editor_id":null,"uid":null,"editor_date":null,"cdate":"2023-08-31T08:25:34","settlement":"Львів","district":"Сихівський","street_type":"вулиця","address_coment":"вул. Скорини Ф., 16 - вул. Скорини Ф., 18","object_type":"дитячий","object_area":"246","object_comment":null,"holder":"ЛКП \"Житловик-С\"","holder_id":"20823933"}},{"type":"Feature","geometry":{"type":"Point","coordinates":[24.020013087,49.797372799]},"properties":{"moid":"3181382204760524017","id":449,"geom":{"type":"Point","coordinates":[24.0200130867219,49.7973727989035]},"x":24.0200130867219,"y":49.7973727989035,"street":"Гашека Я.","housenum":"17","editor_id":null,"uid":null,"editor_date":null,"cdate":"2023-08-31T08:25:34","settlement":"Львів","district":"Сихівський","street_type":"вулиця","address_coment":null,"object_type":"дитячий","object_area":"200","object_comment":null,"holder":"ЛКП \"Житловик-С\"","holder_id":"20823933"}},{"type":"Feature","geometry":{"type":"Point","coordinates":[24.018694206,49.78865535]},"properties":{"moid":"3181382204760524018","id":450,"geom":{"type":"Point","coordinates":[24.0186942059346,49.7886553502449]},"x":24.0186942059346,"y":49.7886553502449,"street":"Стрийська","housenum":"101","editor_id":null,"uid":null,"editor_date":null,"cdate":"2023-08-31T08:25:34","settlement":"Львів","district":"Сихівський","street_type":"вулиця","address_coment":null,"object_type":"дитячий","object_area":"202","object_comment":null,"holder":"ЛКП \"Житловик-С\"","holder_id":"20823933"}},{"type":"Feature","geometry":{"type":"Point","coordinates":[24.018525669,49.794443407]},"properties":{"moid":"3181382204760524019","id":451,"geom":{"type":"Point","coordinates":[24.0185256693895,49.7944434072314]},"x":24.0185256693895,"y":49.7944434072314,"street":"Максимовича М.","housenum":"3","editor_id":null,"uid":null,"editor_date":null,"cdate":"2023-08-31T08:25:34","settlement":"Львів","district":"Сихівський","street_type":"вулиця","address_coment":null,"object_type":"дитячий","object_area":"650","object_comment":null,"holder":"ЛКП \"Житловик-С\"","holder_id":"20823933"}},{"type":"Feature","geometry":{"type":"Point","coordinates":[24.021388965,49.797278902]},"properties":{"moid":"3181382204760524020","id":452,"geom":{"type":"Point","coordinates":[24.0213889651691,49.7972789016959]},"x":24.0213889651691,"y":49.7972789016959,"street":"Гашека Я.","housenum":"22","editor_id":null,"uid":null,"editor_date":null,"cdate":"2023-08-31T08:25:34","settlement":"Львів","district":"Сихівський","street_type":"вулиця","address_coment":null,"object_type":"дитячий","object_area":"292","object_comment":null,"holder":"ЛКП \"Житловик-С\"","holder_id":"20823933"}},{"type":"Feature","geometry":{"type":"Point","coordinates":[24.019697548,49.787999913]},"properties":{"moid":"3181382204760524021","id":453,"geom":{"type":"Point","coordinates":[24.0196975477833,49.7879999129249]},"x":24.0196975477833,"y":49.7879999129249,"street":"Стрийська","housenum":"103","editor_id":null,"uid":null,"editor_date":null,"cdate":"2023-08-31T08:25:34","settlement":"Львів","district":"Сихівський","street_type":"вулиця","address_coment":null,"object_type":"дитячо-спортивний","object_area":"252","object_comment":null,"holder":"ЛКП \"Житловик-С\"","holder_id":"20823933"}},{"type":"Feature","geometry":{"type":"Point","coordinates":[24.019731588,49.789136878]},"properties":{"moid":"3181382204760524022","id":454,"geom":{"type":"Point","coordinates":[24.0197315883471,49.7891368784241]},"x":24.0197315883471,"y":49.7891368784241,"street":"Стрийська","housenum":"87","editor_id":null,"uid":null,"editor_date":null,"cdate":"2023-08-31T08:25:34","settlement":"Львів","district":"Сихівський","street_type":"вулиця","address_coment":null,"object_type":"дитячий","object_area":"234","object_comment":null,"holder":"ЛКП \"Житловик-С\"","holder_id":"20823933"}},{"type":"Feature","geometry":{"type":"Point","coordinates":[24.020902787,49.789038451]},"properties":{"moid":"3181382204760524023","id":455,"geom":{"type":"Point","coordinates":[24.0209027872372,49.7890384512399]},"x":24.0209027872372,"y":49.7890384512399,"street":"Стрийська","housenum":"91","editor_id":null,"uid":null,"editor_date":null,"cdate":"2023-08-31T08:25:34","settlement":"Львів","district":"Сихівський","street_type":"вулиця","address_coment":"вул. Стрийська, 91 - вул. Стрийська, 93","object_type":"дитячий","object_area":"397","object_comment":null,"holder":"ЛКП \"Житловик-С\"","holder_id":"20823933"}},{"type":"Feature","geometry":{"type":"Point","coordinates":[24.017804839,49.7944948]},"properties":{"moid":"3181382204760524024","id":456,"geom":{"type":"Point","coordinates":[24.0178048392301,49.7944947996274]},"x":24.0178048392301,"y":49.7944947996274,"street":"Стрийська","housenum":"61","editor_id":null,"uid":null,"editor_date":null,"cdate":"2023-08-31T08:25:34","settlement":"Львів","district":"Сихівський","street_type":"вулиця","address_coment":null,"object_type":"дитячий","object_area":"397","object_comment":null,"holder":"ЛКП \"Житловик-С\"","holder_id":"20823933"}},{"type":"Feature","geometry":{"type":"Point","coordinates":[24.021979073,49.794057161]},"properties":{"moid":"3181382204760524025","id":457,"geom":{"type":"Point","coordinates":[24.021979073317,49.7940571613528]},"x":24.021979073317,"y":49.7940571613528,"street":"Максимовича М.","housenum":"9","editor_id":null,"uid":null,"editor_date":null,"cdate":"2023-08-31T08:25:34","settlement":"Львів","district":"Сихівський","street_type":"вулиця","address_coment":null,"object_type":"дитячий","object_area":"442","object_comment":null,"holder":"ЛКП \"Житловик-С\"","holder_id":"20823933"}},{"type":"Feature","geometry":{"type":"Point","coordinates":[24.019381049,49.791952805]},"properties":{"moid":"3181382204760524026","id":458,"geom":{"type":"Point","coordinates":[24.0193810490455,49.791952804804]},"x":24.0193810490455,"y":49.791952804804,"street":"Стрийська","housenum":"71б","editor_id":null,"uid":null,"editor_date":null,"cdate":"2023-08-31T08:25:34","settlement":"Львів","district":"Сихівський","street_type":"вулиця","address_coment":null,"object_type":"дитячий","object_area":"240","object_comment":null,"holder":"ЛКП \"Житловик-С\"","holder_id":"20823933"}},{"type":"Feature","geometry":{"type":"Point","coordinates":[24.021592882,49.793415555]},"properties":{"moid":"3181382204760524027","id":459,"geom":{"type":"Point","coordinates":[24.0215928822329,49.7934155554344]},"x":24.0215928822329,"y":49.7934155554344,"street":"Максимовича М.","housenum":"4","editor_id":null,"uid":null,"editor_date":null,"cdate":"2023-08-31T08:25:34","settlement":"Львів","district":"Сихівський","street_type":"вулиця","address_coment":"вул. Максимовича М., 4- вул. Максимовича М., 6","object_type":"дитячий","object_area":"485","object_comment":null,"holder":"ЛКП \"Житловик-С\"","holder_id":"20823933"}},{"type":"Feature","geometry":{"type":"Point","coordinates":[24.018895713,49.800764306]},"properties":{"moid":"3181382204760524028","id":460,"geom":{"type":"Point","coordinates":[24.0188957134474,49.8007643064028]},"x":24.0188957134474,"y":49.8007643064028,"street":"Стрийська","housenum":"49","editor_id":null,"uid":null,"editor_date":null,"cdate":"2023-08-31T08:25:34","settlement":"Львів","district":"Сихівський","street_type":"вулиця","address_coment":null,"object_type":"дитячий","object_area":"150","object_comment":null,"holder":"ЛКП \"Житловик-С\"","holder_id":"20823933"}},{"type":"Feature","geometry":{"type":"Point","coordinates":[24.020745369,49.781732716]},"properties":{"moid":"3181382204760524029","id":461,"geom":{"type":"Point","coordinates":[24.0207453685844,49.7817327159432]},"x":24.0207453685844,"y":49.7817327159432,"street":"Стрийська","housenum":"117","editor_id":null,"uid":null,"editor_date":null,"cdate":"2023-08-31T08:25:34","settlement":"Львів","district":"Сихівський","street_type":"вулиця","address_coment":null,"object_type":"дитячий","object_area":"160","object_comment":null,"holder":"ЛКП \"Житловик-С\"","holder_id":"20823933"}},{"type":"Feature","geometry":{"type":"Point","coordinates":[24.020013087,49.797372799]},"properties":{"moid":"3181382204760524030","id":462,"geom":{"type":"Point","coordinates":[24.0200130867219,49.7973727989035]},"x":24.0200130867219,"y":49.7973727989035,"street":"Гашека Я.","housenum":"17","editor_id":null,"uid":null,"editor_date":null,"cdate":"2023-08-31T08:25:34","settlement":"Львів","district":"Сихівський","street_type":"вулиця","address_coment":null,"object_type":"дитячо-спортивний","object_area":"875","object_comment":null,"holder":"ЛКП \"Житловик-С\"","holder_id":"20823933"}},{"type":"Feature","geometry":{"type":"Point","coordinates":[24.017804839,49.7944948]},"properties":{"moid":"3181382204760524031","id":463,"geom":{"type":"Point","coordinates":[24.0178048392301,49.7944947996274]},"x":24.0178048392301,"y":49.7944947996274,"street":"Стрийська","housenum":"61","editor_id":null,"uid":null,"editor_date":null,"cdate":"2023-08-31T08:25:34","settlement":"Львів","district":"Сихівський","street_type":"вулиця","address_coment":"2-й під'їзд","object_type":"дитячо-спортивний","object_area":"1350","object_comment":null,"holder":"ЛКП \"Житловик-С\"","holder_id":"20823933"}},{"type":"Feature","geometry":{"type":"Point","coordinates":[24.016929297,49.789008875]},"properties":{"moid":"3181382204760524032","id":464,"geom":{"type":"Point","coordinates":[24.016929296844,49.7890088747816]},"x":24.016929296844,"y":49.7890088747816,"street":"Стрийська","housenum":"81","editor_id":null,"uid":null,"editor_date":null,"cdate":"2023-08-31T08:25:34","settlement":"Львів","district":"Сихівський","street_type":"вулиця","address_coment":"2-й під'їзд","object_type":"дитячий","object_area":"433","object_comment":null,"holder":"ЛКП \"Житловик-С\"","holder_id":"20823933"}},{"type":"Feature","geometry":{"type":"Point","coordinates":[24.041915113,49.813839087]},"properties":{"moid":"3181382204768912641","id":465,"geom":{"type":"Point","coordinates":[24.041915112621,49.8138390870274]},"x":24.041915112621,"y":49.8138390870274,"street":"Литвиненка С.","housenum":"19","editor_id":null,"uid":null,"editor_date":null,"cdate":"2023-08-31T08:25:34","settlement":"Львів","district":"Сихівський","street_type":"вулиця","address_coment":null,"object_type":"дитячий","object_area":"310","object_comment":null,"holder":"ЛКП \"Житловик-С\"","holder_id":"20823933"}},{"type":"Feature","geometry":{"type":"Point","coordinates":[24.040396935,49.813489616]},"properties":{"moid":"3181382204768912642","id":466,"geom":{"type":"Point","coordinates":[24.0403969350939,49.8134896158368]},"x":24.0403969350939,"y":49.8134896158368,"street":"Литвиненка С.","housenum":"10","editor_id":null,"uid":null,"editor_date":null,"cdate":"2023-08-31T08:25:34","settlement":"Львів","district":"Сихівський","street_type":"вулиця","address_coment":"вул. Литвиненка С., 10 - вул. Литвиненка С., 12","object_type":"дитячий","object_area":"828","object_comment":null,"holder":"ЛКП \"Житловик-С\"","holder_id":"20823933"}},{"type":"Feature","geometry":{"type":"Point","coordinates":[24.031899002,49.81809405]},"properties":{"moid":"3181382204768912643","id":467,"geom":{"type":"Point","coordinates":[24.0318990021228,49.8180940504901]},"x":24.0318990021228,"y":49.8180940504901,"street":"Мишуги О.","housenum":"3","editor_id":null,"uid":null,"editor_date":null,"cdate":"2023-08-31T08:25:34","settlement":"Львів","district":"Сихівський","street_type":"вулиця","address_coment":null,"object_type":"дитячий","object_area":"490","object_comment":null,"holder":"ЛКП \"Житловик-С\"","holder_id":"20823933"}},{"type":"Feature","geometry":{"type":"Point","coordinates":[24.032573869,49.82045729]},"properties":{"moid":"3181382204768912644","id":468,"geom":{"type":"Point","coordinates":[24.0325738690675,49.8204572902828]},"x":24.0325738690675,"y":49.8204572902828,"street":"Ярославенка Я.","housenum":"22","editor_id":null,"uid":null,"editor_date":null,"cdate":"2023-08-31T08:25:34","settlement":"Львів","district":"Сихівський","street_type":"вулиця","address_coment":null,"object_type":"дитячий","object_area":"680","object_comment":null,"holder":"ЛКП \"Житловик-С\"","holder_id":"20823933"}},{"type":"Feature","geometry":{"type":"Point","coordinates":[24.030835123,49.820063696]},"properties":{"moid":"3181382204768912645","id":469,"geom":{"type":"Point","coordinates":[24.0308351234108,49.8200636958532]},"x":24.0308351234108,"y":49.8200636958532,"street":"Ярославенка Я.","housenum":"22а","editor_id":null,"uid":null,"editor_date":null,"cdate":"2023-08-31T08:25:34","settlement":"Львів","district":"Сихівський","street_type":"вулиця","address_coment":null,"object_type":"дитячий","object_area":"156","object_comment":null,"holder":"ЛКП \"Житловик-С\"","holder_id":"20823933"}},{"type":"Feature","geometry":{"type":"Point","coordinates":[24.032637855,49.815700394]},"properties":{"moid":"3181382204768912646","id":470,"geom":{"type":"Point","coordinates":[24.0326378546367,49.8157003941164]},"x":24.0326378546367,"y":49.8157003941164,"street":"Ярославенка Я.","housenum":"47","editor_id":null,"uid":null,"editor_date":null,"cdate":"2023-08-31T08:25:34","settlement":"Львів","district":"Сихівський","street_type":"вулиця","address_coment":null,"object_type":"дитячий","object_area":"153","object_comment":null,"holder":"ЛКП \"Житловик-С\"","holder_id":"20823933"}},{"type":"Feature","geometry":{"type":"Point","coordinates":[24.029357089,49.817570281]},"properties":{"moid":"3181382204768912647","id":471,"geom":{"type":"Point","coordinates":[24.0293570892846,49.817570280850376]},"x":24.0293570892846,"y":49.817570280850376,"street":"Енергетична","housenum":"16а","editor_id":null,"uid":null,"editor_date":null,"cdate":"2023-08-31T08:25:34","settlement":"Львів","district":"Сихівський","street_type":"вулиця","address_coment":null,"object_type":"дитячо-спортивний","object_area":"444","object_comment":null,"holder":"ЛКП \"Житловик-С\"","holder_id":"20823933"}},{"type":"Feature","geometry":{"type":"Point","coordinates":[24.045029071,49.810838029]},"properties":{"moid":"3181382204768912648","id":472,"geom":{"type":"Point","coordinates":[24.0450290712106,49.8108380292591]},"x":24.0450290712106,"y":49.8108380292591,"street":"Угорська","housenum":"25","editor_id":null,"uid":null,"editor_date":null,"cdate":"2023-08-31T08:25:34","settlement":"Львів","district":"Сихівський","street_type":"вулиця","address_coment":null,"object_type":"дитячо-спортивний","object_area":"629","object_comment":null,"holder":"ЛКП \"Житловик-С\"","holder_id":"20823933"}},{"type":"Feature","geometry":{"type":"Point","coordinates":[24.040811939,49.81643745]},"properties":{"moid":"3181382204768912649","id":473,"geom":{"type":"Point","coordinates":[24.0408119387726,49.8164374504645]},"x":24.0408119387726,"y":49.8164374504645,"street":"Тернопільська","housenum":"9","editor_id":null,"uid":null,"editor_date":null,"cdate":"2023-08-31T08:25:34","settlement":"Львів","district":"Сихівський","street_type":"вулиця","address_coment":null,"object_type":"дитячий","object_area":"635","object_comment":null,"holder":"ЛКП \"Житловик-С\"","holder_id":"20823933"}},{"type":"Feature","geometry":{"type":"Point","coordinates":[24.026814915,49.817951482]},"properties":{"moid":"3181382204768912650","id":474,"geom":{"type":"Point","coordinates":[24.0268149154472,49.8179514822463]},"x":24.0268149154472,"y":49.8179514822463,"street":"Франка І.","housenum":"163","editor_id":null,"uid":null,"editor_date":null,"cdate":"2023-08-31T08:25:34","settlement":"Львів","district":"Сихівський","street_type":"вулиця","address_coment":null,"object_type":"дитячий","object_area":"500","object_comment":null,"holder":"ЛКП \"Житловик-С\"","holder_id":"20823933"}},{"type":"Feature","geometry":{"type":"Point","coordinates":[24.027351256,49.817953853]},"properties":{"moid":"3181382204768912651","id":475,"geom":{"type":"Point","coordinates":[24.0273512558131,49.8179538527628]},"x":24.0273512558131,"y":49.8179538527628,"street":"Франка І.","housenum":"165","editor_id":null,"uid":null,"editor_date":null,"cdate":"2023-08-31T08:25:34","settlement":"Львів","district":"Сихівський","street_type":"вулиця","address_coment":null,"object_type":"дитячо-спортивний","object_area":"800","object_comment":null,"holder":"ЛКП \"Житловик-С\"","holder_id":"20823933"}},{"type":"Feature","geometry":{"type":"Point","coordinates":[24.03953688,49.814410999]},"properties":{"moid":"3181382204768912652","id":476,"geom":{"type":"Point","coordinates":[24.039536879648267,49.81441099915755]},"x":24.039536879648267,"y":49.81441099915755,"street":"Героїв Крут","housenum":"10а","editor_id":null,"uid":null,"editor_date":null,"cdate":"2023-08-31T08:25:34","settlement":"Львів","district":"Сихівський","street_type":"вулиця","address_coment":null,"object_type":"дитячий","object_area":"1080","object_comment":null,"holder":"ЛКП \"Житловик-С\"","holder_id":"20823933"}},{"type":"Feature","geometry":{"type":"Point","coordinates":[24.035445914,49.813337159]},"properties":{"moid":"3181382204768912653","id":477,"geom":{"type":"Point","coordinates":[24.035445913524,49.8133371591349]},"x":24.035445913524,"y":49.8133371591349,"street":"Мирного Панаса","housenum":"26","editor_id":null,"uid":null,"editor_date":null,"cdate":"2023-08-31T08:25:34","settlement":"Львів","district":"Сихівський","street_type":"вулиця","address_coment":null,"object_type":"дитячо-спортивний","object_area":"759","object_comment":null,"holder":"ЛКП \"Житловик-С\"","holder_id":"20823933"}},{"type":"Feature","geometry":{"type":"Point","coordinates":[24.048623336,49.797797629]},"properties":{"moid":"3181382204768912654","id":478,"geom":{"type":"Point","coordinates":[24.0486233359427,49.7977976292634]},"x":24.0486233359427,"y":49.7977976292634,"street":"Червоної Калини, просп.","housenum":"40","editor_id":null,"uid":null,"editor_date":null,"cdate":"2023-08-31T08:25:34","settlement":"Львів","district":"Сихівський","street_type":"проспект","address_coment":null,"object_type":"дитячий","object_area":"630","object_comment":null,"holder":"ЛКП \"Житловик-С\"","holder_id":"20823933"}},{"type":"Feature","geometry":{"type":"Point","coordinates":[24.049363949,49.79758961]},"properties":{"moid":"3181382204768912655","id":479,"geom":{"type":"Point","coordinates":[24.049363948579,49.7975896098958]},"x":24.049363948579,"y":49.7975896098958,"street":"Червоної Калини, просп.","housenum":"42","editor_id":null,"uid":null,"editor_date":null,"cdate":"2023-08-31T08:25:34","settlement":"Львів","district":"Сихівський","street_type":"проспект","address_coment":null,"object_type":"дитячо-спортивний","object_area":"522","object_comment":null,"holder":"ЛКП \"Житловик-С\"","holder_id":"20823933"}},{"type":"Feature","geometry":{"type":"Point","coordinates":[24.05043417,49.797042676]},"properties":{"moid":"3181382204768912656","id":480,"geom":{"type":"Point","coordinates":[24.0504341695315,49.797042676177]},"x":24.0504341695315,"y":49.797042676177,"street":"Червоної Калини, просп.","housenum":"44","editor_id":null,"uid":null,"editor_date":null,"cdate":"2023-08-31T08:25:34","settlement":"Львів","district":"Сихівський","street_type":"проспект","address_coment":null,"object_type":"дитячий","object_area":"475","object_comment":null,"holder":"ЛКП \"Житловик-С\"","holder_id":"20823933"}},{"type":"Feature","geometry":{"type":"Point","coordinates":[24.043375527,49.797765522]},"properties":{"moid":"3181382204768912657","id":481,"geom":{"type":"Point","coordinates":[24.0433755274187,49.7977655223847]},"x":24.0433755274187,"y":49.7977655223847,"street":"Чукаріна В.","housenum":"1","editor_id":null,"uid":null,"editor_date":null,"cdate":"2023-08-31T08:25:34","settlement":"Львів","district":"Сихівський","street_type":"вулиця","address_coment":null,"object_type":"дитячий","object_area":"684","object_comment":null,"holder":"ЛКП \"Житловик-С\"","holder_id":"20823933"}},{"type":"Feature","geometry":{"type":"Point","coordinates":[24.045203063,49.799479425]},"properties":{"moid":"3181382204768912658","id":482,"geom":{"type":"Point","coordinates":[24.0452030630573,49.7994794253319]},"x":24.0452030630573,"y":49.7994794253319,"street":"Чукаріна В.","housenum":"2","editor_id":null,"uid":null,"editor_date":null,"cdate":"2023-08-31T08:25:34","settlement":"Львів","district":"Сихівський","street_type":"вулиця","address_coment":null,"object_type":"дитячий","object_area":"465","object_comment":null,"holder":"ЛКП \"Житловик-С\"","holder_id":"20823933"}},{"type":"Feature","geometry":{"type":"Point","coordinates":[24.044890679,49.798320676]},"properties":{"moid":"3181382204768912659","id":483,"geom":{"type":"Point","coordinates":[24.0448906785082,49.7983206761913]},"x":24.0448906785082,"y":49.7983206761913,"street":"Чукаріна В.","housenum":"8","editor_id":null,"uid":null,"editor_date":null,"cdate":"2023-08-31T08:25:34","settlement":"Львів","district":"Сихівський","street_type":"вулиця","address_coment":null,"object_type":"дитячий","object_area":"157","object_comment":null,"holder":"ЛКП \"Житловик-С\"","holder_id":"20823933"}},{"type":"Feature","geometry":{"type":"Point","coordinates":[24.044248728,49.798143882]},"properties":{"moid":"3181382204768912660","id":484,"geom":{"type":"Point","coordinates":[24.0442487275779,49.7981438822536]},"x":24.0442487275779,"y":49.7981438822536,"street":"Чукаріна В.","housenum":"10","editor_id":null,"uid":null,"editor_date":null,"cdate":"2023-08-31T08:25:34","settlement":"Львів","district":"Сихівський","street_type":"вулиця","address_coment":null,"object_type":"дитячий","object_area":"298","object_comment":null,"holder":"ЛКП \"Житловик-С\"","holder_id":"20823933"}},{"type":"Feature","geometry":{"type":"Point","coordinates":[24.043544758,49.798159913]},"properties":{"moid":"3181382204768912661","id":485,"geom":{"type":"Point","coordinates":[24.0435447582866,49.7981599128665]},"x":24.0435447582866,"y":49.7981599128665,"street":"Чукаріна В.","housenum":"12","editor_id":null,"uid":null,"editor_date":null,"cdate":"2023-08-31T08:25:34","settlement":"Львів","district":"Сихівський","street_type":"вулиця","address_coment":null,"object_type":"дитячо-спортивний","object_area":"121","object_comment":null,"holder":"ЛКП \"Житловик-С\"","holder_id":"20823933"}},{"type":"Feature","geometry":{"type":"Point","coordinates":[24.044306159,49.799126731]},"properties":{"moid":"3181382204768912662","id":486,"geom":{"type":"Point","coordinates":[24.0443061588538,49.7991267306492]},"x":24.0443061588538,"y":49.7991267306492,"street":"Чукаріна В.","housenum":"20","editor_id":null,"uid":null,"editor_date":null,"cdate":"2023-08-31T08:25:34","settlement":"Львів","district":"Сихівський","street_type":"вулиця","address_coment":null,"object_type":"дитячий","object_area":"284","object_comment":null,"holder":"ЛКП \"Житловик-С\"","holder_id":"20823933"}},{"type":"Feature","geometry":{"type":"Point","coordinates":[24.043903125,49.799805028]},"properties":{"moid":"3181382204768912663","id":487,"geom":{"type":"Point","coordinates":[24.0439031245049,49.7998050276248]},"x":24.0439031245049,"y":49.7998050276248,"street":"Чукаріна В.","housenum":"22","editor_id":null,"uid":null,"editor_date":null,"cdate":"2023-08-31T08:25:34","settlement":"Львів","district":"Сихівський","street_type":"вулиця","address_coment":null,"object_type":"дитячий","object_area":"308","object_comment":null,"holder":"ЛКП \"Житловик-С\"","holder_id":"20823933"}},{"type":"Feature","geometry":{"type":"Point","coordinates":[24.04313296,49.799936508]},"properties":{"moid":"3181382204768912664","id":488,"geom":{"type":"Point","coordinates":[24.0431329601046,49.7999365079495]},"x":24.0431329601046,"y":49.7999365079495,"street":"Чукаріна В.","housenum":"24","editor_id":null,"uid":null,"editor_date":null,"cdate":"2023-08-31T08:25:34","settlement":"Львів","district":"Сихівський","street_type":"вулиця","address_coment":null,"object_type":"дитячий","object_area":"228","object_comment":null,"holder":"ЛКП \"Житловик-С\"","holder_id":"20823933"}},{"type":"Feature","geometry":{"type":"Point","coordinates":[24.046725432,49.795801216]},"properties":{"moid":"3181382204768912665","id":489,"geom":{"type":"Point","coordinates":[24.046725431551,49.7958012160419]},"x":24.046725431551,"y":49.7958012160419,"street":"Хоткевича Г.","housenum":"16","editor_id":null,"uid":null,"editor_date":null,"cdate":"2023-08-31T08:25:34","settlement":"Львів","district":"Сихівський","street_type":"вулиця","address_coment":null,"object_type":"дитячий","object_area":"620","object_comment":null,"holder":"ЛКП \"Житловик-С\"","holder_id":"20823933"}},{"type":"Feature","geometry":{"type":"Point","coordinates":[24.046740618,49.795572824]},"properties":{"moid":"3181382204768912666","id":490,"geom":{"type":"Point","coordinates":[24.0467406178349,49.795572824433]},"x":24.0467406178349,"y":49.795572824433,"street":"Хоткевича Г.","housenum":"24","editor_id":null,"uid":null,"editor_date":null,"cdate":"2023-08-31T08:25:34","settlement":"Львів","district":"Сихівський","street_type":"вулиця","address_coment":null,"object_type":"дитячий","object_area":"328","object_comment":null,"holder":"ЛКП \"Житловик-С\"","holder_id":"20823933"}},{"type":"Feature","geometry":{"type":"Point","coordinates":[24.046254081,49.797942255]},"properties":{"moid":"3181382204768912667","id":491,"geom":{"type":"Point","coordinates":[24.0462540807549,49.7979422548401]},"x":24.0462540807549,"y":49.7979422548401,"street":"Хоткевича Г.","housenum":"30а","editor_id":null,"uid":null,"editor_date":null,"cdate":"2023-08-31T08:25:34","settlement":"Львів","district":"Сихівський","street_type":"вулиця","address_coment":null,"object_type":"дитячо-спортивний","object_area":"1066","object_comment":null,"holder":"ЛКП \"Житловик-С\"","holder_id":"20823933"}},{"type":"Feature","geometry":{"type":"Point","coordinates":[24.042449188,49.795522964]},"properties":{"moid":"3181382204768912668","id":492,"geom":{"type":"Point","coordinates":[24.0424491877623,49.7955229644224]},"x":24.0424491877623,"y":49.7955229644224,"street":"Хоткевича Г.","housenum":"40","editor_id":null,"uid":null,"editor_date":null,"cdate":"2023-08-31T08:25:34","settlement":"Львів","district":"Сихівський","street_type":"вулиця","address_coment":"вул. Хоткевича Г., 40 - вул. Хоткевича Г., 44","object_type":"дитячий","object_area":"490","object_comment":null,"holder":"ЛКП \"Житловик-С\"","holder_id":"20823933"}},{"type":"Feature","geometry":{"type":"Point","coordinates":[24.040100659,49.79608396]},"properties":{"moid":"3181382204768912669","id":493,"geom":{"type":"Point","coordinates":[24.0401006588102,49.7960839603627]},"x":24.0401006588102,"y":49.7960839603627,"street":"Хоткевича Г.","housenum":"58","editor_id":null,"uid":null,"editor_date":null,"cdate":"2023-08-31T08:25:34","settlement":"Львів","district":"Сихівський","street_type":"вулиця","address_coment":"вул. Хоткевича Г., 58 - вул. Хоткевича Г., 62","object_type":"дитячий","object_area":"168","object_comment":null,"holder":"ЛКП \"Житловик-С\"","holder_id":"20823933"}},{"type":"Feature","geometry":{"type":"Point","coordinates":[24.039530244,49.79693273]},"properties":{"moid":"3181382204768912670","id":494,"geom":{"type":"Point","coordinates":[24.0395302443545,49.7969327296102]},"x":24.0395302443545,"y":49.7969327296102,"street":"Хоткевича Г.","housenum":"62","editor_id":null,"uid":null,"editor_date":null,"cdate":"2023-08-31T08:25:34","settlement":"Львів","district":"Сихівський","street_type":"вулиця","address_coment":"вул. Хоткевича Г., 62 - вул. Хоткевича Г., 66","object_type":"дитячий","object_area":"225","object_comment":null,"holder":"ЛКП \"Житловик-С\"","holder_id":"20823933"}},{"type":"Feature","geometry":{"type":"Point","coordinates":[24.041540412,49.795629492]},"properties":{"moid":"3181382204768912671","id":495,"geom":{"type":"Point","coordinates":[24.0415404123933,49.7956294922309]},"x":24.0415404123933,"y":49.7956294922309,"street":"Хоткевича Г.","housenum":"54","editor_id":null,"uid":null,"editor_date":null,"cdate":"2023-08-31T08:25:34","settlement":"Львів","district":"Сихівський","street_type":"вулиця","address_coment":null,"object_type":"дитячо-спортивний","object_area":"640","object_comment":null,"holder":"ЛКП \"Житловик-С\"","holder_id":"20823933"}},{"type":"Feature","geometry":{"type":"Point","coordinates":[24.051489855,49.796504996]},"properties":{"moid":"3181382204768912672","id":496,"geom":{"type":"Point","coordinates":[24.0514898553062,49.7965049960543]},"x":24.0514898553062,"y":49.7965049960543,"street":"Червоної Калини, просп.","housenum":"48","editor_id":null,"uid":null,"editor_date":null,"cdate":"2023-08-31T08:25:34","settlement":"Львів","district":"Сихівський","street_type":"проспект","address_coment":"просп. Червоної Калини, 48-50","object_type":"дитячо-спортивний","object_area":"500","object_comment":null,"holder":"ЛКП \"Житловик-С\"","holder_id":"20823933"}},{"type":"Feature","geometry":{"type":"Point","coordinates":[24.047950224,49.797031785]},"properties":{"moid":"3181382204768912673","id":497,"geom":{"type":"Point","coordinates":[24.0479502238606,49.7970317849485]},"x":24.0479502238606,"y":49.7970317849485,"street":"Хоткевича Г.","housenum":"20","editor_id":null,"uid":null,"editor_date":null,"cdate":"2023-08-31T08:25:34","settlement":"Львів","district":"Сихівський","street_type":"вулиця","address_coment":null,"object_type":"дитячо-спортивний","object_area":"540","object_comment":null,"holder":"ЛКП \"Житловик-С\"","holder_id":"20823933"}},{"type":"Feature","geometry":{"type":"Point","coordinates":[24.049377728,49.796393123]},"properties":{"moid":"3181382204768912674","id":498,"geom":{"type":"Point","coordinates":[24.0493777283437,49.7963931226817]},"x":24.0493777283437,"y":49.7963931226817,"street":"Хоткевича Г.","housenum":"14","editor_id":null,"uid":null,"editor_date":null,"cdate":"2023-08-31T08:25:34","settlement":"Львів","district":"Сихівський","street_type":"вулиця","address_coment":null,"object_type":"дитячо-спортивний","object_area":"672","object_comment":null,"holder":"ЛКП \"Житловик-С\"","holder_id":"20823933"}},{"type":"Feature","geometry":{"type":"Point","coordinates":[24.041258875,49.799351854]},"properties":{"moid":"3181382204768912675","id":499,"geom":{"type":"Point","coordinates":[24.0412588745325,49.7993518543438]},"x":24.0412588745325,"y":49.7993518543438,"street":"Чукаріна В.","housenum":"30","editor_id":null,"uid":null,"editor_date":null,"cdate":"2023-08-31T08:25:34","settlement":"Львів","district":"Сихівський","street_type":"вулиця","address_coment":null,"object_type":"дитячий","object_area":"300","object_comment":null,"holder":"ЛКП \"Житловик-С\"","holder_id":"20823933"}},{"type":"Feature","geometry":{"type":"Point","coordinates":[24.028222891,49.81912419]},"properties":{"moid":"3181382204768912676","id":500,"geom":{"type":"Point","coordinates":[24.0282228911851,49.8191241904563]},"x":24.0282228911851,"y":49.8191241904563,"street":"Карманського П.","housenum":"6а","editor_id":null,"uid":null,"editor_date":null,"cdate":"2023-08-31T08:25:34","settlement":"Львів","district":"Сихівський","street_type":"вулиця","address_coment":null,"object_type":"дитячий","object_area":"500","object_comment":null,"holder":"ЛКП \"Житловик-С\"","holder_id":"20823933"}},{"type":"Feature","geometry":{"type":"Point","coordinates":[24.047632599,49.795333841]},"properties":{"moid":"3181382204768912677","id":501,"geom":{"type":"Point","coordinates":[24.0476325993381,49.7953338405878]},"x":24.0476325993381,"y":49.7953338405878,"street":"Хоткевича Г.","housenum":"22","editor_id":null,"uid":null,"editor_date":null,"cdate":"2023-08-31T08:25:34","settlement":"Львів","district":"Сихівський","street_type":"вулиця","address_coment":null,"object_type":"дитячий","object_area":"120","object_comment":null,"holder":"ЛКП \"Житловик-С\"","holder_id":"20823933"}},{"type":"Feature","geometry":{"type":"Point","coordinates":[24.041781319,49.799680498]},"properties":{"moid":"3181382204768912678","id":502,"geom":{"type":"Point","coordinates":[24.0417813194402,49.7996804979489]},"x":24.0417813194402,"y":49.7996804979489,"street":"Чукаріна В.","housenum":"28","editor_id":null,"uid":null,"editor_date":null,"cdate":"2023-08-31T08:25:34","settlement":"Львів","district":"Сихівський","street_type":"вулиця","address_coment":null,"object_type":"дитячий","object_area":"250","object_comment":null,"holder":"ЛКП \"Житловик-С\"","holder_id":"20823933"}},{"type":"Feature","geometry":{"type":"Point","coordinates":[24.043686972,49.813520595]},"properties":{"moid":"3181382204768912679","id":503,"geom":{"type":"Point","coordinates":[24.0436869717603,49.8135205950539]},"x":24.0436869717603,"y":49.8135205950539,"street":"Віденська","housenum":"8","editor_id":null,"uid":null,"editor_date":null,"cdate":"2023-08-31T08:25:34","settlement":"Львів","district":"Сихівський","street_type":"вулиця","address_coment":null,"object_type":"дитячий","object_area":"370","object_comment":null,"holder":"ЛКП \"Житловик-С\"","holder_id":"20823933"}},{"type":"Feature","geometry":{"type":"Point","coordinates":[24.026868012,49.799669928]},"properties":{"moid":"3181382204802467112","id":504,"geom":{"type":"Point","coordinates":[24.0268680116441,49.799669928348]},"x":24.0268680116441,"y":49.799669928348,"street":"Демнянська","housenum":"4","editor_id":null,"uid":null,"editor_date":null,"cdate":"2023-08-31T08:25:34","settlement":"Львів","district":"Сихівський","street_type":"вулиця","address_coment":"між будинками №4 та №24","object_type":"спортивний","object_area":"400","object_comment":null,"holder":"ЛКП \"Житловик-С\"","holder_id":"20823933"}},{"type":"Feature","geometry":{"type":"Point","coordinates":[24.040631201,49.812425537]},"properties":{"moid":"3181382204802467113","id":505,"geom":{"type":"Point","coordinates":[24.0406312013919,49.8124255367798]},"x":24.0406312013919,"y":49.8124255367798,"street":"Угорська","housenum":"7","editor_id":null,"uid":null,"editor_date":null,"cdate":"2023-08-31T08:25:34","settlement":"Львів","district":"Сихівський","street_type":"вулиця","address_coment":null,"object_type":"дитячий","object_area":"100","object_comment":null,"holder":"ЛКП \"Житловик-С\"","holder_id":"20823933"}},{"type":"Feature","geometry":{"type":"Point","coordinates":[24.044399102,49.811715843]},"properties":{"moid":"3181382204802467114","id":506,"geom":{"type":"Point","coordinates":[24.044399102048,49.8117158434719]},"x":24.044399102048,"y":49.8117158434719,"street":"Угорська","housenum":"21а","editor_id":null,"uid":null,"editor_date":null,"cdate":"2023-08-31T08:25:34","settlement":"Львів","district":"Сихівський","street_type":"вулиця","address_coment":null,"object_type":"дитячий","object_area":"370","object_comment":null,"holder":"ЛКП \"Житловик-С\"","holder_id":"20823933"}},{"type":"Feature","geometry":{"type":"Point","coordinates":[24.050418432,49.794876971]},"properties":{"moid":"3181382204802467115","id":507,"geom":{"type":"Point","coordinates":[24.0504184323816,49.7948769709011]},"x":24.0504184323816,"y":49.7948769709011,"street":"Хоткевича Г.","housenum":"10","editor_id":null,"uid":null,"editor_date":null,"cdate":"2023-08-31T08:25:34","settlement":"Львів","district":"Сихівський","street_type":"вулиця","address_coment":null,"object_type":"дитячий","object_area":"150","object_comment":null,"holder":"ЛКП \"Житловик-С\"","holder_id":"20823933"}},{"type":"Feature","geometry":{"type":"Point","coordinates":[24.064419556,49.782470952]},"properties":{"moid":"3181382204802467116","id":508,"geom":{"type":"Point","coordinates":[24.06441955601,49.7824709519103]},"x":24.06441955601,"y":49.7824709519103,"street":"Трильовського К.","housenum":"28","editor_id":null,"uid":null,"editor_date":null,"cdate":"2023-08-31T08:25:34","settlement":"Львів","district":"Сихівський","street_type":"вулиця","address_coment":null,"object_type":"дитячо-спортивний","object_area":"587","object_comment":null,"holder":"ЛКП \"Під Зуброю\"","holder_id":"20773323"}},{"type":"Feature","geometry":{"type":"Point","coordinates":[24.062729428,49.781376568]},"properties":{"moid":"3181382204802467117","id":509,"geom":{"type":"Point","coordinates":[24.0627294276886,49.7813765683072]},"x":24.0627294276886,"y":49.7813765683072,"street":"Вернадського В.","housenum":"14","editor_id":null,"uid":null,"editor_date":null,"cdate":"2023-08-31T08:25:34","settlement":"Львів","district":"Сихівський","street_type":"вулиця","address_coment":null,"object_type":"дитячо-спортивний","object_area":"699","object_comment":null,"holder":"ЛКП \"Під Зуброю\"","holder_id":"20773323"}},{"type":"Feature","geometry":{"type":"Point","coordinates":[24.061433983,49.781887887]},"properties":{"moid":"3181382204802467118","id":510,"geom":{"type":"Point","coordinates":[24.0614339825798,49.7818878874712]},"x":24.0614339825798,"y":49.7818878874712,"street":"Вернадського В.","housenum":"12","editor_id":null,"uid":null,"editor_date":null,"cdate":"2023-08-31T08:25:34","settlement":"Львів","district":"Сихівський","street_type":"вулиця","address_coment":null,"object_type":"дитячий","object_area":"385","object_comment":null,"holder":"ЛКП \"Під Зуброю\"","holder_id":"20773323"}},{"type":"Feature","geometry":{"type":"Point","coordinates":[24.061017314,49.78166929]},"properties":{"moid":"3181382204802467119","id":511,"geom":{"type":"Point","coordinates":[24.0610173140936,49.7816692902016]},"x":24.0610173140936,"y":49.7816692902016,"street":"Червоної Калини, просп.","housenum":"135","editor_id":null,"uid":null,"editor_date":null,"cdate":"2023-08-31T08:25:34","settlement":"Львів","district":"Сихівський","street_type":"проспект","address_coment":null,"object_type":"дитячий","object_area":"200","object_comment":null,"holder":"ЛКП \"Під Зуброю\"","holder_id":"20773323"}},{"type":"Feature","geometry":{"type":"Point","coordinates":[24.061234805,49.782487779]},"properties":{"moid":"3181382204802467120","id":512,"geom":{"type":"Point","coordinates":[24.0612348045571,49.7824877789226]},"x":24.0612348045571,"y":49.7824877789226,"street":"Червоної Калини, просп.","housenum":"125","editor_id":null,"uid":null,"editor_date":null,"cdate":"2023-08-31T08:25:34","settlement":"Львів","district":"Сихівський","street_type":"проспект","address_coment":null,"object_type":"дитячий","object_area":"125","object_comment":null,"holder":"ЛКП \"Під Зуброю\"","holder_id":"20773323"}},{"type":"Feature","geometry":{"type":"Point","coordinates":[24.061282514,49.783437745]},"properties":{"moid":"3181382204802467121","id":513,"geom":{"type":"Point","coordinates":[24.0612825141466,49.7834377445448]},"x":24.0612825141466,"y":49.7834377445448,"street":"Червоної Калини, просп.","housenum":"119","editor_id":null,"uid":null,"editor_date":null,"cdate":"2023-08-31T08:25:34","settlement":"Львів","district":"Сихівський","street_type":"проспект","address_coment":null,"object_type":"дитячо-спортивний","object_area":"1094","object_comment":null,"holder":"ЛКП \"Під Зуброю\"","holder_id":"20773323"}},{"type":"Feature","geometry":{"type":"Point","coordinates":[24.058587059,49.78419184]},"properties":{"moid":"3181382204802467122","id":514,"geom":{"type":"Point","coordinates":[24.0585870586488,49.7841918395643]},"x":24.0585870586488,"y":49.7841918395643,"street":"Червоної Калини, просп.","housenum":"102","editor_id":null,"uid":null,"editor_date":null,"cdate":"2023-08-31T08:25:34","settlement":"Львів","district":"Сихівський","street_type":"проспект","address_coment":null,"object_type":"спортивний","object_area":"306","object_comment":null,"holder":"ЛКП \"Під Зуброю\"","holder_id":"20773323"}},{"type":"Feature","geometry":{"type":"Point","coordinates":[24.058628122,49.783260056]},"properties":{"moid":"3181382204810855731","id":515,"geom":{"type":"Point","coordinates":[24.0586281215834,49.783260056404]},"x":24.0586281215834,"y":49.783260056404,"street":"Червоної Калини, просп.","housenum":"106","editor_id":null,"uid":null,"editor_date":null,"cdate":"2023-08-31T08:25:34","settlement":"Львів","district":"Сихівський","street_type":"проспект","address_coment":null,"object_type":"дитячий","object_area":"250","object_comment":null,"holder":"ЛКП \"Під Зуброю\"","holder_id":"20773323"}},{"type":"Feature","geometry":{"type":"Point","coordinates":[24.055371687,49.782270177]},"properties":{"moid":"3181382204810855732","id":516,"geom":{"type":"Point","coordinates":[24.0553716873115,49.7822701766737]},"x":24.0553716873115,"y":49.7822701766737,"street":"Вернадського В.","housenum":"28","editor_id":null,"uid":null,"editor_date":null,"cdate":"2023-08-31T08:25:34","settlement":"Львів","district":"Сихівський","street_type":"вулиця","address_coment":null,"object_type":"дитячий","object_area":"195","object_comment":null,"holder":"ЛКП \"Під Зуброю\"","holder_id":"20773323"}},{"type":"Feature","geometry":{"type":"Point","coordinates":[24.055573666,49.788577064]},"properties":{"moid":"3181382204810855733","id":517,"geom":{"type":"Point","coordinates":[24.0555736660895,49.7885770640364]},"x":24.0555736660895,"y":49.7885770640364,"street":"Гориня М.","housenum":"9","editor_id":null,"uid":null,"editor_date":null,"cdate":"2023-08-31T08:25:34","settlement":"Львів","district":"Сихівський","street_type":"вулиця","address_coment":null,"object_type":"дитячий","object_area":"113","object_comment":null,"holder":"ЛКП \"Під Зуброю\"","holder_id":"20773323"}},{"type":"Feature","geometry":{"type":"Point","coordinates":[24.06073903,49.786615604]},"properties":{"moid":"3181382204810855734","id":518,"geom":{"type":"Point","coordinates":[24.0607390304554,49.7866156039211]},"x":24.0607390304554,"y":49.7866156039211,"street":"Червоної Калини, просп.","housenum":"99","editor_id":null,"uid":null,"editor_date":null,"cdate":"2023-08-31T08:25:34","settlement":"Львів","district":"Сихівський","street_type":"проспект","address_coment":null,"object_type":"дитячий","object_area":"410","object_comment":null,"holder":"ЛКП \"Під Зуброю\"","holder_id":"20773323"}},{"type":"Feature","geometry":{"type":"Point","coordinates":[24.061415959,49.78701545]},"properties":{"moid":"3181382204810855735","id":519,"geom":{"type":"Point","coordinates":[24.0614159588905,49.787015450352]},"x":24.0614159588905,"y":49.787015450352,"street":"Коломийська","housenum":"4","editor_id":null,"uid":null,"editor_date":null,"cdate":"2023-08-31T08:25:34","settlement":"Львів","district":"Сихівський","street_type":"вулиця","address_coment":null,"object_type":"дитячо-спортивний","object_area":"682","object_comment":null,"holder":"ЛКП \"Під Зуброю\"","holder_id":"20773323"}},{"type":"Feature","geometry":{"type":"Point","coordinates":[24.065124602,49.787328755]},"properties":{"moid":"3181382204810855736","id":520,"geom":{"type":"Point","coordinates":[24.0651246021553,49.7873287550644]},"x":24.0651246021553,"y":49.7873287550644,"street":"Коломийська","housenum":"16а","editor_id":null,"uid":null,"editor_date":null,"cdate":"2023-08-31T08:25:34","settlement":"Львів","district":"Сихівський","street_type":"вулиця","address_coment":null,"object_type":"дитячий","object_area":"232","object_comment":null,"holder":"ЛКП \"Під Зуброю\"","holder_id":"20773323"}},{"type":"Feature","geometry":{"type":"Point","coordinates":[24.064070144,49.784154907]},"properties":{"moid":"3181382204810855737","id":521,"geom":{"type":"Point","coordinates":[24.0640701435385,49.7841549074211]},"x":24.0640701435385,"y":49.7841549074211,"street":"Трильовського К.","housenum":"14","editor_id":null,"uid":null,"editor_date":null,"cdate":"2023-08-31T08:25:34","settlement":"Львів","district":"Сихівський","street_type":"вулиця","address_coment":null,"object_type":"дитячий","object_area":"986","object_comment":null,"holder":"ЛКП \"Під Зуброю\"","holder_id":"20773323"}},{"type":"Feature","geometry":{"type":"Point","coordinates":[24.050523072,49.787804235]},"properties":{"moid":"3181382204810855738","id":522,"geom":{"type":"Point","coordinates":[24.0505230715381,49.7878042353574]},"x":24.0505230715381,"y":49.7878042353574,"street":"Освицька","housenum":"7","editor_id":null,"uid":null,"editor_date":null,"cdate":"2023-08-31T08:25:34","settlement":"Львів","district":"Сихівський","street_type":"вулиця","address_coment":"вул. Освицька, 7; вул. Освицька, 9; вул. Освицька, 15; вул. Освицька, 17","object_type":"дитячо-спортивний","object_area":"672","object_comment":null,"holder":"ЛКП \"Під Зуброю\"","holder_id":"20773323"}},{"type":"Feature","geometry":{"type":"Point","coordinates":[24.051586557,49.786805979]},"properties":{"moid":"3181382204810855739","id":523,"geom":{"type":"Point","coordinates":[24.0515865570516,49.7868059786406]},"x":24.0515865570516,"y":49.7868059786406,"street":"Гориня М.","housenum":"2","editor_id":null,"uid":null,"editor_date":null,"cdate":"2023-08-31T08:25:34","settlement":"Львів","district":"Сихівський","street_type":"вулиця","address_coment":null,"object_type":"дитячий","object_area":"250","object_comment":null,"holder":"ЛКП \"Під Зуброю\"","holder_id":"20773323"}},{"type":"Feature","geometry":{"type":"Point","coordinates":[24.053154687,49.787819913]},"properties":{"moid":"3181382204810855740","id":524,"geom":{"type":"Point","coordinates":[24.0531546866745,49.7878199131444]},"x":24.0531546866745,"y":49.7878199131444,"street":"Гориня М.","housenum":"15а","editor_id":null,"uid":null,"editor_date":null,"cdate":"2023-08-31T08:25:34","settlement":"Львів","district":"Сихівський","street_type":"вулиця","address_coment":null,"object_type":"дитячий","object_area":"283","object_comment":null,"holder":"ЛКП \"Під Зуброю\"","holder_id":"20773323"}},{"type":"Feature","geometry":{"type":"Point","coordinates":[24.052473474,49.782404376]},"properties":{"moid":"3181382204810855741","id":525,"geom":{"type":"Point","coordinates":[24.0524734735675,49.7824043764358]},"x":24.0524734735675,"y":49.7824043764358,"street":"Гориня М.","housenum":"39","editor_id":null,"uid":null,"editor_date":null,"cdate":"2023-08-31T08:25:34","settlement":"Львів","district":"Сихівський","street_type":"вулиця","address_coment":null,"object_type":"дитячий","object_area":"377","object_comment":null,"holder":"ЛКП \"Під Зуброю\"","holder_id":"20773323"}},{"type":"Feature","geometry":{"type":"Point","coordinates":[24.057319815,49.787696543]},"properties":{"moid":"3181382204810855742","id":526,"geom":{"type":"Point","coordinates":[24.0573198147117,49.7876965430719]},"x":24.0573198147117,"y":49.7876965430719,"street":"Червоної Калини, просп.","housenum":"78","editor_id":null,"uid":null,"editor_date":null,"cdate":"2023-08-31T08:25:34","settlement":"Львів","district":"Сихівський","street_type":"проспект","address_coment":null,"object_type":"дитячий","object_area":"236","object_comment":null,"holder":"ЛКП \"Під Зуброю\"","holder_id":"20773323"}},{"type":"Feature","geometry":{"type":"Point","coordinates":[24.053465316,49.781973708]},"properties":{"moid":"3181382204810855743","id":527,"geom":{"type":"Point","coordinates":[24.0534653159451,49.7819737078699]},"x":24.0534653159451,"y":49.7819737078699,"street":"Вернадського В.","housenum":"38","editor_id":null,"uid":null,"editor_date":null,"cdate":"2023-08-31T08:25:34","settlement":"Львів","district":"Сихівський","street_type":"вулиця","address_coment":null,"object_type":"дитячий","object_area":"310","object_comment":null,"holder":"ЛКП \"Під Зуброю\"","holder_id":"20773323"}},{"type":"Feature","geometry":{"type":"Point","coordinates":[24.05648245,49.781443421]},"properties":{"moid":"3181382204810855744","id":528,"geom":{"type":"Point","coordinates":[24.0564824498952,49.7814434205546]},"x":24.0564824498952,"y":49.7814434205546,"street":"Вернадського В.","housenum":"24","editor_id":null,"uid":null,"editor_date":null,"cdate":"2023-08-31T08:25:34","settlement":"Львів","district":"Сихівський","street_type":"вулиця","address_coment":null,"object_type":"дитячо-спортивний","object_area":"344","object_comment":null,"holder":"ЛКП \"Під Зуброю\"","holder_id":"20773323"}},{"type":"Feature","geometry":{"type":"Point","coordinates":[24.056464815,49.78582044]},"properties":{"moid":"3181382204810855745","id":529,"geom":{"type":"Point","coordinates":[24.0564648148409,49.7858204396504]},"x":24.0564648148409,"y":49.7858204396504,"street":"Драгана М.","housenum":"8","editor_id":null,"uid":null,"editor_date":null,"cdate":"2023-08-31T08:25:34","settlement":"Львів","district":"Сихівський","street_type":"вулиця","address_coment":"вул. Драгана М., 8 - вул. Драгана М., 10","object_type":"дитячий","object_area":"329","object_comment":null,"holder":"ЛКП \"Під Зуброю\"","holder_id":"20773323"}},{"type":"Feature","geometry":{"type":"Point","coordinates":[24.056592148,49.793267543]},"properties":{"moid":"3181382204810855746","id":530,"geom":{"type":"Point","coordinates":[24.0565921483417,49.7932675432434]},"x":24.0565921483417,"y":49.7932675432434,"street":"Святого Івана Павла II Папи Римського, майдан","housenum":"1","editor_id":null,"uid":null,"editor_date":null,"cdate":"2023-08-31T08:25:34","settlement":"Львів","district":"Сихівський","street_type":"майдан","address_coment":null,"object_type":"дитячо-спортивний","object_area":"3000","object_comment":null,"holder":"ЛКП \"Під Зуброю\"","holder_id":"20773323"}},{"type":"Feature","geometry":{"type":"Point","coordinates":[24.052269307,49.784932628]},"properties":{"moid":"3181382204810855747","id":531,"geom":{"type":"Point","coordinates":[24.0522693068437,49.7849326275017]},"x":24.0522693068437,"y":49.7849326275017,"street":"Гориня М.","housenum":"31","editor_id":null,"uid":null,"editor_date":null,"cdate":"2023-08-31T08:25:34","settlement":"Львів","district":"Сихівський","street_type":"вулиця","address_coment":"вул. Гориня М., 31; вул. Гориня М., 27; вул. Гориня М., 27а","object_type":"дитячий","object_area":"171","object_comment":null,"holder":"ЛКП \"Під Зуброю\"","holder_id":"20773323"}},{"type":"Feature","geometry":{"type":"Point","coordinates":[24.064706367,49.781699152]},"properties":{"moid":"3181382204810855748","id":532,"geom":{"type":"Point","coordinates":[24.0647063668609,49.7816991518203]},"x":24.0647063668609,"y":49.7816991518203,"street":"Вернадського В.","housenum":"8","editor_id":null,"uid":null,"editor_date":null,"cdate":"2023-08-31T08:25:34","settlement":"Львів","district":"Сихівський","street_type":"вулиця","address_coment":null,"object_type":"дитячий","object_area":"165","object_comment":null,"holder":"ЛКП \"Під Зуброю\"","holder_id":"20773323"}},{"type":"Feature","geometry":{"type":"Point","coordinates":[24.052450883,49.781684327]},"properties":{"moid":"3181382204810855749","id":533,"geom":{"type":"Point","coordinates":[24.0524508834683,49.7816843273152]},"x":24.0524508834683,"y":49.7816843273152,"street":"Вернадського В.","housenum":"42","editor_id":null,"uid":null,"editor_date":null,"cdate":"2023-08-31T08:25:34","settlement":"Львів","district":"Сихівський","street_type":"вулиця","address_coment":null,"object_type":"дитячий","object_area":"75","object_comment":null,"holder":"ЛКП \"Під Зуброю\"","holder_id":"20773323"}},{"type":"Feature","geometry":{"type":"Point","coordinates":[24.063605165,49.787499728]},"properties":{"moid":"3181382204810855750","id":534,"geom":{"type":"Point","coordinates":[24.063605165351,49.7874997284505]},"x":24.063605165351,"y":49.7874997284505,"street":"Коломийська","housenum":"14","editor_id":null,"uid":null,"editor_date":null,"cdate":"2023-08-31T08:25:34","settlement":"Львів","district":"Сихівський","street_type":"вулиця","address_coment":null,"object_type":"дитячий","object_area":"165","object_comment":null,"holder":"ЛКП \"Під Зуброю\"","holder_id":"20773323"}},{"type":"Feature","geometry":{"type":"Point","coordinates":[24.062089676,49.784235764]},"properties":{"moid":"3181382204810855751","id":535,"geom":{"type":"Point","coordinates":[24.0620896761596,49.7842357638146]},"x":24.0620896761596,"y":49.7842357638146,"street":"Трильовського К.","housenum":"16","editor_id":null,"uid":null,"editor_date":null,"cdate":"2023-08-31T08:25:34","settlement":"Львів","district":"Сихівський","street_type":"вулиця","address_coment":null,"object_type":"дитячий","object_area":"221","object_comment":null,"holder":"ЛКП \"Під Зуброю\"","holder_id":"20773323"}},{"type":"Feature","geometry":{"type":"Point","coordinates":[24.056705484,49.789004066]},"properties":{"moid":"3181382204810855752","id":536,"geom":{"type":"Point","coordinates":[24.0567054841878,49.7890040655127]},"x":24.0567054841878,"y":49.7890040655127,"street":"Гориня М.","housenum":"1","editor_id":null,"uid":null,"editor_date":null,"cdate":"2023-08-31T08:25:34","settlement":"Львів","district":"Сихівський","street_type":"вулиця","address_coment":"вул. Гориня М., 1 - вул. Гориня М., 3","object_type":"дитячо-спортивний","object_area":"384","object_comment":null,"holder":"ЛКП \"Під Зуброю\"","holder_id":"20773323"}},{"type":"Feature","geometry":{"type":"Point","coordinates":[24.054837324,49.784928417]},"properties":{"moid":"3181382204810855753","id":537,"geom":{"type":"Point","coordinates":[24.0548373239801,49.7849284172628]},"x":24.0548373239801,"y":49.7849284172628,"street":"Драгана М.","housenum":"22","editor_id":null,"uid":null,"editor_date":null,"cdate":"2023-08-31T08:25:34","settlement":"Львів","district":"Сихівський","street_type":"вулиця","address_coment":null,"object_type":"дитячо-спортивний","object_area":"300","object_comment":null,"holder":"ЛКП \"Під Зуброю\"","holder_id":"20773323"}},{"type":"Feature","geometry":{"type":"Point","coordinates":[24.058063145,49.790061167]},"properties":{"moid":"3181382204810855754","id":538,"geom":{"type":"Point","coordinates":[24.0580631450498,49.7900611671759]},"x":24.0580631450498,"y":49.7900611671759,"street":"Червоної Калини, просп.","housenum":"68","editor_id":null,"uid":null,"editor_date":null,"cdate":"2023-08-31T08:25:34","settlement":"Львів","district":"Сихівський","street_type":"проспект","address_coment":null,"object_type":"дитячий","object_area":"406","object_comment":null,"holder":"ЛКП \"Під Зуброю\"","holder_id":"20773323"}},{"type":"Feature","geometry":{"type":"Point","coordinates":[24.054135412,49.784002249]},"properties":{"moid":"3181382204810855755","id":539,"geom":{"type":"Point","coordinates":[24.0541354118434,49.7840022491623]},"x":24.0541354118434,"y":49.7840022491623,"street":"Драгана М.","housenum":"15","editor_id":null,"uid":null,"editor_date":null,"cdate":"2023-08-31T08:25:34","settlement":"Львів","district":"Сихівський","street_type":"вулиця","address_coment":"вул. Драгана М., 15; вул. Драгана М., 15а; вул. Драгана М., 15б; вул. Драгана М., 15в; вул. Драгана М., 15г; вул. Драгана М., 17","object_type":"дитячо-спортивний","object_area":"298","object_comment":null,"holder":"ЛКП \"Під Зуброю\"","holder_id":"20773323"}},{"type":"Feature","geometry":{"type":"Point","coordinates":[24.05393127,49.783253106]},"properties":{"moid":"3181382204810855756","id":540,"geom":{"type":"Point","coordinates":[24.0539312701276,49.7832531057938]},"x":24.0539312701276,"y":49.7832531057938,"street":"Драгана М.","housenum":"17","editor_id":null,"uid":null,"editor_date":null,"cdate":"2023-08-31T08:25:34","settlement":"Львів","district":"Сихівський","street_type":"вулиця","address_coment":"вул. Драгана М., 17; вул. Драгана М., 19; вул. Драгана М., 21","object_type":"дитячо-спортивний","object_area":"300","object_comment":null,"holder":"ЛКП \"Під Зуброю\"","holder_id":"20773323"}},{"type":"Feature","geometry":{"type":"Point","coordinates":[24.053696004,49.784428924]},"properties":{"moid":"3181382204810855757","id":541,"geom":{"type":"Point","coordinates":[24.0536960041419,49.7844289236509]},"x":24.0536960041419,"y":49.7844289236509,"street":"Драгана М.","housenum":"30","editor_id":null,"uid":null,"editor_date":null,"cdate":"2023-08-31T08:25:34","settlement":"Львів","district":"Сихівський","street_type":"вулиця","address_coment":null,"object_type":"дитячий","object_area":"150","object_comment":null,"holder":"ЛКП \"Під Зуброю\"","holder_id":"20773323"}},{"type":"Feature","geometry":{"type":"Point","coordinates":[24.049843028,49.786308899]},"properties":{"moid":"3181382204810855758","id":542,"geom":{"type":"Point","coordinates":[24.0498430280597,49.7863088985352]},"x":24.0498430280597,"y":49.7863088985352,"street":"Гориня М.","housenum":"8","editor_id":null,"uid":null,"editor_date":null,"cdate":"2023-08-31T08:25:34","settlement":"Львів","district":"Сихівський","street_type":"вулиця","address_coment":null,"object_type":"дитячий","object_area":"175","object_comment":null,"holder":"ЛКП \"Під Зуброю\"","holder_id":"20773323"}},{"type":"Feature","geometry":{"type":"Point","coordinates":[24.057103336,49.784547098]},"properties":{"moid":"3181382204810855759","id":543,"geom":{"type":"Point","coordinates":[24.0571033355186,49.7845470982659]},"x":24.0571033355186,"y":49.7845470982659,"street":"Драгана М.","housenum":"9","editor_id":null,"uid":null,"editor_date":null,"cdate":"2023-08-31T08:25:34","settlement":"Львів","district":"Сихівський","street_type":"вулиця","address_coment":null,"object_type":"дитячий","object_area":"290","object_comment":null,"holder":"ЛКП \"Під Зуброю\"","holder_id":"20773323"}},{"type":"Feature","geometry":{"type":"Point","coordinates":[24.052208742,49.786213577]},"properties":{"moid":"3181382204810855760","id":544,"geom":{"type":"Point","coordinates":[24.0522087417572,49.7862135768712]},"x":24.0522087417572,"y":49.7862135768712,"street":"Гориня М.","housenum":"23","editor_id":null,"uid":null,"editor_date":null,"cdate":"2023-08-31T08:25:34","settlement":"Львів","district":"Сихівський","street_type":"вулиця","address_coment":null,"object_type":"дитячий","object_area":"150","object_comment":null,"holder":"ЛКП \"Під Зуброю\"","holder_id":"20773323"}},{"type":"Feature","geometry":{"type":"Point","coordinates":[24.061986982,49.793584034]},"properties":{"moid":"3181382204810855761","id":545,"geom":{"type":"Point","coordinates":[24.0619869822743,49.7935840339675]},"x":24.0619869822743,"y":49.7935840339675,"street":"Сихівська","housenum":"15","editor_id":null,"uid":null,"editor_date":null,"cdate":"2023-08-31T08:25:34","settlement":"Львів","district":"Сихівський","street_type":"вулиця","address_coment":null,"object_type":"дитячий","object_area":"540","object_comment":null,"holder":"ЛКП \"Під Зуброю\"","holder_id":"20773323"}},{"type":"Feature","geometry":{"type":"Point","coordinates":[24.064603452,49.79304717]},"properties":{"moid":"3181382204810855762","id":546,"geom":{"type":"Point","coordinates":[24.0646034517391,49.7930471696963]},"x":24.0646034517391,"y":49.7930471696963,"street":"Кавалерідзе І.","housenum":"4","editor_id":null,"uid":null,"editor_date":null,"cdate":"2023-08-31T08:25:34","settlement":"Львів","district":"Сихівський","street_type":"вулиця","address_coment":null,"object_type":"дитячо-спортивний","object_area":"912","object_comment":null,"holder":"ЛКП \"Під Зуброю\"","holder_id":"20773323"}},{"type":"Feature","geometry":{"type":"Point","coordinates":[24.066097385,49.791169901]},"properties":{"moid":"3181382204810855763","id":547,"geom":{"type":"Point","coordinates":[24.0660973852581,49.7911699009955]},"x":24.0660973852581,"y":49.7911699009955,"street":"Кавалерідзе І.","housenum":"14","editor_id":null,"uid":null,"editor_date":null,"cdate":"2023-08-31T08:25:34","settlement":"Львів","district":"Сихівський","street_type":"вулиця","address_coment":null,"object_type":"дитячо-спортивний","object_area":"1260","object_comment":null,"holder":"ЛКП \"Під Зуброю\"","holder_id":"20773323"}},{"type":"Feature","geometry":{"type":"Point","coordinates":[24.060446139,49.792646468]},"properties":{"moid":"3181382204819244372","id":548,"geom":{"type":"Point","coordinates":[24.0604461393816,49.792646468166]},"x":24.0604461393816,"y":49.792646468166,"street":"Антоненка-Давидовича Б.","housenum":"3","editor_id":null,"uid":null,"editor_date":null,"cdate":"2023-08-31T08:25:34","settlement":"Львів","district":"Сихівський","street_type":"вулиця","address_coment":null,"object_type":"дитячо-спортивний","object_area":"1248","object_comment":null,"holder":"ЛКП \"Під Зуброю\"","holder_id":"20773323"}},{"type":"Feature","geometry":{"type":"Point","coordinates":[24.06615984,49.78852099]},"properties":{"moid":"3181382204819244373","id":549,"geom":{"type":"Point","coordinates":[24.0661598404629,49.7885209898144]},"x":24.0661598404629,"y":49.7885209898144,"street":"Коломийська","housenum":"13","editor_id":null,"uid":null,"editor_date":null,"cdate":"2023-08-31T08:25:34","settlement":"Львів","district":"Сихівський","street_type":"вулиця","address_coment":null,"object_type":"дитячо-спортивний","object_area":"495","object_comment":null,"holder":"ЛКП \"Під Зуброю\"","holder_id":"20773323"}},{"type":"Feature","geometry":{"type":"Point","coordinates":[24.066842148,49.788531583]},"properties":{"moid":"3181382204819244374","id":550,"geom":{"type":"Point","coordinates":[24.0668421483467,49.7885315830457]},"x":24.0668421483467,"y":49.7885315830457,"street":"Коломийська","housenum":"13а","editor_id":null,"uid":null,"editor_date":null,"cdate":"2023-08-31T08:25:34","settlement":"Львів","district":"Сихівський","street_type":"вулиця","address_coment":"вул. Коломийська, 13а - вул. Коломийська, 15а","object_type":"дитячий","object_area":"455","object_comment":null,"holder":"ЛКП \"Під Зуброю\"","holder_id":"20773323"}},{"type":"Feature","geometry":{"type":"Point","coordinates":[24.060235012,49.788385169]},"properties":{"moid":"3181382204819244375","id":551,"geom":{"type":"Point","coordinates":[24.060235012074,49.7883851688756]},"x":24.060235012074,"y":49.7883851688756,"street":"Коломийська","housenum":"1","editor_id":null,"uid":null,"editor_date":null,"cdate":"2023-08-31T08:25:34","settlement":"Львів","district":"Сихівський","street_type":"вулиця","address_coment":null,"object_type":"дитячий","object_area":"324","object_comment":null,"holder":"ЛКП \"Під Зуброю\"","holder_id":"20773323"}},{"type":"Feature","geometry":{"type":"Point","coordinates":[24.061312924,49.788411965]},"properties":{"moid":"3181382204819244376","id":552,"geom":{"type":"Point","coordinates":[24.0613129235069,49.7884119646678]},"x":24.0613129235069,"y":49.7884119646678,"street":"Коломийська","housenum":"7","editor_id":null,"uid":null,"editor_date":null,"cdate":"2023-08-31T08:25:34","settlement":"Львів","district":"Сихівський","street_type":"вулиця","address_coment":null,"object_type":"дитячо-спортивний","object_area":"200","object_comment":null,"holder":"ЛКП \"Під Зуброю\"","holder_id":"20773323"}},{"type":"Feature","geometry":{"type":"Point","coordinates":[24.064998846,49.78779601]},"properties":{"moid":"3181382204819244377","id":553,"geom":{"type":"Point","coordinates":[24.064998846433,49.7877960097866]},"x":24.064998846433,"y":49.7877960097866,"street":"Коломийська","housenum":"9","editor_id":null,"uid":null,"editor_date":null,"cdate":"2023-08-31T08:25:34","settlement":"Львів","district":"Сихівський","street_type":"вулиця","address_coment":null,"object_type":"дитячий","object_area":"496","object_comment":null,"holder":"ЛКП \"Під Зуброю\"","holder_id":"20773323"}},{"type":"Feature","geometry":{"type":"Point","coordinates":[24.06509537,49.789313392]},"properties":{"moid":"3181382204819244378","id":554,"geom":{"type":"Point","coordinates":[24.0650953704365,49.7893133916095]},"x":24.0650953704365,"y":49.7893133916095,"street":"Кос-Анатольського А.","housenum":"16","editor_id":null,"uid":null,"editor_date":null,"cdate":"2023-08-31T08:25:34","settlement":"Львів","district":"Сихівський","street_type":"вулиця","address_coment":null,"object_type":"дитячо-спортивний","object_area":"896","object_comment":null,"holder":"ЛКП \"Під Зуброю\"","holder_id":"20773323"}},{"type":"Feature","geometry":{"type":"Point","coordinates":[24.065462634,49.790284155]},"properties":{"moid":"3181382204819244379","id":555,"geom":{"type":"Point","coordinates":[24.0654626344626,49.7902841553207]},"x":24.0654626344626,"y":49.7902841553207,"street":"Кос-Анатольського А.","housenum":"18","editor_id":null,"uid":null,"editor_date":null,"cdate":"2023-08-31T08:25:34","settlement":"Львів","district":"Сихівський","street_type":"вулиця","address_coment":null,"object_type":"дитячий","object_area":"135","object_comment":null,"holder":"ЛКП \"Під Зуброю\"","holder_id":"20773323"}},{"type":"Feature","geometry":{"type":"Point","coordinates":[24.068692111,49.783106427]},"properties":{"moid":"3181382204819244380","id":556,"geom":{"type":"Point","coordinates":[24.0686921113363,49.7831064265512]},"x":24.0686921113363,"y":49.7831064265512,"street":"Антонича Б. - І.","housenum":"24а","editor_id":null,"uid":null,"editor_date":null,"cdate":"2023-08-31T08:25:34","settlement":"Львів","district":"Сихівський","street_type":"вулиця","address_coment":null,"object_type":"дитячий","object_area":"500","object_comment":null,"holder":"ЛКП \"Під Зуброю\"","holder_id":"20773323"}},{"type":"Feature","geometry":{"type":"Point","coordinates":[24.068498431,49.784610898]},"properties":{"moid":"3181382204819244381","id":557,"geom":{"type":"Point","coordinates":[24.0684984306835,49.7846108981195]},"x":24.0684984306835,"y":49.7846108981195,"street":"Антонича Б. - І.","housenum":"16","editor_id":null,"uid":null,"editor_date":null,"cdate":"2023-08-31T08:25:34","settlement":"Львів","district":"Сихівський","street_type":"вулиця","address_coment":null,"object_type":"дитячий","object_area":"410","object_comment":null,"holder":"ЛКП \"Під Зуброю\"","holder_id":"20773323"}},{"type":"Feature","geometry":{"type":"Point","coordinates":[24.067046024,49.78139134]},"properties":{"moid":"3181382204819244382","id":558,"geom":{"type":"Point","coordinates":[24.0670460235502,49.7813913396944]},"x":24.0670460235502,"y":49.7813913396944,"street":"Вернадського В.","housenum":"2","editor_id":null,"uid":null,"editor_date":null,"cdate":"2023-08-31T08:25:34","settlement":"Львів","district":"Сихівський","street_type":"вулиця","address_coment":"вул. Вернадського В., 2 - вул. Вернадського В., 4","object_type":"дитячо-спортивний","object_area":"955","object_comment":null,"holder":"ЛКП \"Під Зуброю\"","holder_id":"20773323"}},{"type":"Feature","geometry":{"type":"Point","coordinates":[24.067303137,49.786375943]},"properties":{"moid":"3181382204819244383","id":559,"geom":{"type":"Point","coordinates":[24.0673031367428,49.7863759431905]},"x":24.0673031367428,"y":49.7863759431905,"street":"Трильовського К.","housenum":"5","editor_id":null,"uid":null,"editor_date":null,"cdate":"2023-08-31T08:25:34","settlement":"Львів","district":"Сихівський","street_type":"вулиця","address_coment":null,"object_type":"дитячо-спортивний","object_area":"500","object_comment":null,"holder":"ЛКП \"Під Зуброю\"","holder_id":"20773323"}},{"type":"Feature","geometry":{"type":"Point","coordinates":[24.061691395,49.792618181]},"properties":{"moid":"3181382204819244384","id":560,"geom":{"type":"Point","coordinates":[24.0616913953664,49.7926181814485]},"x":24.0616913953664,"y":49.7926181814485,"street":"Антоненка-Давидовича Б.","housenum":"7","editor_id":null,"uid":null,"editor_date":null,"cdate":"2023-08-31T08:25:34","settlement":"Львів","district":"Сихівський","street_type":"вулиця","address_coment":"вул. Антоненка-Давидовича Б., 7 - вул. Антоненка-Давидовича Б., 9","object_type":"дитячий","object_area":"337","object_comment":null,"holder":"ЛКП \"Під Зуброю\"","holder_id":"20773323"}},{"type":"Feature","geometry":{"type":"Point","coordinates":[24.067231373,49.787466914]},"properties":{"moid":"3181382204819244385","id":561,"geom":{"type":"Point","coordinates":[24.0672313731057,49.7874669137396]},"x":24.0672313731057,"y":49.7874669137396,"street":"Коломийська","housenum":"18","editor_id":null,"uid":null,"editor_date":null,"cdate":"2023-08-31T08:25:34","settlement":"Львів","district":"Сихівський","street_type":"вулиця","address_coment":null,"object_type":"дитячий","object_area":"675","object_comment":null,"holder":"ЛКП \"Під Зуброю\"","holder_id":"20773323"}},{"type":"Feature","geometry":{"type":"Point","coordinates":[24.067747415,49.789354676]},"properties":{"moid":"3181382204819244386","id":562,"geom":{"type":"Point","coordinates":[24.0677474150122,49.7893546758918]},"x":24.0677474150122,"y":49.7893546758918,"street":"Коломийська","housenum":"23","editor_id":null,"uid":null,"editor_date":null,"cdate":"2023-08-31T08:25:34","settlement":"Львів","district":"Сихівський","street_type":"вулиця","address_coment":null,"object_type":"дитячий","object_area":"440","object_comment":null,"holder":"ЛКП \"Під Зуброю\"","holder_id":"20773323"}},{"type":"Feature","geometry":{"type":"Point","coordinates":[24.067803226,49.785111004]},"properties":{"moid":"3181382204819244387","id":563,"geom":{"type":"Point","coordinates":[24.0678032263386,49.785111003532]},"x":24.0678032263386,"y":49.785111003532,"street":"Антонича Б. - І.","housenum":"10","editor_id":null,"uid":null,"editor_date":null,"cdate":"2023-08-31T08:25:34","settlement":"Львів","district":"Сихівський","street_type":"вулиця","address_coment":"вул. Антонича Б.-І., 10 - вул. Антонича Б.-І., 12","object_type":"дитячо-спортивний","object_area":"828","object_comment":null,"holder":"ЛКП \"Під Зуброю\"","holder_id":"20773323"}},{"type":"Feature","geometry":{"type":"Point","coordinates":[24.066597757,49.781856956]},"properties":{"moid":"3181382204819244388","id":564,"geom":{"type":"Point","coordinates":[24.0665977569859,49.7818569562872]},"x":24.0665977569859,"y":49.7818569562872,"street":"Антонича Б. - І.","housenum":"32","editor_id":null,"uid":null,"editor_date":null,"cdate":"2023-08-31T08:25:34","settlement":"Львів","district":"Сихівський","street_type":"вулиця","address_coment":null,"object_type":"дитячий","object_area":"490","object_comment":null,"holder":"ЛКП \"Під Зуброю\"","holder_id":"20773323"}},{"type":"Feature","geometry":{"type":"Point","coordinates":[24.068098279,49.790259694]},"properties":{"moid":"3181382204819244389","id":565,"geom":{"type":"Point","coordinates":[24.0680982791156,49.7902596942409]},"x":24.0680982791156,"y":49.7902596942409,"street":"Кавалерідзе І.","housenum":"16","editor_id":null,"uid":null,"editor_date":null,"cdate":"2023-08-31T08:25:34","settlement":"Львів","district":"Сихівський","street_type":"вулиця","address_coment":null,"object_type":"дитячий","object_area":"665","object_comment":null,"holder":"ЛКП \"Під Зуброю\"","holder_id":"20773323"}},{"type":"Feature","geometry":{"type":"Point","coordinates":[24.061785315,49.789926657]},"properties":{"moid":"3181382204819244390","id":566,"geom":{"type":"Point","coordinates":[24.0617853150977,49.7899266567331]},"x":24.0617853150977,"y":49.7899266567331,"street":"Кос-Анатольського А.","housenum":"4","editor_id":null,"uid":null,"editor_date":null,"cdate":"2023-08-31T08:25:34","settlement":"Львів","district":"Сихівський","street_type":"вулиця","address_coment":null,"object_type":"дитячо-спортивний","object_area":"380","object_comment":null,"holder":"ЛКП \"Під Зуброю\"","holder_id":"20773323"}},{"type":"Feature","geometry":{"type":"Point","coordinates":[24.061088488,49.789200678]},"properties":{"moid":"3181382204819244391","id":567,"geom":{"type":"Point","coordinates":[24.061088487891,49.7892006782146]},"x":24.061088487891,"y":49.7892006782146,"street":"Коломийська","housenum":"5","editor_id":null,"uid":null,"editor_date":null,"cdate":"2023-08-31T08:25:34","settlement":"Львів","district":"Сихівський","street_type":"вулиця","address_coment":null,"object_type":"дитячо-спортивний","object_area":"430","object_comment":null,"holder":"ЛКП \"Під Зуброю\"","holder_id":"20773323"}},{"type":"Feature","geometry":{"type":"Point","coordinates":[24.068229363,49.783857167]},"properties":{"moid":"3181382204819244392","id":568,"geom":{"type":"Point","coordinates":[24.0682293633679,49.7838571674861]},"x":24.0682293633679,"y":49.7838571674861,"street":"Антонича Б. - І.","housenum":"20а","editor_id":null,"uid":null,"editor_date":null,"cdate":"2023-08-31T08:25:34","settlement":"Львів","district":"Сихівський","street_type":"вулиця","address_coment":null,"object_type":"дитячо-спортивний","object_area":"476","object_comment":null,"holder":"ЛКП \"Під Зуброю\"","holder_id":"20773323"}},{"type":"Feature","geometry":{"type":"Point","coordinates":[24.070952594,49.79165013]},"properties":{"moid":"3181382204819244393","id":569,"geom":{"type":"Point","coordinates":[24.0709525941588,49.7916501298634]},"x":24.0709525941588,"y":49.7916501298634,"street":"Полуботка П.","housenum":"23","editor_id":null,"uid":null,"editor_date":null,"cdate":"2023-08-31T08:25:34","settlement":"Львів","district":"Сихівський","street_type":"вулиця","address_coment":null,"object_type":"дитячий","object_area":"157","object_comment":null,"holder":"ЛКП \"Під Зуброю\"","holder_id":"20773323"}},{"type":"Feature","geometry":{"type":"Point","coordinates":[24.059882165,49.789683437]},"properties":{"moid":"3181382204819244394","id":570,"geom":{"type":"Point","coordinates":[24.0598821647634,49.7896834374738]},"x":24.0598821647634,"y":49.7896834374738,"street":"Червоної Калини, просп.","housenum":" 93","editor_id":null,"uid":null,"editor_date":null,"cdate":"2023-08-31T08:25:34","settlement":"Львів","district":"Сихівський","street_type":"проспект","address_coment":"просп. Червоної Калини, 93 - просп. Червоної Калини, 95","object_type":"спортивний","object_area":"375","object_comment":null,"holder":"ЛКП \"Під Зуброю\"","holder_id":"20773323"}},{"type":"Feature","geometry":{"type":"Point","coordinates":[24.066563776,49.786706383]},"properties":{"moid":"3181382204819244395","id":571,"geom":{"type":"Point","coordinates":[24.0665637760217,49.7867063826027]},"x":24.0665637760217,"y":49.7867063826027,"street":"Трильовського К.","housenum":"1","editor_id":null,"uid":null,"editor_date":null,"cdate":"2023-08-31T08:25:34","settlement":"Львів","district":"Сихівський","street_type":"вулиця","address_coment":null,"object_type":"дитячий","object_area":"200","object_comment":null,"holder":"ЛКП \"Під Зуброю\"","holder_id":"20773323"}},{"type":"Feature","geometry":{"type":"Point","coordinates":[24.069199057,49.785549004]},"properties":{"moid":"3181382204819244396","id":572,"geom":{"type":"Point","coordinates":[24.0691990569072,49.7855490041538]},"x":24.0691990569072,"y":49.7855490041538,"street":"Антонича Б. - І.","housenum":"8","editor_id":null,"uid":null,"editor_date":null,"cdate":"2023-08-31T08:25:34","settlement":"Львів","district":"Сихівський","street_type":"вулиця","address_coment":null,"object_type":"дитячий","object_area":"180","object_comment":null,"holder":"ЛКП \"Під Зуброю\"","holder_id":"20773323"}},{"type":"Feature","geometry":{"type":"Point","coordinates":[24.054410053,49.793315395]},"properties":{"moid":"3181382204819244397","id":573,"geom":{"type":"Point","coordinates":[24.0544100525887,49.7933153953811]},"x":24.0544100525887,"y":49.7933153953811,"street":"Червоної Калини, просп.","housenum":"58","editor_id":null,"uid":null,"editor_date":null,"cdate":"2023-08-31T08:25:34","settlement":"Львів","district":"Сихівський","street_type":"проспект","address_coment":null,"object_type":"дитячо-спортивний","object_area":"730","object_comment":null,"holder":"ЛКП \"Під Зуброю\"","holder_id":"20773323"}},{"type":"Feature","geometry":{"type":"Point","coordinates":[24.05093628,49.816040306]},"properties":{"moid":"3181382204819244398","id":574,"geom":{"type":"Point","coordinates":[24.0509362795525,49.8160403060578]},"x":24.0509362795525,"y":49.8160403060578,"street":"Дунайська","housenum":"7","editor_id":null,"uid":null,"editor_date":null,"cdate":"2023-08-31T08:25:34","settlement":"Львів","district":"Сихівський","street_type":"вулиця","address_coment":null,"object_type":"дитячий","object_area":"268","object_comment":null,"holder":"ЛКП \"Хуторівка\"","holder_id":"20772868"}},{"type":"Feature","geometry":{"type":"Point","coordinates":[24.050562096,49.814768622]},"properties":{"moid":"3181382204819244399","id":575,"geom":{"type":"Point","coordinates":[24.0505620958147,49.8147686220328]},"x":24.0505620958147,"y":49.8147686220328,"street":"Раковського І.","housenum":"10","editor_id":null,"uid":null,"editor_date":null,"cdate":"2023-08-31T08:25:34","settlement":"Львів","district":"Сихівський","street_type":"вулиця","address_coment":null,"object_type":"дитячий","object_area":"335","object_comment":null,"holder":"ЛКП \"Хуторівка\"","holder_id":"20772868"}},{"type":"Feature","geometry":{"type":"Point","coordinates":[24.058032429,49.816138755]},"properties":{"moid":"3181382204819244400","id":576,"geom":{"type":"Point","coordinates":[24.0580324289975,49.8161387554359]},"x":24.0580324289975,"y":49.8161387554359,"street":"Вигін","housenum":"1","editor_id":null,"uid":null,"editor_date":null,"cdate":"2023-08-31T08:25:34","settlement":"Львів","district":"Сихівський","street_type":"вулиця","address_coment":null,"object_type":"дитячий","object_area":"100","object_comment":null,"holder":"ЛКП \"Хуторівка\"","holder_id":"20772868"}},{"type":"Feature","geometry":{"type":"Point","coordinates":[24.051642969,49.817491888]},"properties":{"moid":"3181382204819244401","id":577,"geom":{"type":"Point","coordinates":[24.0516429688479,49.8174918880184]},"x":24.0516429688479,"y":49.8174918880184,"street":"Білоцерківська","housenum":"2а","editor_id":null,"uid":null,"editor_date":null,"cdate":"2023-08-31T08:25:34","settlement":"Львів","district":"Сихівський","street_type":"вулиця","address_coment":"вул. Білоцерківська, 2а - вул. Дністерська, 16а","object_type":"дитячий","object_area":"600","object_comment":null,"holder":"ЛКП \"Хуторівка\"","holder_id":"20772868"}},{"type":"Feature","geometry":{"type":"Point","coordinates":[24.055952309,49.817982703]},"properties":{"moid":"3181382204819244402","id":578,"geom":{"type":"Point","coordinates":[24.0559523090067,49.8179827032474]},"x":24.0559523090067,"y":49.8179827032474,"street":"Дністерська","housenum":"8","editor_id":null,"uid":null,"editor_date":null,"cdate":"2023-08-31T08:25:34","settlement":"Львів","district":"Сихівський","street_type":"вулиця","address_coment":null,"object_type":"дитячий","object_area":"120","object_comment":null,"holder":"ЛКП \"Хуторівка\"","holder_id":"20772868"}},{"type":"Feature","geometry":{"type":"Point","coordinates":[24.049388882,49.809677525]},"properties":{"moid":"3181382204819244403","id":579,"geom":{"type":"Point","coordinates":[24.0493888821849,49.8096775246026]},"x":24.0493888821849,"y":49.8096775246026,"street":"Угорська","housenum":"22","editor_id":null,"uid":null,"editor_date":null,"cdate":"2023-08-31T08:25:34","settlement":"Львів","district":"Сихівський","street_type":"вулиця","address_coment":"вул. Угорська, 22 - вул. Угорська, 24","object_type":"дитячий","object_area":"216","object_comment":null,"holder":"ЛКП \"Хуторівка\"","holder_id":"20772868"}},{"type":"Feature","geometry":{"type":"Point","coordinates":[24.056289146,49.819871322]},"properties":{"moid":"3181382204827633012","id":580,"geom":{"type":"Point","coordinates":[24.0562891463748,49.819871321571]},"x":24.0562891463748,"y":49.819871321571,"street":"Зелена","housenum":"130","editor_id":null,"uid":null,"editor_date":null,"cdate":"2023-08-31T08:25:34","settlement":"Львів","district":"Сихівський","street_type":"вулиця","address_coment":null,"object_type":"дитячо-спортивний","object_area":"630","object_comment":null,"holder":"ЛКП \"Хуторівка\"","holder_id":"20772868"}},{"type":"Feature","geometry":{"type":"Point","coordinates":[24.055660308,49.815069442]},"properties":{"moid":"3181382204827633013","id":581,"geom":{"type":"Point","coordinates":[24.0556603082359,49.8150694419208]},"x":24.0556603082359,"y":49.8150694419208,"street":"Орлина","housenum":"8а","editor_id":null,"uid":null,"editor_date":null,"cdate":"2023-08-31T08:25:34","settlement":"Львів","district":"Сихівський","street_type":"вулиця","address_coment":null,"object_type":"дитячо-спортивний","object_area":"336","object_comment":null,"holder":"ЛКП \"Хуторівка\"","holder_id":"20772868"}},{"type":"Feature","geometry":{"type":"Point","coordinates":[24.050962335,49.820750782]},"properties":{"moid":"3181382204827633014","id":582,"geom":{"type":"Point","coordinates":[24.0509623346467,49.8207507823463]},"x":24.0509623346467,"y":49.8207507823463,"street":"Липова Алея","housenum":"5б","editor_id":null,"uid":null,"editor_date":null,"cdate":"2023-08-31T08:25:34","settlement":"Львів","district":"Сихівський","street_type":"вулиця","address_coment":null,"object_type":"дитячо-спортивний","object_area":"1125","object_comment":null,"holder":"ЛКП \"Хуторівка\"","holder_id":"20772868"}},{"type":"Feature","geometry":{"type":"Point","coordinates":[24.054696182,49.819876594]},"properties":{"moid":"3181382204827633015","id":583,"geom":{"type":"Point","coordinates":[24.0546961816386,49.8198765936533]},"x":24.0546961816386,"y":49.8198765936533,"street":"Липова Алея","housenum":"7","editor_id":null,"uid":null,"editor_date":null,"cdate":"2023-08-31T08:25:34","settlement":"Львів","district":"Сихівський","street_type":"вулиця","address_coment":null,"object_type":"дитячий","object_area":"150","object_comment":null,"holder":"ЛКП \"Хуторівка\"","holder_id":"20772868"}},{"type":"Feature","geometry":{"type":"Point","coordinates":[24.07752999,49.809666445]},"properties":{"moid":"3181382204827633016","id":584,"geom":{"type":"Point","coordinates":[24.0775299899062,49.8096664454668]},"x":24.0775299899062,"y":49.8096664454668,"street":"Пимоненка М.","housenum":"19","editor_id":null,"uid":null,"editor_date":null,"cdate":"2023-08-31T08:25:34","settlement":"Львів","district":"Сихівський","street_type":"вулиця","address_coment":null,"object_type":"дитячий","object_area":"200","object_comment":null,"holder":"ЛКП \"Хуторівка\"","holder_id":"20772868"}},{"type":"Feature","geometry":{"type":"Point","coordinates":[24.053407218,49.798215338]},"properties":{"moid":"3181382204827633017","id":585,"geom":{"type":"Point","coordinates":[24.0534072177304,49.798215337686]},"x":24.0534072177304,"y":49.798215337686,"street":"Довженка О.","housenum":"1","editor_id":null,"uid":null,"editor_date":null,"cdate":"2023-08-31T08:25:34","settlement":"Львів","district":"Сихівський","street_type":"вулиця","address_coment":null,"object_type":"дитячий","object_area":"495","object_comment":null,"holder":"ЛКП \"Хуторівка\"","holder_id":"20772868"}},{"type":"Feature","geometry":{"type":"Point","coordinates":[24.055597224,49.796036579]},"properties":{"moid":"3181382204827633018","id":586,"geom":{"type":"Point","coordinates":[24.0555972242822,49.796036578855]},"x":24.0555972242822,"y":49.796036578855,"street":"Червоної Калини, просп.","housenum":"77","editor_id":null,"uid":null,"editor_date":null,"cdate":"2023-08-31T08:25:34","settlement":"Львів","district":"Сихівський","street_type":"проспект","address_coment":null,"object_type":"дитячий","object_area":"2250","object_comment":null,"holder":"ЛКП \"Хуторівка\"","holder_id":"20772868"}},{"type":"Feature","geometry":{"type":"Point","coordinates":[24.057928387,49.795977937]},"properties":{"moid":"3181382204827633019","id":587,"geom":{"type":"Point","coordinates":[24.0579283872943,49.7959779372062]},"x":24.0579283872943,"y":49.7959779372062,"street":"Зубрівська","housenum":"36","editor_id":null,"uid":null,"editor_date":null,"cdate":"2023-08-31T08:25:34","settlement":"Львів","district":"Сихівський","street_type":"вулиця","address_coment":null,"object_type":"дитячий","object_area":"1196","object_comment":null,"holder":"ЛКП \"Хуторівка\"","holder_id":"20772868"}},{"type":"Feature","geometry":{"type":"Point","coordinates":[24.055795772,49.797004205]},"properties":{"moid":"3181382204827633020","id":588,"geom":{"type":"Point","coordinates":[24.0557957720294,49.7970042047089]},"x":24.0557957720294,"y":49.7970042047089,"street":"Червоної Калини, просп.","housenum":"73","editor_id":null,"uid":null,"editor_date":null,"cdate":"2023-08-31T08:25:34","settlement":"Львів","district":"Сихівський","street_type":"проспект","address_coment":null,"object_type":"дитячо-спортивний","object_area":"800","object_comment":null,"holder":"ЛКП \"Хуторівка\"","holder_id":"20772868"}},{"type":"Feature","geometry":{"type":"Point","coordinates":[24.056241077,49.798386164]},"properties":{"moid":"3181382204827633021","id":589,"geom":{"type":"Point","coordinates":[24.0562410767676,49.7983861639643]},"x":24.0562410767676,"y":49.7983861639643,"street":"Довженка О.","housenum":"10","editor_id":null,"uid":null,"editor_date":null,"cdate":"2023-08-31T08:25:34","settlement":"Львів","district":"Сихівський","street_type":"вулиця","address_coment":null,"object_type":"дитячий","object_area":"1068","object_comment":"триває капремонт","holder":"ЛКП \"Хуторівка\"","holder_id":"20772868"}},{"type":"Feature","geometry":{"type":"Point","coordinates":[24.052128586,49.800724989]},"properties":{"moid":"3181382204827633022","id":590,"geom":{"type":"Point","coordinates":[24.0521285863715,49.8007249885843]},"x":24.0521285863715,"y":49.8007249885843,"street":"Довженка О.","housenum":"11","editor_id":null,"uid":null,"editor_date":null,"cdate":"2023-08-31T08:25:34","settlement":"Львів","district":"Сихівський","street_type":"вулиця","address_coment":null,"object_type":"дитячий","object_area":"428","object_comment":null,"holder":"ЛКП \"Хуторівка\"","holder_id":"20772868"}},{"type":"Feature","geometry":{"type":"Point","coordinates":[24.052917602,49.80032558]},"properties":{"moid":"3181382204827633023","id":591,"geom":{"type":"Point","coordinates":[24.0529176021065,49.8003255799146]},"x":24.0529176021065,"y":49.8003255799146,"street":"Довженка О.","housenum":"9","editor_id":null,"uid":null,"editor_date":null,"cdate":"2023-08-31T08:25:34","settlement":"Львів","district":"Сихівський","street_type":"вулиця","address_coment":null,"object_type":"дитячий","object_area":"338","object_comment":null,"holder":"ЛКП \"Хуторівка\"","holder_id":"20772868"}},{"type":"Feature","geometry":{"type":"Point","coordinates":[24.049284437,49.801277474]},"properties":{"moid":"3181382204827633024","id":592,"geom":{"type":"Point","coordinates":[24.049284436746,49.8012774739177]},"x":24.049284436746,"y":49.8012774739177,"street":"Хуторівка","housenum":"32","editor_id":null,"uid":null,"editor_date":null,"cdate":"2023-08-31T08:25:34","settlement":"Львів","district":"Сихівський","street_type":"вулиця","address_coment":null,"object_type":"дитячий","object_area":"690","object_comment":null,"holder":"ЛКП \"Хуторівка\"","holder_id":"20772868"}},{"type":"Feature","geometry":{"type":"Point","coordinates":[24.055550629,49.801514643]},"properties":{"moid":"3181382204827633025","id":593,"geom":{"type":"Point","coordinates":[24.0555506286147,49.8015146433191]},"x":24.0555506286147,"y":49.8015146433191,"street":"Хуторівка","housenum":"42","editor_id":null,"uid":null,"editor_date":null,"cdate":"2023-08-31T08:25:34","settlement":"Львів","district":"Сихівський","street_type":"вулиця","address_coment":null,"object_type":"дитячий","object_area":"775","object_comment":null,"holder":"ЛКП \"Хуторівка\"","holder_id":"20772868"}},{"type":"Feature","geometry":{"type":"Point","coordinates":[24.050235314,49.79915496]},"properties":{"moid":"3181382204827633026","id":594,"geom":{"type":"Point","coordinates":[24.0502353141856,49.7991549596535]},"x":24.0502353141856,"y":49.7991549596535,"street":"Червоної Калини, просп.","housenum":"51","editor_id":null,"uid":null,"editor_date":null,"cdate":"2023-08-31T08:25:34","settlement":"Львів","district":"Сихівський","street_type":"проспект","address_coment":null,"object_type":"дитячий","object_area":"527","object_comment":null,"holder":"ЛКП \"Хуторівка\"","holder_id":"20772868"}},{"type":"Feature","geometry":{"type":"Point","coordinates":[24.060051782,49.799136372]},"properties":{"moid":"3181382204827633027","id":595,"geom":{"type":"Point","coordinates":[24.0600517820265,49.7991363721283]},"x":24.0600517820265,"y":49.7991363721283,"street":"Манастирського А.","housenum":"5","editor_id":null,"uid":null,"editor_date":null,"cdate":"2023-08-31T08:25:34","settlement":"Львів","district":"Сихівський","street_type":"вулиця","address_coment":"вул. Манастирського А., 5 - вул. Манастирського А., 3а","object_type":"дитячий","object_area":"225","object_comment":null,"holder":"ЛКП \"Хуторівка\"","holder_id":"20772868"}},{"type":"Feature","geometry":{"type":"Point","coordinates":[24.058934874,49.799256885]},"properties":{"moid":"3181382204827633028","id":596,"geom":{"type":"Point","coordinates":[24.058934873894,49.7992568852421]},"x":24.058934873894,"y":49.7992568852421,"street":"Манастирського А.","housenum":"7","editor_id":null,"uid":null,"editor_date":null,"cdate":"2023-08-31T08:25:34","settlement":"Львів","district":"Сихівський","street_type":"вулиця","address_coment":"вул. Манастирського А., 5 - вул. Манастирського А., 7","object_type":"дитячий","object_area":"426","object_comment":null,"holder":"ЛКП \"Хуторівка\"","holder_id":"20772868"}},{"type":"Feature","geometry":{"type":"Point","coordinates":[24.051456461,49.801409088]},"properties":{"moid":"3181382204827633029","id":597,"geom":{"type":"Point","coordinates":[24.0514564607821,49.8014090875451]},"x":24.0514564607821,"y":49.8014090875451,"street":"Хуторівка","housenum":"36","editor_id":null,"uid":null,"editor_date":null,"cdate":"2023-08-31T08:25:34","settlement":"Львів","district":"Сихівський","street_type":"вулиця","address_coment":null,"object_type":"дитячо-спортивний","object_area":"810","object_comment":null,"holder":"ЛКП \"Хуторівка\"","holder_id":"20772868"}},{"type":"Feature","geometry":{"type":"Point","coordinates":[24.055587763,49.799309267]},"properties":{"moid":"3181382204827633030","id":598,"geom":{"type":"Point","coordinates":[24.0555877628965,49.7993092666522]},"x":24.0555877628965,"y":49.7993092666522,"street":"Довженка О.","housenum":"16","editor_id":null,"uid":null,"editor_date":null,"cdate":"2023-08-31T08:25:34","settlement":"Львів","district":"Сихівський","street_type":"вулиця","address_coment":"вул. Довженка О., 16; вул. Довженка О., 18; вул. Довженка О., 20; вул. Довженка О., 22","object_type":"дитячо-спортивний","object_area":"400","object_comment":null,"holder":"ЛКП \"Хуторівка\"","holder_id":"20772868"}},{"type":"Feature","geometry":{"type":"Point","coordinates":[24.059564396,49.796343276]},"properties":{"moid":"3181382204827633031","id":599,"geom":{"type":"Point","coordinates":[24.059564395983,49.7963432755539]},"x":24.059564395983,"y":49.7963432755539,"street":"Зубрівська","housenum":"34г","editor_id":null,"uid":null,"editor_date":null,"cdate":"2023-08-31T08:25:34","settlement":"Львів","district":"Сихівський","street_type":"вулиця","address_coment":null,"object_type":"дитячий","object_area":"360","object_comment":null,"holder":"ЛКП \"Хуторівка\"","holder_id":"20772868"}},{"type":"Feature","geometry":{"type":"Point","coordinates":[24.059826354,49.796920563]},"properties":{"moid":"3181382204827633032","id":600,"geom":{"type":"Point","coordinates":[24.0598263544877,49.7969205631026]},"x":24.0598263544877,"y":49.7969205631026,"street":"Зубрівська","housenum":"32","editor_id":null,"uid":null,"editor_date":null,"cdate":"2023-08-31T08:25:34","settlement":"Львів","district":"Сихівський","street_type":"вулиця","address_coment":null,"object_type":"дитячий","object_area":"160","object_comment":null,"holder":"ЛКП \"Хуторівка\"","holder_id":"20772868"}},{"type":"Feature","geometry":{"type":"Point","coordinates":[24.049943992,49.815412583]},"properties":{"moid":"3181382204827633033","id":601,"geom":{"type":"Point","coordinates":[24.0499439923716,49.8154125833748]},"x":24.0499439923716,"y":49.8154125833748,"street":"Дунайська","housenum":"6","editor_id":null,"uid":null,"editor_date":null,"cdate":"2023-08-31T08:25:34","settlement":"Львів","district":"Сихівський","street_type":"вулиця","address_coment":null,"object_type":"дитячий","object_area":"280","object_comment":null,"holder":"ЛКП \"Хуторівка\"","holder_id":"20772868"}},{"type":"Feature","geometry":{"type":"Point","coordinates":[24.051982005,49.801636313]},"properties":{"moid":"3181382204827633034","id":602,"geom":{"type":"Point","coordinates":[24.0519820051307,49.8016363130623]},"x":24.0519820051307,"y":49.8016363130623,"street":"Хуторівка","housenum":"40","editor_id":null,"uid":null,"editor_date":null,"cdate":"2023-08-31T08:25:34","settlement":"Львів","district":"Сихівський","street_type":"вулиця","address_coment":null,"object_type":"дитячий","object_area":"150","object_comment":null,"holder":"ЛКП \"Хуторівка\"","holder_id":"20772868"}},{"type":"Feature","geometry":{"type":"Point","coordinates":[24.065605753,49.796536192]},"properties":{"moid":"3181382204827633035","id":603,"geom":{"type":"Point","coordinates":[24.0656057532121,49.7965361922591]},"x":24.0656057532121,"y":49.7965361922591,"street":"Сихівська","housenum":"10","editor_id":null,"uid":null,"editor_date":null,"cdate":"2023-08-31T08:25:34","settlement":"Львів","district":"Сихівський","street_type":"вулиця","address_coment":null,"object_type":"дитячий","object_area":"560","object_comment":null,"holder":"ЛКП \"Під Зуброю\"","holder_id":"20773323"}},{"type":"Feature","geometry":{"type":"Point","coordinates":[24.067800695,49.794654893]},"properties":{"moid":"3181382204827633036","id":604,"geom":{"type":"Point","coordinates":[24.0678006954259,49.7946548934421]},"x":24.0678006954259,"y":49.7946548934421,"street":"Сихівська","housenum":"1","editor_id":null,"uid":null,"editor_date":null,"cdate":"2023-08-31T08:25:34","settlement":"Львів","district":"Сихівський","street_type":"вулиця","address_coment":null,"object_type":"дитячий","object_area":"550","object_comment":null,"holder":"ЛКП \"Під Зуброю\"","holder_id":"20773323"}},{"type":"Feature","geometry":{"type":"Point","coordinates":[24.066432488,49.792962742]},"properties":{"moid":"3181382204827633037","id":605,"geom":{"type":"Point","coordinates":[24.0664324877082,49.792962741777]},"x":24.0664324877082,"y":49.792962741777,"street":"Кавалерідзе І.","housenum":"9а","editor_id":null,"uid":null,"editor_date":null,"cdate":"2023-08-31T08:25:34","settlement":"Львів","district":"Сихівський","street_type":"вулиця","address_coment":null,"object_type":"дитячий","object_area":"475","object_comment":null,"holder":"ЛКП \"Під Зуброю\"","holder_id":"20773323"}},{"type":"Feature","geometry":{"type":"Point","coordinates":[24.067858129,49.797534353]},"properties":{"moid":"3181382204827633038","id":606,"geom":{"type":"Point","coordinates":[24.0678581292716,49.7975343530626]},"x":24.0678581292716,"y":49.7975343530626,"street":"Морозна","housenum":"8","editor_id":null,"uid":null,"editor_date":null,"cdate":"2023-08-31T08:25:34","settlement":"Львів","district":"Сихівський","street_type":"вулиця","address_coment":null,"object_type":"дитячий","object_area":"340","object_comment":null,"holder":"ЛКП \"Під Зуброю\"","holder_id":"20773323"}},{"type":"Feature","geometry":{"type":"Point","coordinates":[24.062454348,49.795251437]},"properties":{"moid":"3181382204827633039","id":607,"geom":{"type":"Point","coordinates":[24.0624543480273,49.7952514367529]},"x":24.0624543480273,"y":49.7952514367529,"street":"Сихівська","housenum":"26","editor_id":null,"uid":null,"editor_date":null,"cdate":"2023-08-31T08:25:34","settlement":"Львів","district":"Сихівський","street_type":"вулиця","address_coment":null,"object_type":"дитячий","object_area":"650","object_comment":null,"holder":"ЛКП \"Під Зуброю\"","holder_id":"20773323"}},{"type":"Feature","geometry":{"type":"Point","coordinates":[24.060205578,49.796130885]},"properties":{"moid":"3181382204827633040","id":608,"geom":{"type":"Point","coordinates":[24.0602055782725,49.7961308854847]},"x":24.0602055782725,"y":49.7961308854847,"street":"Зубрівська","housenum":"23","editor_id":null,"uid":null,"editor_date":null,"cdate":"2023-08-31T08:25:34","settlement":"Львів","district":"Сихівський","street_type":"вулиця","address_coment":null,"object_type":"дитячий","object_area":"288","object_comment":null,"holder":"ЛКП \"Під Зуброю\"","holder_id":"20773323"}},{"type":"Feature","geometry":{"type":"Point","coordinates":[24.06080782,49.796892191]},"properties":{"moid":"3181382204827633041","id":609,"geom":{"type":"Point","coordinates":[24.0608078202774,49.7968921905927]},"x":24.0608078202774,"y":49.7968921905927,"street":"Зубрівська","housenum":"17","editor_id":null,"uid":null,"editor_date":null,"cdate":"2023-08-31T08:25:34","settlement":"Львів","district":"Сихівський","street_type":"вулиця","address_coment":null,"object_type":"дитячий","object_area":"252","object_comment":null,"holder":"ЛКП \"Під Зуброю\"","holder_id":"20773323"}},{"type":"Feature","geometry":{"type":"Point","coordinates":[24.067453675,49.793400447]},"properties":{"moid":"3181382204827633042","id":610,"geom":{"type":"Point","coordinates":[24.0674536751829,49.7934004467115]},"x":24.0674536751829,"y":49.7934004467115,"street":"Полуботка П.","housenum":"5","editor_id":null,"uid":null,"editor_date":null,"cdate":"2023-08-31T08:25:34","settlement":"Львів","district":"Сихівський","street_type":"вулиця","address_coment":null,"object_type":"дитячий","object_area":"560","object_comment":null,"holder":"ЛКП \"Під Зуброю\"","holder_id":"20773323"}},{"type":"Feature","geometry":{"type":"Point","coordinates":[24.068441361,49.792853494]},"properties":{"moid":"3181382204827633043","id":611,"geom":{"type":"Point","coordinates":[24.0684413606912,49.7928534940768]},"x":24.0684413606912,"y":49.7928534940768,"street":"Полуботка П.","housenum":"9","editor_id":null,"uid":null,"editor_date":null,"cdate":"2023-08-31T08:25:34","settlement":"Львів","district":"Сихівський","street_type":"вулиця","address_coment":null,"object_type":"дитячий","object_area":"232","object_comment":null,"holder":"ЛКП \"Під Зуброю\"","holder_id":"20773323"}},{"type":"Feature","geometry":{"type":"Point","coordinates":[24.070144295,49.792611856]},"properties":{"moid":"3181382204827633044","id":612,"geom":{"type":"Point","coordinates":[24.070144295368,49.792611856455]},"x":24.070144295368,"y":49.792611856455,"street":"Полуботка П.","housenum":"17","editor_id":null,"uid":null,"editor_date":null,"cdate":"2023-08-31T08:25:34","settlement":"Львів","district":"Сихівський","street_type":"вулиця","address_coment":null,"object_type":"дитячий","object_area":"413","object_comment":null,"holder":"ЛКП \"Під Зуброю\"","holder_id":"20773323"}},{"type":"Feature","geometry":{"type":"Point","coordinates":[24.068593988,49.791248891]},"properties":{"moid":"3181382204827633045","id":613,"geom":{"type":"Point","coordinates":[24.0685939880391,49.7912488911762]},"x":24.0685939880391,"y":49.7912488911762,"street":"Кавалерідзе І.","housenum":"17","editor_id":null,"uid":null,"editor_date":null,"cdate":"2023-08-31T08:25:34","settlement":"Львів","district":"Сихівський","street_type":"вулиця","address_coment":null,"object_type":"дитячий","object_area":"555","object_comment":null,"holder":"ЛКП \"Під Зуброю\"","holder_id":"20773323"}},{"type":"Feature","geometry":{"type":"Point","coordinates":[24.070663566,49.792107164]},"properties":{"moid":"3181382204827633046","id":614,"geom":{"type":"Point","coordinates":[24.0706635655782,49.7921071639254]},"x":24.0706635655782,"y":49.7921071639254,"street":"Полуботка П.","housenum":"19","editor_id":null,"uid":null,"editor_date":null,"cdate":"2023-08-31T08:25:34","settlement":"Львів","district":"Сихівський","street_type":"вулиця","address_coment":null,"object_type":"дитячий","object_area":"560","object_comment":null,"holder":"ЛКП \"Під Зуброю\"","holder_id":"20773323"}},{"type":"Feature","geometry":{"type":"Point","coordinates":[24.061388246,49.795288741]},"properties":{"moid":"3181382204827633047","id":615,"geom":{"type":"Point","coordinates":[24.0613882459131,49.7952887414336]},"x":24.0613882459131,"y":49.7952887414336,"street":"Зубрівська","housenum":"25","editor_id":null,"uid":null,"editor_date":null,"cdate":"2023-08-31T08:25:34","settlement":"Львів","district":"Сихівський","street_type":"вулиця","address_coment":"вул. Зубрівська, 25 - вул. Зубрівська, 25а","object_type":"дитячий","object_area":"632","object_comment":null,"holder":"ЛКП \"Під Зуброю\"","holder_id":"20773323"}},{"type":"Feature","geometry":{"type":"Point","coordinates":[24.064771053,49.79393877]},"properties":{"moid":"3181382204827633048","id":616,"geom":{"type":"Point","coordinates":[24.0647710526705,49.7939387702433]},"x":24.0647710526705,"y":49.7939387702433,"street":"Кавалерідзе І.","housenum":"1","editor_id":null,"uid":null,"editor_date":null,"cdate":"2023-08-31T08:25:34","settlement":"Львів","district":"Сихівський","street_type":"вулиця","address_coment":null,"object_type":"дитячо-спортивний","object_area":"590","object_comment":null,"holder":"ЛКП \"Під Зуброю\"","holder_id":"20773323"}},{"type":"Feature","geometry":{"type":"Point","coordinates":[24.069489034,49.790325549]},"properties":{"moid":"3181382204827633049","id":617,"geom":{"type":"Point","coordinates":[24.06948903403,49.7903255490585]},"x":24.06948903403,"y":49.7903255490585,"street":"Кавалерідзе І.","housenum":"21","editor_id":null,"uid":null,"editor_date":null,"cdate":"2023-08-31T08:25:34","settlement":"Львів","district":"Сихівський","street_type":"вулиця","address_coment":null,"object_type":"дитячо-спортивний","object_area":"492","object_comment":null,"holder":"ЛКП \"Під Зуброю\"","holder_id":"20773323"}},{"type":"Feature","geometry":{"type":"Point","coordinates":[24.065723921,49.797662775]},"properties":{"moid":"3181382204827633050","id":618,"geom":{"type":"Point","coordinates":[24.0657239212104,49.7976627751663]},"x":24.0657239212104,"y":49.7976627751663,"street":"Морозна","housenum":"39","editor_id":null,"uid":null,"editor_date":null,"cdate":"2023-08-31T08:25:34","settlement":"Львів","district":"Сихівський","street_type":"вулиця","address_coment":null,"object_type":"дитячо-спортивний","object_area":"338","object_comment":null,"holder":"ЛКП \"Під Зуброю\"","holder_id":"20773323"}},{"type":"Feature","geometry":{"type":"Point","coordinates":[24.067897912,49.795646218]},"properties":{"moid":"3181382204827633051","id":619,"geom":{"type":"Point","coordinates":[24.0678979115968,49.7956462182433]},"x":24.0678979115968,"y":49.7956462182433,"street":"Морозна","housenum":"21","editor_id":null,"uid":null,"editor_date":null,"cdate":"2023-08-31T08:25:34","settlement":"Львів","district":"Сихівський","street_type":"вулиця","address_coment":null,"object_type":"дитячо-спортивний","object_area":"300","object_comment":null,"holder":"ЛКП \"Під Зуброю\"","holder_id":"20773323"}},{"type":"Feature","geometry":{"type":"Point","coordinates":[24.068473594,49.795958056]},"properties":{"moid":"3181382204827633052","id":620,"geom":{"type":"Point","coordinates":[24.0684735935967,49.7959580564882]},"x":24.0684735935967,"y":49.7959580564882,"street":"Морозна","housenum":"19","editor_id":null,"uid":null,"editor_date":null,"cdate":"2023-08-31T08:25:34","settlement":"Львів","district":"Сихівський","street_type":"вулиця","address_coment":null,"object_type":"дитячий","object_area":"220","object_comment":null,"holder":"ЛКП \"Під Зуброю\"","holder_id":"20773323"}},{"type":"Feature","geometry":{"type":"Point","coordinates":[24.06671749,49.795491187]},"properties":{"moid":"3181382204836021661","id":621,"geom":{"type":"Point","coordinates":[24.066717490106,49.7954911865105]},"x":24.066717490106,"y":49.7954911865105,"street":"Сихівська","housenum":"2","editor_id":null,"uid":null,"editor_date":null,"cdate":"2023-08-31T08:25:34","settlement":"Львів","district":"Сихівський","street_type":"вулиця","address_coment":null,"object_type":"дитячий","object_area":"675","object_comment":null,"holder":"ЛКП \"Під Зуброю\"","holder_id":"20773323"}},{"type":"Feature","geometry":{"type":"Point","coordinates":[23.973714951,49.82707768]},"properties":{"moid":"3181382204836021662","id":622,"geom":{"type":"Point","coordinates":[23.9737149508144,49.8270776798249]},"x":23.9737149508144,"y":49.8270776798249,"street":"Яворницького Д.","housenum":"11","editor_id":null,"uid":null,"editor_date":null,"cdate":"2023-08-31T08:25:34","settlement":"Львів","district":"Залізничний","street_type":"вулиця","address_coment":null,"object_type":"дитячий","object_area":"1395","object_comment":null,"holder":"ЛКП \"Сяйво\"","holder_id":"32262674"}},{"type":"Feature","geometry":{"type":"Point","coordinates":[23.968287292,49.828245018]},"properties":{"moid":"3181382204836021663","id":623,"geom":{"type":"Point","coordinates":[23.9682872922754,49.8282450183401]},"x":23.9682872922754,"y":49.8282450183401,"street":"Виговського І.","housenum":"9","editor_id":null,"uid":null,"editor_date":null,"cdate":"2023-08-31T08:25:34","settlement":"Львів","district":"Залізничний","street_type":"вулиця","address_coment":"вул. Виговського І., 9; вул. Виговського І., 9а-11","object_type":"дитячо-спортивний","object_area":"1100","object_comment":null,"holder":"ЛКП \"Сяйво\"","holder_id":"32262674"}},{"type":"Feature","geometry":{"type":"Point","coordinates":[23.97100653,49.822594842]},"properties":{"moid":"3181382204836021664","id":624,"geom":{"type":"Point","coordinates":[23.9710065303652,49.8225948421849]},"x":23.9710065303652,"y":49.8225948421849,"street":"Виговського І.","housenum":"35","editor_id":null,"uid":null,"editor_date":null,"cdate":"2023-08-31T08:25:34","settlement":"Львів","district":"Залізничний","street_type":"вулиця","address_coment":null,"object_type":"дитячий","object_area":"405","object_comment":null,"holder":"ЛКП \"Сяйво\"","holder_id":"32262674"}},{"type":"Feature","geometry":{"type":"Point","coordinates":[23.976107591,49.823798782]},"properties":{"moid":"3181382204836021665","id":625,"geom":{"type":"Point","coordinates":[23.9761075906197,49.8237987820634]},"x":23.9761075906197,"y":49.8237987820634,"street":"Любінська","housenum":"96","editor_id":null,"uid":null,"editor_date":null,"cdate":"2023-08-31T08:25:34","settlement":"Львів","district":"Залізничний","street_type":"вулиця","address_coment":null,"object_type":"дитячий","object_area":"863","object_comment":null,"holder":"ЛКП \"Сяйво\"","holder_id":"32262674"}},{"type":"Feature","geometry":{"type":"Point","coordinates":[23.974983869,49.823276964]},"properties":{"moid":"3181382204836021666","id":626,"geom":{"type":"Point","coordinates":[23.9749838690299,49.823276963727]},"x":23.9749838690299,"y":49.823276963727,"street":"Любінська","housenum":"98","editor_id":null,"uid":null,"editor_date":null,"cdate":"2023-08-31T08:25:34","settlement":"Львів","district":"Залізничний","street_type":"вулиця","address_coment":null,"object_type":"дитячий","object_area":"882","object_comment":null,"holder":"ЛКП \"Сяйво\"","holder_id":"32262674"}},{"type":"Feature","geometry":{"type":"Point","coordinates":[23.971856847,49.822051757]},"properties":{"moid":"3181382204836021667","id":627,"geom":{"type":"Point","coordinates":[23.9718568470811,49.8220517568263]},"x":23.9718568470811,"y":49.8220517568263,"street":"Любінська","housenum":"102","editor_id":null,"uid":null,"editor_date":null,"cdate":"2023-08-31T08:25:34","settlement":"Львів","district":"Залізничний","street_type":"вулиця","address_coment":null,"object_type":"дитячий","object_area":"616","object_comment":null,"holder":"ЛКП \"Сяйво\"","holder_id":"32262674"}},{"type":"Feature","geometry":{"type":"Point","coordinates":[23.972555915,49.829800785]},"properties":{"moid":"3181382204836021668","id":628,"geom":{"type":"Point","coordinates":[23.9725559145933,49.8298007853376]},"x":23.9725559145933,"y":49.8298007853376,"street":"Городоцька","housenum":"241","editor_id":null,"uid":null,"editor_date":null,"cdate":"2023-08-31T08:25:34","settlement":"Львів","district":"Залізничний","street_type":"вулиця","address_coment":null,"object_type":"дитячий","object_area":"665","object_comment":null,"holder":"ЛКП \"Сяйво\"","holder_id":"32262674"}},{"type":"Feature","geometry":{"type":"Point","coordinates":[23.971665585,49.827417068]},"properties":{"moid":"3181382204836021669","id":629,"geom":{"type":"Point","coordinates":[23.971665585162,49.8274170682902]},"x":23.971665585162,"y":49.8274170682902,"street":"Головатого А.","housenum":"5","editor_id":null,"uid":null,"editor_date":null,"cdate":"2023-08-31T08:25:34","settlement":"Львів","district":"Залізничний","street_type":"вулиця","address_coment":null,"object_type":"дитячий","object_area":"598","object_comment":null,"holder":"ЛКП \"Сяйво\"","holder_id":"32262674"}},{"type":"Feature","geometry":{"type":"Point","coordinates":[23.978726406,49.825954483]},"properties":{"moid":"3181382204836021670","id":630,"geom":{"type":"Point","coordinates":[23.9787264063345,49.8259544833409]},"x":23.9787264063345,"y":49.8259544833409,"street":"Гірника О.","housenum":"1","editor_id":null,"uid":null,"editor_date":null,"cdate":"2023-08-31T08:25:34","settlement":"Львів","district":"Залізничний","street_type":"вулиця","address_coment":null,"object_type":"дитячий","object_area":"420","object_comment":null,"holder":"ЛКП \"Сяйво\"","holder_id":"32262674"}},{"type":"Feature","geometry":{"type":"Point","coordinates":[23.96901897,49.825087763]},"properties":{"moid":"3181382204836021671","id":631,"geom":{"type":"Point","coordinates":[23.9690189701472,49.8250877632469]},"x":23.9690189701472,"y":49.8250877632469,"street":"Мисливська","housenum":"27","editor_id":null,"uid":null,"editor_date":null,"cdate":"2023-08-31T08:25:34","settlement":"Львів","district":"Залізничний","street_type":"вулиця","address_coment":null,"object_type":"дитячо-спортивний","object_area":"990","object_comment":null,"holder":"ЛКП \"Сяйво\"","holder_id":"32262674"}},{"type":"Feature","geometry":{"type":"Point","coordinates":[23.969520645,49.827143694]},"properties":{"moid":"3181382204836021672","id":632,"geom":{"type":"Point","coordinates":[23.9695206447221,49.8271436944673]},"x":23.9695206447221,"y":49.8271436944673,"street":"Виговського І.","housenum":"13а","editor_id":null,"uid":null,"editor_date":null,"cdate":"2023-08-31T08:25:34","settlement":"Львів","district":"Залізничний","street_type":"вулиця","address_coment":"вул. Виговського І., 13а; вул. Виговського І., 15; вул. Виговського І., 17","object_type":"спортивний","object_area":"713","object_comment":null,"holder":"ЛКП \"Сяйво\"","holder_id":"32262674"}},{"type":"Feature","geometry":{"type":"Point","coordinates":[23.969048312,49.824348171]},"properties":{"moid":"3181382204836021673","id":633,"geom":{"type":"Point","coordinates":[23.9690483123763,49.824348171324]},"x":23.9690483123763,"y":49.824348171324,"street":"Виговського І.","housenum":"25а","editor_id":null,"uid":null,"editor_date":null,"cdate":"2023-08-31T08:25:34","settlement":"Львів","district":"Залізничний","street_type":"вулиця","address_coment":"вул. Виговського І., 25а; вул. Виговського І., 25; вул. Виговського І., 27а","object_type":"дитячий","object_area":"940","object_comment":null,"holder":"ЛКП \"Сяйво\"","holder_id":"32262674"}},{"type":"Feature","geometry":{"type":"Point","coordinates":[23.976535514,49.826568841]},"properties":{"moid":"3181382204836021674","id":634,"geom":{"type":"Point","coordinates":[23.9765355141352,49.8265688406176]},"x":23.9765355141352,"y":49.8265688406176,"street":"Вагонна","housenum":"7","editor_id":null,"uid":null,"editor_date":null,"cdate":"2023-08-31T08:25:34","settlement":"Львів","district":"Залізничний","street_type":"вулиця","address_coment":"вул. Вагонна, 7 -вул. Вагонна, 20","object_type":"дитячо-спортивний","object_area":"335","object_comment":null,"holder":"ЛКП \"Сяйво\"","holder_id":"32262674"}},{"type":"Feature","geometry":{"type":"Point","coordinates":[23.983036648,49.83408436]},"properties":{"moid":"3181382204836021675","id":635,"geom":{"type":"Point","coordinates":[23.983036648117,49.8340843604694]},"x":23.983036648117,"y":49.8340843604694,"street":"Городоцька","housenum":"148","editor_id":null,"uid":null,"editor_date":null,"cdate":"2023-08-31T08:25:34","settlement":"Львів","district":"Залізничний","street_type":"вулиця","address_coment":null,"object_type":"дитячий","object_area":"300","object_comment":null,"holder":"ЛКП \"Сяйво\"","holder_id":"32262674"}},{"type":"Feature","geometry":{"type":"Point","coordinates":[23.968385032,49.829201799]},"properties":{"moid":"3181382204836021676","id":636,"geom":{"type":"Point","coordinates":[23.968385031619,49.8292017985019]},"x":23.968385031619,"y":49.8292017985019,"street":"Виговського І.","housenum":"5","editor_id":null,"uid":null,"editor_date":null,"cdate":"2023-08-31T08:25:34","settlement":"Львів","district":"Залізничний","street_type":"вулиця","address_coment":null,"object_type":"спортивний","object_area":"1005","object_comment":null,"holder":"ЛКП \"Сяйво\"","holder_id":"32262674"}},{"type":"Feature","geometry":{"type":"Point","coordinates":[23.974865288,49.82525097]},"properties":{"moid":"3181382204836021677","id":637,"geom":{"type":"Point","coordinates":[23.9748652879758,49.8252509703693]},"x":23.9748652879758,"y":49.8252509703693,"street":"Яворницького Д.","housenum":"5","editor_id":null,"uid":null,"editor_date":null,"cdate":"2023-08-31T08:25:34","settlement":"Львів","district":"Залізничний","street_type":"вулиця","address_coment":"вул. Яворницького Д., 5; вул. Яворницького Д., 7а; вул. Яворницького Д., 7б","object_type":"дитячий","object_area":"450","object_comment":null,"holder":"ЛКП \"Сяйво\"","holder_id":"32262674"}},{"type":"Feature","geometry":{"type":"Point","coordinates":[23.969913471,49.823998625]},"properties":{"moid":"3181382204836021678","id":638,"geom":{"type":"Point","coordinates":[23.9699134711873,49.8239986247707]},"x":23.9699134711873,"y":49.8239986247707,"street":"Мисливська","housenum":"15","editor_id":null,"uid":null,"editor_date":null,"cdate":"2023-08-31T08:25:34","settlement":"Львів","district":"Залізничний","street_type":"вулиця","address_coment":null,"object_type":"дитячий","object_area":"729","object_comment":null,"holder":"ЛКП \"Сяйво\"","holder_id":"32262674"}},{"type":"Feature","geometry":{"type":"Point","coordinates":[23.976690741,49.83846905]},"properties":{"moid":"3181382204836021679","id":639,"geom":{"type":"Point","coordinates":[23.9766907414919,49.8384690500589]},"x":23.9766907414919,"y":49.8384690500589,"street":"Сяйво","housenum":"11","editor_id":null,"uid":null,"editor_date":null,"cdate":"2023-08-31T08:25:34","settlement":"Львів","district":"Залізничний","street_type":"вулиця","address_coment":null,"object_type":"дитячий","object_area":"925","object_comment":null,"holder":"ЛКП \"Сяйво\"","holder_id":"32262674"}},{"type":"Feature","geometry":{"type":"Point","coordinates":[23.972526765,49.839985413]},"properties":{"moid":"3181382204836021680","id":640,"geom":{"type":"Point","coordinates":[23.9725267650683,49.8399854126624]},"x":23.9725267650683,"y":49.8399854126624,"street":"Сластіона О.","housenum":"2","editor_id":null,"uid":null,"editor_date":null,"cdate":"2023-08-31T08:25:34","settlement":"Львів","district":"Залізничний","street_type":"вулиця","address_coment":null,"object_type":"дитячо-спортивний","object_area":"575","object_comment":null,"holder":"ЛКП \"Сяйво\"","holder_id":"32262674"}},{"type":"Feature","geometry":{"type":"Point","coordinates":[23.977210003,49.840029782]},"properties":{"moid":"3181382204836021681","id":641,"geom":{"type":"Point","coordinates":[23.9772100034067,49.8400297823396]},"x":23.9772100034067,"y":49.8400297823396,"street":"Сяйво","housenum":"17","editor_id":null,"uid":null,"editor_date":null,"cdate":"2023-08-31T08:25:34","settlement":"Львів","district":"Залізничний","street_type":"вулиця","address_coment":"вул. Сяйво 17 - вул. Сяйво, 19","object_type":"дитячий","object_area":"660","object_comment":null,"holder":"ЛКП \"Сяйво\"","holder_id":"32262674"}},{"type":"Feature","geometry":{"type":"Point","coordinates":[23.978132419,49.841366343]},"properties":{"moid":"3181382204836021682","id":642,"geom":{"type":"Point","coordinates":[23.9781324193055,49.8413663430254]},"x":23.9781324193055,"y":49.8413663430254,"street":"Сяйво","housenum":"21","editor_id":null,"uid":null,"editor_date":null,"cdate":"2023-08-31T08:25:34","settlement":"Львів","district":"Залізничний","street_type":"вулиця","address_coment":null,"object_type":"дитячий","object_area":"220","object_comment":null,"holder":"ЛКП \"Сяйво\"","holder_id":"32262674"}},{"type":"Feature","geometry":{"type":"Point","coordinates":[23.976059152,49.841917056]},"properties":{"moid":"3181382204836021683","id":643,"geom":{"type":"Point","coordinates":[23.9760591515447,49.8419170555856]},"x":23.9760591515447,"y":49.8419170555856,"street":"Широка","housenum":"29","editor_id":null,"uid":null,"editor_date":null,"cdate":"2023-08-31T08:25:34","settlement":"Львів","district":"Залізничний","street_type":"вулиця","address_coment":null,"object_type":"дитячий","object_area":"1326","object_comment":null,"holder":"ЛКП \"Сяйво\"","holder_id":"32262674"}},{"type":"Feature","geometry":{"type":"Point","coordinates":[23.970582039,49.8396944]},"properties":{"moid":"3181382204836021684","id":644,"geom":{"type":"Point","coordinates":[23.9705820386532,49.839694400338]},"x":23.9705820386532,"y":49.839694400338,"street":"Широка","housenum":"71","editor_id":null,"uid":null,"editor_date":null,"cdate":"2023-08-31T08:25:34","settlement":"Львів","district":"Залізничний","street_type":"вулиця","address_coment":null,"object_type":"дитячий","object_area":"710","object_comment":null,"holder":"ЛКП \"Сяйво\"","holder_id":"32262674"}},{"type":"Feature","geometry":{"type":"Point","coordinates":[23.963975441,49.841567218]},"properties":{"moid":"3181382204836021685","id":645,"geom":{"type":"Point","coordinates":[23.9639754411269,49.8415672181836]},"x":23.9639754411269,"y":49.8415672181836,"street":"Широка","housenum":"85","editor_id":null,"uid":null,"editor_date":null,"cdate":"2023-08-31T08:25:34","settlement":"Львів","district":"Залізничний","street_type":"вулиця","address_coment":null,"object_type":"дитячий","object_area":"250","object_comment":null,"holder":"ЛКП \"Сяйво\"","holder_id":"32262674"}},{"type":"Feature","geometry":{"type":"Point","coordinates":[23.973770523,49.838181328]},"properties":{"moid":"3181382204836021686","id":646,"geom":{"type":"Point","coordinates":[23.9737705225486,49.8381813283395]},"x":23.9737705225486,"y":49.8381813283395,"street":"Вигоди","housenum":"56","editor_id":null,"uid":null,"editor_date":null,"cdate":"2023-08-31T08:25:34","settlement":"Львів","district":"Залізничний","street_type":"вулиця","address_coment":null,"object_type":"дитячий","object_area":"730","object_comment":null,"holder":"ЛКП \"Сяйво\"","holder_id":"32262674"}},{"type":"Feature","geometry":{"type":"Point","coordinates":[23.972433024,49.838528441]},"properties":{"moid":"3181382204836021687","id":647,"geom":{"type":"Point","coordinates":[23.9724330242626,49.8385284412823]},"x":23.9724330242626,"y":49.8385284412823,"street":"Вигоди","housenum":"58","editor_id":null,"uid":null,"editor_date":null,"cdate":"2023-08-31T08:25:34","settlement":"Львів","district":"Залізничний","street_type":"вулиця","address_coment":null,"object_type":"дитячо-спортивний","object_area":"475","object_comment":null,"holder":"ЛКП \"Сяйво\"","holder_id":"32262674"}},{"type":"Feature","geometry":{"type":"Point","coordinates":[23.97016549,49.845304467]},"properties":{"moid":"3181382204844410327","id":679,"geom":{"type":"Point","coordinates":[23.9701654903116,49.8453044674156]},"x":23.9701654903116,"y":49.8453044674156,"street":"Калнишевського П.","housenum":"1","editor_id":null,"uid":null,"editor_date":null,"cdate":"2023-08-31T08:25:34","settlement":"Львів","district":"Залізничний","street_type":"вулиця","address_coment":null,"object_type":"дитячий","object_area":"480","object_comment":null,"holder":"ЛКП \"Левандівка\"","holder_id":"20809229"}},{"type":"Feature","geometry":{"type":"Point","coordinates":[23.972549661,49.838044588]},"properties":{"moid":"3181382204836021688","id":648,"geom":{"type":"Point","coordinates":[23.9725496605052,49.8380445879552]},"x":23.9725496605052,"y":49.8380445879552,"street":"Вигоди","housenum":"60","editor_id":null,"uid":null,"editor_date":null,"cdate":"2023-08-31T08:25:34","settlement":"Львів","district":"Залізничний","street_type":"вулиця","address_coment":"вул. Вигоди, 60 - вул. Низинна, 60","object_type":"дитячо-спортивний","object_area":"360","object_comment":null,"holder":"ЛКП \"Сяйво\"","holder_id":"32262674"}},{"type":"Feature","geometry":{"type":"Point","coordinates":[23.97495338,49.841656051]},"properties":{"moid":"3181382204836021689","id":649,"geom":{"type":"Point","coordinates":[23.9749533795341,49.8416560509912]},"x":23.9749533795341,"y":49.8416560509912,"street":"Планерна","housenum":"12","editor_id":null,"uid":null,"editor_date":null,"cdate":"2023-08-31T08:25:34","settlement":"Львів","district":"Залізничний","street_type":"вулиця","address_coment":null,"object_type":"дитячий","object_area":"974","object_comment":null,"holder":"ЛКП \"Сяйво\"","holder_id":"32262674"}},{"type":"Feature","geometry":{"type":"Point","coordinates":[23.976722956,49.836587033]},"properties":{"moid":"3181382204836021690","id":650,"geom":{"type":"Point","coordinates":[23.9767229555075,49.8365870333121]},"x":23.9767229555075,"y":49.8365870333121,"street":"Сяйво","housenum":"15","editor_id":null,"uid":null,"editor_date":null,"cdate":"2023-08-31T08:25:34","settlement":"Львів","district":"Залізничний","street_type":"вулиця","address_coment":null,"object_type":"дитячий","object_area":"504","object_comment":null,"holder":"ЛКП \"Сяйво\"","holder_id":"32262674"}},{"type":"Feature","geometry":{"type":"Point","coordinates":[23.971097733,49.83874764]},"properties":{"moid":"3181382204836021691","id":651,"geom":{"type":"Point","coordinates":[23.9710977327694,49.8387476400783]},"x":23.9710977327694,"y":49.8387476400783,"street":"Сластіона О.","housenum":"58","editor_id":null,"uid":null,"editor_date":null,"cdate":"2023-08-31T08:25:34","settlement":"Львів","district":"Залізничний","street_type":"вулиця","address_coment":null,"object_type":"дитячий","object_area":"684","object_comment":null,"holder":"ЛКП \"Сяйво\"","holder_id":"32262674"}},{"type":"Feature","geometry":{"type":"Point","coordinates":[23.972549661,49.838044588]},"properties":{"moid":"3181382204836021692","id":652,"geom":{"type":"Point","coordinates":[23.9725496605052,49.8380445879552]},"x":23.9725496605052,"y":49.8380445879552,"street":"Вигоди","housenum":"60","editor_id":null,"uid":null,"editor_date":null,"cdate":"2023-08-31T08:25:34","settlement":"Львів","district":"Залізничний","street_type":"вулиця","address_coment":"вул. Вигоди, 60 - вул. Вигоди, 62","object_type":"дитячо-спортивний","object_area":"1510","object_comment":null,"holder":"ЛКП \"Сяйво\"","holder_id":"32262674"}},{"type":"Feature","geometry":{"type":"Point","coordinates":[23.977274421,49.846583997]},"properties":{"moid":"3181382204836021693","id":653,"geom":{"type":"Point","coordinates":[23.9772744208286,49.8465839971946]},"x":23.9772744208286,"y":49.8465839971946,"street":"Олесницького Є.","housenum":"59","editor_id":null,"uid":null,"editor_date":null,"cdate":"2023-08-31T08:25:34","settlement":"Львів","district":"Залізничний","street_type":"вулиця","address_coment":"вул. Олесницького Є., 59 - вул. Олесницького Є., 61","object_type":"дитячий","object_area":"363","object_comment":null,"holder":"ЛКП \"Сяйво\"","holder_id":"32262674"}},{"type":"Feature","geometry":{"type":"Point","coordinates":[23.973726741,49.841562137]},"properties":{"moid":"3181382204836021694","id":654,"geom":{"type":"Point","coordinates":[23.9737267409136,49.8415621365101]},"x":23.9737267409136,"y":49.8415621365101,"street":"Доробок","housenum":"48","editor_id":null,"uid":null,"editor_date":null,"cdate":"2023-08-31T08:25:34","settlement":"Львів","district":"Залізничний","street_type":"вулиця","address_coment":null,"object_type":"дитячий","object_area":"421","object_comment":null,"holder":"ЛКП \"Сяйво\"","holder_id":"32262674"}},{"type":"Feature","geometry":{"type":"Point","coordinates":[23.980601246,49.848798008]},"properties":{"moid":"3181382204836021695","id":655,"geom":{"type":"Point","coordinates":[23.98060124577195,49.84879800772072]},"x":23.98060124577195,"y":49.84879800772072,"street":"Алмазна","housenum":null,"editor_id":null,"uid":null,"editor_date":null,"cdate":"2023-08-31T08:25:34","settlement":"Львів","district":"Залізничний","street_type":"вулиця","address_coment":"вул. Алмазна - вул. Сушка Р.","object_type":"дитячий","object_area":"275","object_comment":null,"holder":"ЛКП \"Сяйво\"","holder_id":"32262674"}},{"type":"Feature","geometry":{"type":"Point","coordinates":[23.969806793,49.842259991]},"properties":{"moid":"3181382204844410304","id":656,"geom":{"type":"Point","coordinates":[23.9698067925533,49.8422599908436]},"x":23.9698067925533,"y":49.8422599908436,"street":"Широка","housenum":"64","editor_id":null,"uid":null,"editor_date":null,"cdate":"2023-08-31T08:25:34","settlement":"Львів","district":"Залізничний","street_type":"вулиця","address_coment":null,"object_type":"дитячий","object_area":"407","object_comment":null,"holder":"ЛКП \"Левандівка\"","holder_id":"20809229"}},{"type":"Feature","geometry":{"type":"Point","coordinates":[23.964516026,49.84267254]},"properties":{"moid":"3181382204844410305","id":657,"geom":{"type":"Point","coordinates":[23.964516025902,49.8426725396159]},"x":23.964516025902,"y":49.8426725396159,"street":"Широка","housenum":"72","editor_id":null,"uid":null,"editor_date":null,"cdate":"2023-08-31T08:25:34","settlement":"Львів","district":"Залізничний","street_type":"вулиця","address_coment":null,"object_type":"дитячий","object_area":"276","object_comment":null,"holder":"ЛКП \"Левандівка\"","holder_id":"20809229"}},{"type":"Feature","geometry":{"type":"Point","coordinates":[23.964304195,49.842932383]},"properties":{"moid":"3181382204844410306","id":658,"geom":{"type":"Point","coordinates":[23.964304195412,49.8429323830062]},"x":23.964304195412,"y":49.8429323830062,"street":"Широка","housenum":"82","editor_id":null,"uid":null,"editor_date":null,"cdate":"2023-08-31T08:25:34","settlement":"Львів","district":"Залізничний","street_type":"вулиця","address_coment":null,"object_type":"дитячий","object_area":"345","object_comment":null,"holder":"ЛКП \"Левандівка\"","holder_id":"20809229"}},{"type":"Feature","geometry":{"type":"Point","coordinates":[23.962659148,49.84261066]},"properties":{"moid":"3181382204844410307","id":659,"geom":{"type":"Point","coordinates":[23.9626591481451,49.8426106599371]},"x":23.9626591481451,"y":49.8426106599371,"street":"Широка","housenum":"86","editor_id":null,"uid":null,"editor_date":null,"cdate":"2023-08-31T08:25:34","settlement":"Львів","district":"Залізничний","street_type":"вулиця","address_coment":null,"object_type":"дитячий","object_area":"385","object_comment":null,"holder":"ЛКП \"Левандівка\"","holder_id":"20809229"}},{"type":"Feature","geometry":{"type":"Point","coordinates":[23.961265153,49.842743917]},"properties":{"moid":"3181382204844410308","id":660,"geom":{"type":"Point","coordinates":[23.9612651525913,49.8427439172797]},"x":23.9612651525913,"y":49.8427439172797,"street":"Широка","housenum":"90","editor_id":null,"uid":null,"editor_date":null,"cdate":"2023-08-31T08:25:34","settlement":"Львів","district":"Залізничний","street_type":"вулиця","address_coment":null,"object_type":"дитячий","object_area":"314","object_comment":null,"holder":"ЛКП \"Левандівка\"","holder_id":"20809229"}},{"type":"Feature","geometry":{"type":"Point","coordinates":[23.960657384,49.843604513]},"properties":{"moid":"3181382204844410309","id":661,"geom":{"type":"Point","coordinates":[23.9606573839014,49.8436045126938]},"x":23.9606573839014,"y":49.8436045126938,"street":"Широка","housenum":"92","editor_id":null,"uid":null,"editor_date":null,"cdate":"2023-08-31T08:25:34","settlement":"Львів","district":"Залізничний","street_type":"вулиця","address_coment":null,"object_type":"дитячий","object_area":"720","object_comment":null,"holder":"ЛКП \"Левандівка\"","holder_id":"20809229"}},{"type":"Feature","geometry":{"type":"Point","coordinates":[23.959337409,49.843486298]},"properties":{"moid":"3181382204844410310","id":662,"geom":{"type":"Point","coordinates":[23.959337409147,49.8434862978955]},"x":23.959337409147,"y":49.8434862978955,"street":"Широка","housenum":"94","editor_id":null,"uid":null,"editor_date":null,"cdate":"2023-08-31T08:25:34","settlement":"Львів","district":"Залізничний","street_type":"вулиця","address_coment":null,"object_type":"дитячий","object_area":"1236","object_comment":null,"holder":"ЛКП \"Левандівка\"","holder_id":"20809229"}},{"type":"Feature","geometry":{"type":"Point","coordinates":[23.959637515,49.844256171]},"properties":{"moid":"3181382204844410311","id":663,"geom":{"type":"Point","coordinates":[23.9596375151872,49.8442561707116]},"x":23.9596375151872,"y":49.8442561707116,"street":"Широка","housenum":"96","editor_id":null,"uid":null,"editor_date":null,"cdate":"2023-08-31T08:25:34","settlement":"Львів","district":"Залізничний","street_type":"вулиця","address_coment":null,"object_type":"дитячий","object_area":"670","object_comment":null,"holder":"ЛКП \"Левандівка\"","holder_id":"20809229"}},{"type":"Feature","geometry":{"type":"Point","coordinates":[23.958985728,49.842988825]},"properties":{"moid":"3181382204844410312","id":664,"geom":{"type":"Point","coordinates":[23.9589857284817,49.8429888254577]},"x":23.9589857284817,"y":49.8429888254577,"street":"Широка","housenum":"98","editor_id":null,"uid":null,"editor_date":null,"cdate":"2023-08-31T08:25:34","settlement":"Львів","district":"Залізничний","street_type":"вулиця","address_coment":null,"object_type":"дитячий","object_area":"700","object_comment":null,"holder":"ЛКП \"Левандівка\"","holder_id":"20809229"}},{"type":"Feature","geometry":{"type":"Point","coordinates":[23.960580531,49.843022658]},"properties":{"moid":"3181382204844410313","id":665,"geom":{"type":"Point","coordinates":[23.9605805307739,49.8430226584958]},"x":23.9605805307739,"y":49.8430226584958,"street":"Широка","housenum":"88","editor_id":null,"uid":null,"editor_date":null,"cdate":"2023-08-31T08:25:34","settlement":"Львів","district":"Залізничний","street_type":"вулиця","address_coment":"вул. Широка, 88 - вул. Широка, 100","object_type":"дитячо-спортивний","object_area":"691","object_comment":null,"holder":"ЛКП \"Левандівка\"","holder_id":"20809229"}},{"type":"Feature","geometry":{"type":"Point","coordinates":[23.971343728,49.844250628]},"properties":{"moid":"3181382204844410314","id":666,"geom":{"type":"Point","coordinates":[23.9713437284252,49.844250627621]},"x":23.9713437284252,"y":49.844250627621,"street":"Повітряна","housenum":"65","editor_id":null,"uid":null,"editor_date":null,"cdate":"2023-08-31T08:25:34","settlement":"Львів","district":"Залізничний","street_type":"вулиця","address_coment":null,"object_type":"дитячий","object_area":"336","object_comment":null,"holder":"ЛКП \"Левандівка\"","holder_id":"20809229"}},{"type":"Feature","geometry":{"type":"Point","coordinates":[23.967660862,49.845360107]},"properties":{"moid":"3181382204844410315","id":667,"geom":{"type":"Point","coordinates":[23.9676608622051,49.8453601065474]},"x":23.9676608622051,"y":49.8453601065474,"street":"Повітряна","housenum":"88","editor_id":null,"uid":null,"editor_date":null,"cdate":"2023-08-31T08:25:34","settlement":"Львів","district":"Залізничний","street_type":"вулиця","address_coment":null,"object_type":"дитячий","object_area":"449","object_comment":null,"holder":"ЛКП \"Левандівка\"","holder_id":"20809229"}},{"type":"Feature","geometry":{"type":"Point","coordinates":[23.964025601,49.845167157]},"properties":{"moid":"3181382204844410316","id":668,"geom":{"type":"Point","coordinates":[23.9640256009712,49.8451671567742]},"x":23.9640256009712,"y":49.8451671567742,"street":"Повітряна","housenum":"94","editor_id":null,"uid":null,"editor_date":null,"cdate":"2023-08-31T08:25:34","settlement":"Львів","district":"Залізничний","street_type":"вулиця","address_coment":null,"object_type":"дитячий","object_area":"428","object_comment":null,"holder":"ЛКП \"Левандівка\"","holder_id":"20809229"}},{"type":"Feature","geometry":{"type":"Point","coordinates":[23.963131115,49.847041455]},"properties":{"moid":"3181382204844410317","id":669,"geom":{"type":"Point","coordinates":[23.9631311151542,49.847041455084]},"x":23.9631311151542,"y":49.847041455084,"street":"Роксоляни","housenum":"26","editor_id":null,"uid":null,"editor_date":null,"cdate":"2023-08-31T08:25:34","settlement":"Львів","district":"Залізничний","street_type":"вулиця","address_coment":"вул. Роксоляни, 26 - вул. Роксаляни, 28","object_type":"дитячий","object_area":"735","object_comment":null,"holder":"ЛКП \"Левандівка\"","holder_id":"20809229"}},{"type":"Feature","geometry":{"type":"Point","coordinates":[23.962357031,49.846682947]},"properties":{"moid":"3181382204844410318","id":670,"geom":{"type":"Point","coordinates":[23.9623570311738,49.8466829468683]},"x":23.9623570311738,"y":49.8466829468683,"street":"Роксоляни","housenum":"29","editor_id":null,"uid":null,"editor_date":null,"cdate":"2023-08-31T08:25:34","settlement":"Львів","district":"Залізничний","street_type":"вулиця","address_coment":null,"object_type":"дитячий","object_area":"1844","object_comment":null,"holder":"ЛКП \"Левандівка\"","holder_id":"20809229"}},{"type":"Feature","geometry":{"type":"Point","coordinates":[23.959801771,49.847434133]},"properties":{"moid":"3181382204844410319","id":671,"geom":{"type":"Point","coordinates":[23.9598017712777,49.8474341332474]},"x":23.9598017712777,"y":49.8474341332474,"street":"Роксоляни","housenum":"51","editor_id":null,"uid":null,"editor_date":null,"cdate":"2023-08-31T08:25:34","settlement":"Львів","district":"Залізничний","street_type":"вулиця","address_coment":null,"object_type":"дитячий","object_area":"450","object_comment":null,"holder":"ЛКП \"Левандівка\"","holder_id":"20809229"}},{"type":"Feature","geometry":{"type":"Point","coordinates":[23.958993989,49.847644789]},"properties":{"moid":"3181382204844410320","id":672,"geom":{"type":"Point","coordinates":[23.9589939888856,49.8476447886431]},"x":23.9589939888856,"y":49.8476447886431,"street":"Роксоляни","housenum":"63","editor_id":null,"uid":null,"editor_date":null,"cdate":"2023-08-31T08:25:34","settlement":"Львів","district":"Залізничний","street_type":"вулиця","address_coment":"вул. Роксоляни, 63 - вул. Роксоляни, 65","object_type":"дитячий","object_area":"994","object_comment":null,"holder":"ЛКП \"Левандівка\"","holder_id":"20809229"}},{"type":"Feature","geometry":{"type":"Point","coordinates":[23.967871633,49.842811526]},"properties":{"moid":"3181382204844410321","id":673,"geom":{"type":"Point","coordinates":[23.9678716329061,49.8428115257797]},"x":23.9678716329061,"y":49.8428115257797,"street":"Суботівська","housenum":"2","editor_id":null,"uid":null,"editor_date":null,"cdate":"2023-08-31T08:25:34","settlement":"Львів","district":"Залізничний","street_type":"вулиця","address_coment":null,"object_type":"дитячий","object_area":"133","object_comment":null,"holder":"ЛКП \"Левандівка\"","holder_id":"20809229"}},{"type":"Feature","geometry":{"type":"Point","coordinates":[23.966889879,49.846215251]},"properties":{"moid":"3181382204844410322","id":674,"geom":{"type":"Point","coordinates":[23.9668898794913,49.8462152510006]},"x":23.9668898794913,"y":49.8462152510006,"street":"Суботівська","housenum":"8","editor_id":null,"uid":null,"editor_date":null,"cdate":"2023-08-31T08:25:34","settlement":"Львів","district":"Залізничний","street_type":"вулиця","address_coment":null,"object_type":"дитячий","object_area":"252","object_comment":null,"holder":"ЛКП \"Левандівка\"","holder_id":"20809229"}},{"type":"Feature","geometry":{"type":"Point","coordinates":[23.965935844,49.846049258]},"properties":{"moid":"3181382204844410323","id":675,"geom":{"type":"Point","coordinates":[23.9659358444768,49.8460492578834]},"x":23.9659358444768,"y":49.8460492578834,"street":"Суботівська","housenum":"9","editor_id":null,"uid":null,"editor_date":null,"cdate":"2023-08-31T08:25:34","settlement":"Львів","district":"Залізничний","street_type":"вулиця","address_coment":null,"object_type":"дитячий","object_area":"653","object_comment":null,"holder":"ЛКП \"Левандівка\"","holder_id":"20809229"}},{"type":"Feature","geometry":{"type":"Point","coordinates":[23.966659368,49.846956964]},"properties":{"moid":"3181382204844410324","id":676,"geom":{"type":"Point","coordinates":[23.9666593675884,49.8469569643874]},"x":23.9666593675884,"y":49.8469569643874,"street":"Суботівська","housenum":"10","editor_id":null,"uid":null,"editor_date":null,"cdate":"2023-08-31T08:25:34","settlement":"Львів","district":"Залізничний","street_type":"вулиця","address_coment":null,"object_type":"дитячий","object_area":"204","object_comment":null,"holder":"ЛКП \"Левандівка\"","holder_id":"20809229"}},{"type":"Feature","geometry":{"type":"Point","coordinates":[23.96852969,49.844416181]},"properties":{"moid":"3181382204844410325","id":677,"geom":{"type":"Point","coordinates":[23.9685296901362,49.8444161807604]},"x":23.9685296901362,"y":49.8444161807604,"street":"Сірка І.","housenum":"2","editor_id":null,"uid":null,"editor_date":null,"cdate":"2023-08-31T08:25:34","settlement":"Львів","district":"Залізничний","street_type":"вулиця","address_coment":null,"object_type":"дитячий","object_area":"360","object_comment":null,"holder":"ЛКП \"Левандівка\"","holder_id":"20809229"}},{"type":"Feature","geometry":{"type":"Point","coordinates":[23.964571349,49.844223519]},"properties":{"moid":"3181382204844410326","id":678,"geom":{"type":"Point","coordinates":[23.9645713494081,49.844223518972]},"x":23.9645713494081,"y":49.844223518972,"street":"Сірка І.","housenum":"23","editor_id":null,"uid":null,"editor_date":null,"cdate":"2023-08-31T08:25:34","settlement":"Львів","district":"Залізничний","street_type":"вулиця","address_coment":null,"object_type":"дитячий","object_area":"516","object_comment":null,"holder":"ЛКП \"Левандівка\"","holder_id":"20809229"}},{"type":"Feature","geometry":{"type":"Point","coordinates":[23.972147402,49.851876216]},"properties":{"moid":"3181382204844410328","id":680,"geom":{"type":"Point","coordinates":[23.972147402248286,49.85187621553728]},"x":23.972147402248286,"y":49.85187621553728,"street":"Чижевського Д.","housenum":null,"editor_id":null,"uid":null,"editor_date":null,"cdate":"2023-08-31T08:25:34","settlement":"Львів","district":"Залізничний","street_type":"вулиця","address_coment":"вул. Чижевського Д. - вул. Моторна - вул. Каганця М. - вул. Чечета Г.","object_type":"дитячий","object_area":"500","object_comment":null,"holder":"ЛКП \"Левандівка\"","holder_id":"20809229"}},{"type":"Feature","geometry":{"type":"Point","coordinates":[23.967275865,49.847342967]},"properties":{"moid":"3181382204844410329","id":681,"geom":{"type":"Point","coordinates":[23.9672758650481,49.8473429673578]},"x":23.9672758650481,"y":49.8473429673578,"street":"Роксоляни","housenum":"18","editor_id":null,"uid":null,"editor_date":null,"cdate":"2023-08-31T08:25:34","settlement":"Львів","district":"Залізничний","street_type":"вулиця","address_coment":null,"object_type":"дитячий","object_area":"210","object_comment":null,"holder":"ЛКП \"Левандівка\"","holder_id":"20809229"}},{"type":"Feature","geometry":{"type":"Point","coordinates":[23.961362182,49.848919465]},"properties":{"moid":"3181382204844410330","id":682,"geom":{"type":"Point","coordinates":[23.961362181519,49.8489194648137]},"x":23.961362181519,"y":49.8489194648137,"street":"Роксоляни","housenum":"59","editor_id":null,"uid":null,"editor_date":null,"cdate":"2023-08-31T08:25:34","settlement":"Львів","district":"Залізничний","street_type":"вулиця","address_coment":null,"object_type":"дитячий","object_area":"324","object_comment":null,"holder":"ЛКП \"Левандівка\"","holder_id":"20809229"}},{"type":"Feature","geometry":{"type":"Point","coordinates":[24.005235085,49.84094058]},"properties":{"moid":"3181382204844410331","id":683,"geom":{"type":"Point","coordinates":[24.0052350845053,49.840940579886]},"x":24.0052350845053,"y":49.840940579886,"street":"Декарта Р.","housenum":"11а","editor_id":null,"uid":null,"editor_date":null,"cdate":"2023-08-31T08:25:34","settlement":"Львів","district":"Залізничний","street_type":"вулиця","address_coment":null,"object_type":"дитячий","object_area":"280","object_comment":null,"holder":"ЛКП \"Левандівка\"","holder_id":"20809229"}},{"type":"Feature","geometry":{"type":"Point","coordinates":[24.003417348,49.84191792]},"properties":{"moid":"3181382204844410332","id":684,"geom":{"type":"Point","coordinates":[24.0034173475623,49.8419179204316]},"x":24.0034173475623,"y":49.8419179204316,"street":"Братів Міхновських","housenum":"33б","editor_id":null,"uid":null,"editor_date":null,"cdate":"2023-08-31T08:25:34","settlement":"Львів","district":"Залізничний","street_type":"вулиця","address_coment":null,"object_type":"дитячий","object_area":"204","object_comment":null,"holder":"ЛКП \"Левандівка\"","holder_id":"20809229"}},{"type":"Feature","geometry":{"type":"Point","coordinates":[24.003599571,49.846153225]},"properties":{"moid":"3181382204844410333","id":685,"geom":{"type":"Point","coordinates":[24.0035995714485,49.8461532249947]},"x":24.0035995714485,"y":49.8461532249947,"street":"Бортнянського Д.","housenum":"20","editor_id":null,"uid":null,"editor_date":null,"cdate":"2023-08-31T08:25:34","settlement":"Львів","district":"Залізничний","street_type":"вулиця","address_coment":null,"object_type":"дитячий","object_area":"223","object_comment":null,"holder":"ЛКП \"Левандівка\"","holder_id":"20809229"}},{"type":"Feature","geometry":{"type":"Point","coordinates":[24.000505792,49.845323888]},"properties":{"moid":"3181382204844410334","id":686,"geom":{"type":"Point","coordinates":[24.0005057918143,49.8453238877851]},"x":24.0005057918143,"y":49.8453238877851,"street":"Бортнянського Д.","housenum":"37","editor_id":null,"uid":null,"editor_date":null,"cdate":"2023-08-31T08:25:34","settlement":"Львів","district":"Залізничний","street_type":"вулиця","address_coment":null,"object_type":"дитячий","object_area":"144","object_comment":null,"holder":"ЛКП \"Левандівка\"","holder_id":"20809229"}},{"type":"Feature","geometry":{"type":"Point","coordinates":[24.001356976,49.844113338]},"properties":{"moid":"3181382204844410335","id":687,"geom":{"type":"Point","coordinates":[24.0013569762715,49.8441133375142]},"x":24.0013569762715,"y":49.8441133375142,"street":"Братів Дужих","housenum":"21","editor_id":null,"uid":null,"editor_date":null,"cdate":"2023-08-31T08:25:34","settlement":"Львів","district":"Залізничний","street_type":"вулиця","address_coment":null,"object_type":"дитячо-спортивний","object_area":"600","object_comment":null,"holder":"ЛКП \"Левандівка\"","holder_id":"20809229"}},{"type":"Feature","geometry":{"type":"Point","coordinates":[24.005362462,49.842093614]},"properties":{"moid":"3181382204844410336","id":688,"geom":{"type":"Point","coordinates":[24.0053624624991,49.8420936139103]},"x":24.0053624624991,"y":49.8420936139103,"street":"Вернигори","housenum":"38","editor_id":null,"uid":null,"editor_date":null,"cdate":"2023-08-31T08:25:34","settlement":"Львів","district":"Залізничний","street_type":"вулиця","address_coment":null,"object_type":"дитячий","object_area":"105","object_comment":null,"holder":"ЛКП \"Левандівка\"","holder_id":"20809229"}},{"type":"Feature","geometry":{"type":"Point","coordinates":[24.008159845,49.840664038]},"properties":{"moid":"3181382204844410337","id":689,"geom":{"type":"Point","coordinates":[24.0081598447439,49.8406640381502]},"x":24.0081598447439,"y":49.8406640381502,"street":"Одеська","housenum":"18","editor_id":null,"uid":null,"editor_date":null,"cdate":"2023-08-31T08:25:34","settlement":"Львів","district":"Залізничний","street_type":"вулиця","address_coment":null,"object_type":"дитячий","object_area":"318.7","object_comment":null,"holder":"ЛКП \"Левандівка\"","holder_id":"20809229"}},{"type":"Feature","geometry":{"type":"Point","coordinates":[23.976865861,49.822864285]},"properties":{"moid":"3181382204844410338","id":690,"geom":{"type":"Point","coordinates":[23.9768658612387,49.8228642854389]},"x":23.9768658612387,"y":49.8228642854389,"street":"Любінська","housenum":"89а","editor_id":null,"uid":null,"editor_date":null,"cdate":"2023-08-31T08:25:34","settlement":"Львів","district":"Залізничний","street_type":"вулиця","address_coment":null,"object_type":"дитячий","object_area":"504","object_comment":null,"holder":"ЛКП \"Сигнівка\"","holder_id":"20826452"}},{"type":"Feature","geometry":{"type":"Point","coordinates":[23.973873831,49.818320263]},"properties":{"moid":"3181382204844410339","id":691,"geom":{"type":"Point","coordinates":[23.9738738310034,49.8183202627317]},"x":23.9738738310034,"y":49.8183202627317,"street":"Кульчицької О.","housenum":"11","editor_id":null,"uid":null,"editor_date":null,"cdate":"2023-08-31T08:25:34","settlement":"Львів","district":"Залізничний","street_type":"вулиця","address_coment":"вул. Кульчицької О., 11; вул. Кульчицької О., 13; вул. Кульчицької О., 15","object_type":"дитячий","object_area":"1006","object_comment":null,"holder":"ЛКП \"Сигнівка\"","holder_id":"20826452"}},{"type":"Feature","geometry":{"type":"Point","coordinates":[23.971590889,49.819523018]},"properties":{"moid":"3181382204844410340","id":692,"geom":{"type":"Point","coordinates":[23.9715908890323,49.8195230179821]},"x":23.9715908890323,"y":49.8195230179821,"street":"Любінська","housenum":"103","editor_id":null,"uid":null,"editor_date":null,"cdate":"2023-08-31T08:25:34","settlement":"Львів","district":"Залізничний","street_type":"вулиця","address_coment":"вул. Любінська, 103 - вул. Любінська, 101б","object_type":"дитячий","object_area":"740","object_comment":null,"holder":"ЛКП \"Сигнівка\"","holder_id":"20826452"}},{"type":"Feature","geometry":{"type":"Point","coordinates":[23.97897226,49.821537867]},"properties":{"moid":"3181382204844410341","id":693,"geom":{"type":"Point","coordinates":[23.9789722604425,49.8215378667486]},"x":23.9789722604425,"y":49.8215378667486,"street":"Петлюри С.","housenum":"2а","editor_id":null,"uid":null,"editor_date":null,"cdate":"2023-08-31T08:25:34","settlement":"Львів","district":"Залізничний","street_type":"вулиця","address_coment":null,"object_type":"дитячий","object_area":"845","object_comment":null,"holder":"ЛКП \"Сигнівка\"","holder_id":"20826452"}},{"type":"Feature","geometry":{"type":"Point","coordinates":[23.974299086,49.817009109]},"properties":{"moid":"3181382204844410342","id":694,"geom":{"type":"Point","coordinates":[23.974299086216,49.8170091089167]},"x":23.974299086216,"y":49.8170091089167,"street":"Кульчицької О.","housenum":"6","editor_id":null,"uid":null,"editor_date":null,"cdate":"2023-08-31T08:25:34","settlement":"Львів","district":"Залізничний","street_type":"вулиця","address_coment":null,"object_type":"дитячий","object_area":"210","object_comment":null,"holder":"ЛКП \"Сигнівка\"","holder_id":"20826452"}},{"type":"Feature","geometry":{"type":"Point","coordinates":[23.977880972,49.817116213]},"properties":{"moid":"3181382204844410343","id":695,"geom":{"type":"Point","coordinates":[23.9778809722222,49.8171162126968]},"x":23.9778809722222,"y":49.8171162126968,"street":"Кульчицької О.","housenum":"14","editor_id":null,"uid":null,"editor_date":null,"cdate":"2023-08-31T08:25:34","settlement":"Львів","district":"Залізничний","street_type":"вулиця","address_coment":null,"object_type":"дитячий","object_area":"266","object_comment":null,"holder":"ЛКП \"Сигнівка\"","holder_id":"20826452"}},{"type":"Feature","geometry":{"type":"Point","coordinates":[23.961025007,49.822319319]},"properties":{"moid":"3181382204844410344","id":696,"geom":{"type":"Point","coordinates":[23.9610250068686,49.8223193185194]},"x":23.9610250068686,"y":49.8223193185194,"street":"Патона Є.","housenum":"27","editor_id":null,"uid":null,"editor_date":null,"cdate":"2023-08-31T08:25:34","settlement":"Львів","district":"Залізничний","street_type":"вулиця","address_coment":null,"object_type":"дитячий","object_area":"252","object_comment":null,"holder":"ЛКП \"Сигнівка\"","holder_id":"20826452"}},{"type":"Feature","geometry":{"type":"Point","coordinates":[23.967274614,49.822107946]},"properties":{"moid":"3181382204844410345","id":697,"geom":{"type":"Point","coordinates":[23.9672746135608,49.8221079464814]},"x":23.9672746135608,"y":49.8221079464814,"street":"Виговського І.","housenum":"72","editor_id":null,"uid":null,"editor_date":null,"cdate":"2023-08-31T08:25:34","settlement":"Львів","district":"Залізничний","street_type":"вулиця","address_coment":"вул. Виговського І., 72 - вул. Кричевського М., 65","object_type":"дитячий","object_area":"510","object_comment":null,"holder":"ЛКП \"Сигнівка\"","holder_id":"20826452"}},{"type":"Feature","geometry":{"type":"Point","coordinates":[23.960812961,49.822824085]},"properties":{"moid":"3181382204844410346","id":698,"geom":{"type":"Point","coordinates":[23.9608129607473,49.8228240854706]},"x":23.9608129607473,"y":49.8228240854706,"street":"Патона Є.","housenum":"31","editor_id":null,"uid":null,"editor_date":null,"cdate":"2023-08-31T08:25:34","settlement":"Львів","district":"Залізничний","street_type":"вулиця","address_coment":null,"object_type":"дитячий","object_area":"503","object_comment":null,"holder":"ЛКП \"Сигнівка\"","holder_id":"20826452"}},{"type":"Feature","geometry":{"type":"Point","coordinates":[23.959244523,49.821486655]},"properties":{"moid":"3181382204844410347","id":699,"geom":{"type":"Point","coordinates":[23.959244522842,49.821486655138]},"x":23.959244522842,"y":49.821486655138,"street":"Ряшівська","housenum":"13","editor_id":null,"uid":null,"editor_date":null,"cdate":"2023-08-31T08:25:34","settlement":"Львів","district":"Залізничний","street_type":"вулиця","address_coment":"вул. Ряшівська, 13-15","object_type":"дитячий","object_area":"795.5","object_comment":null,"holder":"ЛКП \"Сигнівка\"","holder_id":"20826452"}},{"type":"Feature","geometry":{"type":"Point","coordinates":[23.965306137,49.820103804]},"properties":{"moid":"3181382204844410348","id":700,"geom":{"type":"Point","coordinates":[23.965306136882,49.8201038038681]},"x":23.965306136882,"y":49.8201038038681,"street":"Любінська","housenum":"152","editor_id":null,"uid":null,"editor_date":null,"cdate":"2023-08-31T08:25:34","settlement":"Львів","district":"Залізничний","street_type":"вулиця","address_coment":null,"object_type":"дитячий","object_area":"651","object_comment":null,"holder":"ЛКП \"Сигнівка\"","holder_id":"20826452"}},{"type":"Feature","geometry":{"type":"Point","coordinates":[23.963359851,49.821603192]},"properties":{"moid":"3181382204844410349","id":701,"geom":{"type":"Point","coordinates":[23.9633598506029,49.8216031920852]},"x":23.9633598506029,"y":49.8216031920852,"street":"Патона Є.","housenum":"17","editor_id":null,"uid":null,"editor_date":null,"cdate":"2023-08-31T08:25:34","settlement":"Львів","district":"Залізничний","street_type":"вулиця","address_coment":"вул. Патона Є., 17 - вул. Патона Є., 19","object_type":"дитячий","object_area":"895","object_comment":null,"holder":"ЛКП \"Сигнівка\"","holder_id":"20826452"}},{"type":"Feature","geometry":{"type":"Point","coordinates":[23.965150252,49.822197758]},"properties":{"moid":"3181382204844410350","id":702,"geom":{"type":"Point","coordinates":[23.9651502521865,49.8221977584125]},"x":23.9651502521865,"y":49.8221977584125,"street":"Патона Є.","housenum":"9","editor_id":null,"uid":null,"editor_date":null,"cdate":"2023-08-31T08:25:34","settlement":"Львів","district":"Залізничний","street_type":"вулиця","address_coment":null,"object_type":"дитячий","object_area":"840","object_comment":null,"holder":"ЛКП \"Сигнівка\"","holder_id":"20826452"}},{"type":"Feature","geometry":{"type":"Point","coordinates":[23.963773795,49.822545367]},"properties":{"moid":"3181382204844410351","id":703,"geom":{"type":"Point","coordinates":[23.9637737951968,49.8225453665463]},"x":23.9637737951968,"y":49.8225453665463,"street":"Патона Є.","housenum":"13","editor_id":null,"uid":null,"editor_date":null,"cdate":"2023-08-31T08:25:34","settlement":"Львів","district":"Залізничний","street_type":"вулиця","address_coment":"вул. Патона Є., 13; вул. Патона Є., 15; вул. Патона Є., 17","object_type":"дитячий","object_area":"470","object_comment":null,"holder":"ЛКП \"Сигнівка\"","holder_id":"20826452"}},{"type":"Feature","geometry":{"type":"Point","coordinates":[23.973406072,49.820790877]},"properties":{"moid":"3181382204844410352","id":704,"geom":{"type":"Point","coordinates":[23.9734060716847,49.8207908765629]},"x":23.9734060716847,"y":49.8207908765629,"street":"Любінська","housenum":"97а","editor_id":null,"uid":null,"editor_date":null,"cdate":"2023-08-31T08:25:34","settlement":"Львів","district":"Залізничний","street_type":"вулиця","address_coment":null,"object_type":"спортивний","object_area":"270","object_comment":null,"holder":"ЛКП \"Сигнівка\"","holder_id":"20826452"}},{"type":"Feature","geometry":{"type":"Point","coordinates":[23.973944975,49.821526622]},"properties":{"moid":"3181382204852798961","id":705,"geom":{"type":"Point","coordinates":[23.9739449752071,49.8215266218611]},"x":23.9739449752071,"y":49.8215266218611,"street":"Любінська","housenum":"93","editor_id":null,"uid":null,"editor_date":null,"cdate":"2023-08-31T08:25:34","settlement":"Львів","district":"Залізничний","street_type":"вулиця","address_coment":null,"object_type":"дитячий","object_area":"1400","object_comment":null,"holder":"ЛКП \"Сигнівка\"","holder_id":"20826452"}},{"type":"Feature","geometry":{"type":"Point","coordinates":[23.961025007,49.822319319]},"properties":{"moid":"3181382204852798962","id":706,"geom":{"type":"Point","coordinates":[23.9610250068686,49.8223193185194]},"x":23.9610250068686,"y":49.8223193185194,"street":"Патона Є.","housenum":"27","editor_id":null,"uid":null,"editor_date":null,"cdate":"2023-08-31T08:25:34","settlement":"Львів","district":"Залізничний","street_type":"вулиця","address_coment":null,"object_type":"спортивний","object_area":"500","object_comment":null,"holder":"ЛКП \"Сигнівка\"","holder_id":"20826452"}},{"type":"Feature","geometry":{"type":"Point","coordinates":[23.979207402,49.81977374]},"properties":{"moid":"3181382204852798963","id":707,"geom":{"type":"Point","coordinates":[23.9792074015717,49.8197737401269]},"x":23.9792074015717,"y":49.8197737401269,"street":"Петлюри С.","housenum":"28","editor_id":null,"uid":null,"editor_date":null,"cdate":"2023-08-31T08:25:34","settlement":"Львів","district":"Залізничний","street_type":"вулиця","address_coment":"вул. Петлюри С., 28 -вул. Петтлюри С., 30","object_type":"дитячий","object_area":"412","object_comment":null,"holder":"ЛКП \"Сигнівка\"","holder_id":"20826452"}},{"type":"Feature","geometry":{"type":"Point","coordinates":[23.973437217,49.815992635]},"properties":{"moid":"3181382204852798964","id":708,"geom":{"type":"Point","coordinates":[23.9734372172584,49.8159926351094]},"x":23.9734372172584,"y":49.8159926351094,"street":"Виговського І.","housenum":"49","editor_id":null,"uid":null,"editor_date":null,"cdate":"2023-08-31T08:25:34","settlement":"Львів","district":"Залізничний","street_type":"вулиця","address_coment":"вул. Виговського І., 49; вул. Виговського І., 51 - вул. Кульчицької О., 8","object_type":"дитячий","object_area":"180","object_comment":null,"holder":"ЛКП \"Сигнівка\"","holder_id":"20826452"}},{"type":"Feature","geometry":{"type":"Point","coordinates":[23.966400003,49.820236445]},"properties":{"moid":"3181382204852798965","id":709,"geom":{"type":"Point","coordinates":[23.9664000032064,49.8202364453903]},"x":23.9664000032064,"y":49.8202364453903,"street":"Любінська","housenum":"150","editor_id":null,"uid":null,"editor_date":null,"cdate":"2023-08-31T08:25:34","settlement":"Львів","district":"Залізничний","street_type":"вулиця","address_coment":null,"object_type":"дитячий","object_area":"345","object_comment":null,"holder":"ЛКП \"Сигнівка\"","holder_id":"20826452"}},{"type":"Feature","geometry":{"type":"Point","coordinates":[23.979178456,49.820295478]},"properties":{"moid":"3181382204852798966","id":710,"geom":{"type":"Point","coordinates":[23.9791784559759,49.8202954784174]},"x":23.9791784559759,"y":49.8202954784174,"street":"Петлюри С.","housenum":"18а","editor_id":null,"uid":null,"editor_date":null,"cdate":"2023-08-31T08:25:34","settlement":"Львів","district":"Залізничний","street_type":"вулиця","address_coment":"вул. Петлюри С., 18а; вул. Петлюри С., 18б; вул. Петлюри С., 18в","object_type":"дитячо-спортивний","object_area":"1500","object_comment":null,"holder":"ЛКП \"Сигнівка\"","holder_id":"20826452"}},{"type":"Feature","geometry":{"type":"Point","coordinates":[23.964156021,49.8194116]},"properties":{"moid":"3181382204852798967","id":711,"geom":{"type":"Point","coordinates":[23.9641560207798,49.8194115996297]},"x":23.9641560207798,"y":49.8194115996297,"street":"Любінська","housenum":"160б","editor_id":null,"uid":null,"editor_date":null,"cdate":"2023-08-31T08:25:34","settlement":"Львів","district":"Залізничний","street_type":"вулиця","address_coment":null,"object_type":"дитячий","object_area":"150","object_comment":null,"holder":"ЛКП \"Сигнівка\"","holder_id":"20826452"}},{"type":"Feature","geometry":{"type":"Point","coordinates":[23.961794267,49.818913144]},"properties":{"moid":"3181382204852798968","id":712,"geom":{"type":"Point","coordinates":[23.961794266746,49.8189131437655]},"x":23.961794266746,"y":49.8189131437655,"street":"Любінська","housenum":"164","editor_id":null,"uid":null,"editor_date":null,"cdate":"2023-08-31T08:25:34","settlement":"Львів","district":"Залізничний","street_type":"вулиця","address_coment":null,"object_type":"дитячий","object_area":"441","object_comment":null,"holder":"ЛКП \"Сигнівка\"","holder_id":"20826452"}},{"type":"Feature","geometry":{"type":"Point","coordinates":[23.975575983,49.821120259]},"properties":{"moid":"3181382204852798969","id":713,"geom":{"type":"Point","coordinates":[23.9755759831478,49.8211202590374]},"x":23.9755759831478,"y":49.8211202590374,"street":"Любінська","housenum":"91в","editor_id":null,"uid":null,"editor_date":null,"cdate":"2023-08-31T08:25:34","settlement":"Львів","district":"Залізничний","street_type":"вулиця","address_coment":null,"object_type":"дитячий","object_area":"684","object_comment":null,"holder":"ЛКП \"Сигнівка\"","holder_id":"20826452"}},{"type":"Feature","geometry":{"type":"Point","coordinates":[23.956289745,49.827633298]},"properties":{"moid":"3181382204852798970","id":714,"geom":{"type":"Point","coordinates":[23.956289745115,49.8276332976944]},"x":23.956289745115,"y":49.8276332976944,"street":"Дозвільна","housenum":"1","editor_id":null,"uid":null,"editor_date":null,"cdate":"2023-08-31T08:25:34","settlement":"Львів","district":"Залізничний","street_type":"вулиця","address_coment":null,"object_type":"дитячий","object_area":"800","object_comment":null,"holder":"ЛКП \"Сигнівка\"","holder_id":"20826452"}},{"type":"Feature","geometry":{"type":"Point","coordinates":[23.95207535,49.827161658]},"properties":{"moid":"3181382204852798971","id":715,"geom":{"type":"Point","coordinates":[23.952075350382,49.8271616578563]},"x":23.952075350382,"y":49.8271616578563,"street":"Городоцька","housenum":"313","editor_id":null,"uid":null,"editor_date":null,"cdate":"2023-08-31T08:25:34","settlement":"Львів","district":"Залізничний","street_type":"вулиця","address_coment":null,"object_type":"дитячий","object_area":"210","object_comment":null,"holder":"ЛКП \"Сигнівка\"","holder_id":"20826452"}},{"type":"Feature","geometry":{"type":"Point","coordinates":[23.951573752,49.827046604]},"properties":{"moid":"3181382204852798972","id":716,"geom":{"type":"Point","coordinates":[23.95157375211,49.8270466043713]},"x":23.95157375211,"y":49.8270466043713,"street":"Городоцька","housenum":"315","editor_id":null,"uid":null,"editor_date":null,"cdate":"2023-08-31T08:25:34","settlement":"Львів","district":"Залізничний","street_type":"вулиця","address_coment":null,"object_type":"дитячий","object_area":"852","object_comment":null,"holder":"ЛКП \"Сигнівка\"","holder_id":"20826452"}},{"type":"Feature","geometry":{"type":"Point","coordinates":[23.950907339,49.826935425]},"properties":{"moid":"3181382204852798973","id":717,"geom":{"type":"Point","coordinates":[23.9509073394911,49.8269354249148]},"x":23.9509073394911,"y":49.8269354249148,"street":"Городоцька","housenum":"317","editor_id":null,"uid":null,"editor_date":null,"cdate":"2023-08-31T08:25:34","settlement":"Львів","district":"Залізничний","street_type":"вулиця","address_coment":null,"object_type":"дитячий","object_area":"591","object_comment":null,"holder":"ЛКП \"Сигнівка\"","holder_id":"20826452"}},{"type":"Feature","geometry":{"type":"Point","coordinates":[23.950241798,49.826810979]},"properties":{"moid":"3181382204852798974","id":718,"geom":{"type":"Point","coordinates":[23.9502417976896,49.8268109786304]},"x":23.9502417976896,"y":49.8268109786304,"street":"Городоцька","housenum":"319","editor_id":null,"uid":null,"editor_date":null,"cdate":"2023-08-31T08:25:34","settlement":"Львів","district":"Залізничний","street_type":"вулиця","address_coment":null,"object_type":"дитячий","object_area":"319","object_comment":null,"holder":"ЛКП \"Сигнівка\"","holder_id":"20826452"}},{"type":"Feature","geometry":{"type":"Point","coordinates":[23.930454748,49.824249235]},"properties":{"moid":"3181382204852798975","id":719,"geom":{"type":"Point","coordinates":[23.9304547475954,49.8242492350561]},"x":23.9304547475954,"y":49.8242492350561,"street":"Городоцька","housenum":"280","editor_id":null,"uid":null,"editor_date":null,"cdate":"2023-08-31T08:25:34","settlement":"Львів","district":"Залізничний","street_type":"вулиця","address_coment":null,"object_type":"дитячий","object_area":"946","object_comment":null,"holder":"ЛКП \"Сигнівка\"","holder_id":"20826452"}},{"type":"Feature","geometry":{"type":"Point","coordinates":[23.965037933,49.823891688]},"properties":{"moid":"3181382204852798976","id":720,"geom":{"type":"Point","coordinates":[23.9650379334797,49.8238916879063]},"x":23.9650379334797,"y":49.8238916879063,"street":"Патона Є.","housenum":"2/3","editor_id":null,"uid":null,"editor_date":null,"cdate":"2023-08-31T08:25:34","settlement":"Львів","district":"Залізничний","street_type":"вулиця","address_coment":null,"object_type":"дитячий","object_area":"576","object_comment":null,"holder":"ЛКП \"Сигнівка\"","holder_id":"20826452"}},{"type":"Feature","geometry":{"type":"Point","coordinates":[23.956271988,49.824871423]},"properties":{"moid":"3181382204852798977","id":721,"geom":{"type":"Point","coordinates":[23.9562719878729,49.8248714225049]},"x":23.9562719878729,"y":49.8248714225049,"street":"Ряшівська","housenum":"7","editor_id":null,"uid":null,"editor_date":null,"cdate":"2023-08-31T08:25:34","settlement":"Львів","district":"Залізничний","street_type":"вулиця","address_coment":"вул. Ряшівська, 7-9","object_type":"дитячо-спортивний","object_area":"1740","object_comment":null,"holder":"ЛКП \"Сигнівка\"","holder_id":"20826452"}},{"type":"Feature","geometry":{"type":"Point","coordinates":[23.962239153,49.829898288]},"properties":{"moid":"3181382204852798978","id":722,"geom":{"type":"Point","coordinates":[23.9622391529059,49.829898287977]},"x":23.9622391529059,"y":49.829898287977,"street":"Городоцька","housenum":"210","editor_id":null,"uid":null,"editor_date":null,"cdate":"2023-08-31T08:25:34","settlement":"Львів","district":"Залізничний","street_type":"вулиця","address_coment":null,"object_type":"дитячий","object_area":"270","object_comment":null,"holder":"ЛКП \"Сигнівка\"","holder_id":"20826452"}},{"type":"Feature","geometry":{"type":"Point","coordinates":[23.960630443,49.829577679]},"properties":{"moid":"3181382204852798979","id":723,"geom":{"type":"Point","coordinates":[23.9606304432047,49.829577679132]},"x":23.9606304432047,"y":49.829577679132,"street":"Городоцька","housenum":"212","editor_id":null,"uid":null,"editor_date":null,"cdate":"2023-08-31T08:25:34","settlement":"Львів","district":"Залізничний","street_type":"вулиця","address_coment":null,"object_type":"дитячий","object_area":"224","object_comment":null,"holder":"ЛКП \"Сигнівка\"","holder_id":"20826452"}},{"type":"Feature","geometry":{"type":"Point","coordinates":[23.954790106,49.824799778]},"properties":{"moid":"3181382204852798980","id":724,"geom":{"type":"Point","coordinates":[23.9547901064862,49.8247997780081]},"x":23.9547901064862,"y":49.8247997780081,"street":"Каховська","housenum":"15","editor_id":null,"uid":null,"editor_date":null,"cdate":"2023-08-31T08:25:34","settlement":"Львів","district":"Залізничний","street_type":"вулиця","address_coment":"вул. Каховська, 15 - вул. Каховська, 17","object_type":"дитячий","object_area":"300","object_comment":null,"holder":"ЛКП \"Сигнівка\"","holder_id":"20826452"}},{"type":"Feature","geometry":{"type":"Point","coordinates":[23.947525344,49.825485149]},"properties":{"moid":"3181382204852798981","id":725,"geom":{"type":"Point","coordinates":[23.9475253442375,49.8254851489413]},"x":23.9475253442375,"y":49.8254851489413,"street":"Патона Є.","housenum":"34","editor_id":null,"uid":null,"editor_date":null,"cdate":"2023-08-31T08:25:34","settlement":"Львів","district":"Залізничний","street_type":"вулиця","address_coment":"вул. Патона Є., 34; вул. Каховська, 37 - вул. Каховська, 39","object_type":"дитячо-спортивний","object_area":"764","object_comment":null,"holder":"ЛКП \"Сигнівка\"","holder_id":"20826452"}},{"type":"Feature","geometry":{"type":"Point","coordinates":[23.957996904,49.823801185]},"properties":{"moid":"3181382204852798982","id":726,"geom":{"type":"Point","coordinates":[23.9579969036417,49.8238011848934]},"x":23.9579969036417,"y":49.8238011848934,"street":"Патона Є.","housenum":"4","editor_id":null,"uid":null,"editor_date":null,"cdate":"2023-08-31T08:25:34","settlement":"Львів","district":"Залізничний","street_type":"вулиця","address_coment":null,"object_type":"дитячий","object_area":"807","object_comment":null,"holder":"ЛКП \"Сигнівка\"","holder_id":"20826452"}},{"type":"Feature","geometry":{"type":"Point","coordinates":[23.957635153,49.824432754]},"properties":{"moid":"3181382204852798983","id":727,"geom":{"type":"Point","coordinates":[23.9576351528555,49.8244327535309]},"x":23.9576351528555,"y":49.8244327535309,"street":"Патона Є.","housenum":"6а","editor_id":null,"uid":null,"editor_date":null,"cdate":"2023-08-31T08:25:34","settlement":"Львів","district":"Залізничний","street_type":"вулиця","address_coment":null,"object_type":"дитячий","object_area":"380","object_comment":null,"holder":"ЛКП \"Сигнівка\"","holder_id":"20826452"}},{"type":"Feature","geometry":{"type":"Point","coordinates":[23.955910482,49.825638397]},"properties":{"moid":"3181382204852798984","id":728,"geom":{"type":"Point","coordinates":[23.9559104820364,49.8256383967744]},"x":23.9559104820364,"y":49.8256383967744,"street":"Ряшівська","housenum":"5","editor_id":null,"uid":null,"editor_date":null,"cdate":"2023-08-31T08:25:34","settlement":"Львів","district":"Залізничний","street_type":"вулиця","address_coment":null,"object_type":"дитячий","object_area":"192","object_comment":null,"holder":"ЛКП \"Сигнівка\"","holder_id":"20826452"}},{"type":"Feature","geometry":{"type":"Point","coordinates":[23.958778003,49.829147743]},"properties":{"moid":"3181382204852798985","id":729,"geom":{"type":"Point","coordinates":[23.9587780032644,49.8291477430824]},"x":23.9587780032644,"y":49.8291477430824,"street":"Городоцька","housenum":"218","editor_id":null,"uid":null,"editor_date":null,"cdate":"2023-08-31T08:25:34","settlement":"Львів","district":"Залізничний","street_type":"вулиця","address_coment":"вул. Городоцька, 218 - вул. Городоцька, 218а","object_type":"дитячий","object_area":"170","object_comment":null,"holder":"ЛКП \"Сигнівка\"","holder_id":"20826452"}},{"type":"Feature","geometry":{"type":"Point","coordinates":[23.961579356,49.829194223]},"properties":{"moid":"3181382204852798986","id":730,"geom":{"type":"Point","coordinates":[23.961579356138,49.8291942228091]},"x":23.961579356138,"y":49.8291942228091,"street":"Городоцька","housenum":"289","editor_id":null,"uid":null,"editor_date":null,"cdate":"2023-08-31T08:25:34","settlement":"Львів","district":"Залізничний","street_type":"вулиця","address_coment":null,"object_type":"дитячий","object_area":"420","object_comment":null,"holder":"ЛКП \"Сигнівка\"","holder_id":"20826452"}},{"type":"Feature","geometry":{"type":"Point","coordinates":[23.949207527,49.826737859]},"properties":{"moid":"3181382204852798987","id":731,"geom":{"type":"Point","coordinates":[23.9492075267381,49.8267378594167]},"x":23.9492075267381,"y":49.8267378594167,"street":"Городоцька","housenum":"319а","editor_id":null,"uid":null,"editor_date":null,"cdate":"2023-08-31T08:25:34","settlement":"Львів","district":"Залізничний","street_type":"вулиця","address_coment":null,"object_type":"дитячий","object_area":"260","object_comment":null,"holder":"ЛКП \"Сигнівка\"","holder_id":"20826452"}},{"type":"Feature","geometry":{"type":"Point","coordinates":[23.954302949,49.825910842]},"properties":{"moid":"3181382204852798988","id":732,"geom":{"type":"Point","coordinates":[23.9543029491734,49.8259108417517]},"x":23.9543029491734,"y":49.8259108417517,"street":"Каховська","housenum":"6","editor_id":null,"uid":null,"editor_date":null,"cdate":"2023-08-31T08:25:34","settlement":"Львів","district":"Залізничний","street_type":"вулиця","address_coment":"вул. Каховська, 6; вул. Каховська, 8; вул. Каховська, 17","object_type":"дитячий","object_area":"400","object_comment":null,"holder":"ЛКП \"Сигнівка\"","holder_id":"20826452"}},{"type":"Feature","geometry":{"type":"Point","coordinates":[23.93709452,49.828199811]},"properties":{"moid":"3181382204852798989","id":733,"geom":{"type":"Point","coordinates":[23.9370945202101,49.8281998110066]},"x":23.9370945202101,"y":49.8281998110066,"street":"Тернова","housenum":"15","editor_id":null,"uid":null,"editor_date":null,"cdate":"2023-08-31T08:25:34","settlement":"Львів","district":"Залізничний","street_type":"вулиця","address_coment":null,"object_type":"дитячо-спортивний","object_area":"660","object_comment":null,"holder":"ЛКП \"Сигнівка\"","holder_id":"20826452"}},{"type":"Feature","geometry":{"type":"Point","coordinates":[23.978550502,49.814742827]},"properties":{"moid":"3181382204852798990","id":734,"geom":{"type":"Point","coordinates":[23.9785505017259,49.814742826834]},"x":23.9785505017259,"y":49.814742826834,"street":"Виговського І.","housenum":"67","editor_id":null,"uid":null,"editor_date":null,"cdate":"2023-08-31T08:25:34","settlement":"Львів","district":"Залізничний","street_type":"вулиця","address_coment":null,"object_type":"дитячий","object_area":"628","object_comment":null,"holder":"ЛКП \"Сигнівка\"","holder_id":"20826452"}},{"type":"Feature","geometry":{"type":"Point","coordinates":[23.981188957,49.812709153]},"properties":{"moid":"3181382204852798991","id":735,"geom":{"type":"Point","coordinates":[23.9811889571177,49.812709153341]},"x":23.9811889571177,"y":49.812709153341,"street":"Виговського І.","housenum":"83","editor_id":null,"uid":null,"editor_date":null,"cdate":"2023-08-31T08:25:34","settlement":"Львів","district":"Залізничний","street_type":"вулиця","address_coment":"вул. Виговського І., 83 - вул. Виговського І., 89","object_type":"дитячий","object_area":"1650","object_comment":null,"holder":"ЛКП \"Сигнівка\"","holder_id":"20826452"}},{"type":"Feature","geometry":{"type":"Point","coordinates":[23.979607595,49.812256105]},"properties":{"moid":"3181382204852798992","id":736,"geom":{"type":"Point","coordinates":[23.9796075952696,49.8122561052858]},"x":23.9796075952696,"y":49.8122561052858,"street":"Скнилівський пров., 5-й","housenum":"7","editor_id":null,"uid":null,"editor_date":null,"cdate":"2023-08-31T08:25:34","settlement":"Львів","district":"Залізничний","street_type":"провулок","address_coment":"пров. 5-й Скнилівський, 7 - пров. 5-й Скнилівський, 9","object_type":"дитячий","object_area":"600","object_comment":null,"holder":"ЛКП \"Сигнівка\"","holder_id":"20826452"}},{"type":"Feature","geometry":{"type":"Point","coordinates":[23.987271194,49.820061093]},"properties":{"moid":"3181382204852798993","id":737,"geom":{"type":"Point","coordinates":[23.98727119438,49.8200610926991]},"x":23.98727119438,"y":49.8200610926991,"street":"Кульпарківська","housenum":"108б","editor_id":null,"uid":null,"editor_date":null,"cdate":"2023-08-31T08:25:34","settlement":"Львів","district":"Залізничний","street_type":"вулиця","address_coment":null,"object_type":"дитячий","object_area":"324","object_comment":null,"holder":"ЛКП \"Сигнівка\"","holder_id":"20826452"}},{"type":"Feature","geometry":{"type":"Point","coordinates":[23.985533363,49.817826445]},"properties":{"moid":"3181382204852798994","id":738,"geom":{"type":"Point","coordinates":[23.9855333631567,49.8178264451216]},"x":23.9855333631567,"y":49.8178264451216,"street":"Кульпарківська","housenum":"130","editor_id":null,"uid":null,"editor_date":null,"cdate":"2023-08-31T08:25:34","settlement":"Львів","district":"Залізничний","street_type":"вулиця","address_coment":null,"object_type":"дитячий","object_area":"711","object_comment":null,"holder":"ЛКП \"Сигнівка\"","holder_id":"20826452"}},{"type":"Feature","geometry":{"type":"Point","coordinates":[23.984451792,49.816263508]},"properties":{"moid":"3181382204852798995","id":739,"geom":{"type":"Point","coordinates":[23.9844517924447,49.8162635082765]},"x":23.9844517924447,"y":49.8162635082765,"street":"Кульпарківська","housenum":"154","editor_id":null,"uid":null,"editor_date":null,"cdate":"2023-08-31T08:25:34","settlement":"Львів","district":"Залізничний","street_type":"вулиця","address_coment":"вул. Кульпарківська, 154 - вул. Кульпарківська, 156","object_type":"дитячий","object_area":"198","object_comment":null,"holder":"ЛКП \"Сигнівка\"","holder_id":"20826452"}},{"type":"Feature","geometry":{"type":"Point","coordinates":[23.983723899,49.81386258]},"properties":{"moid":"3181382204861187604","id":740,"geom":{"type":"Point","coordinates":[23.9837238994574,49.8138625804135]},"x":23.9837238994574,"y":49.8138625804135,"street":"Кульпарківська","housenum":"158в","editor_id":null,"uid":null,"editor_date":null,"cdate":"2023-08-31T08:25:34","settlement":"Львів","district":"Залізничний","street_type":"вулиця","address_coment":null,"object_type":"дитячий","object_area":"622","object_comment":null,"holder":"ЛКП \"Сигнівка\"","holder_id":"20826452"}},{"type":"Feature","geometry":{"type":"Point","coordinates":[23.983833959,49.815487983]},"properties":{"moid":"3181382204861187605","id":741,"geom":{"type":"Point","coordinates":[23.983833959087,49.8154879827435]},"x":23.983833959087,"y":49.8154879827435,"street":"Кульпарківська","housenum":"160","editor_id":null,"uid":null,"editor_date":null,"cdate":"2023-08-31T08:25:34","settlement":"Львів","district":"Залізничний","street_type":"вулиця","address_coment":null,"object_type":"дитячий","object_area":"675","object_comment":null,"holder":"ЛКП \"Сигнівка\"","holder_id":"20826452"}},{"type":"Feature","geometry":{"type":"Point","coordinates":[23.983398916,49.814316472]},"properties":{"moid":"3181382204861187606","id":742,"geom":{"type":"Point","coordinates":[23.9833989163042,49.8143164720211]},"x":23.9833989163042,"y":49.8143164720211,"street":"Кульпарківська","housenum":"164","editor_id":null,"uid":null,"editor_date":null,"cdate":"2023-08-31T08:25:34","settlement":"Львів","district":"Залізничний","street_type":"вулиця","address_coment":null,"object_type":"дитячий","object_area":"895","object_comment":null,"holder":"ЛКП \"Сигнівка\"","holder_id":"20826452"}},{"type":"Feature","geometry":{"type":"Point","coordinates":[23.983092859,49.813613132]},"properties":{"moid":"3181382204861187607","id":743,"geom":{"type":"Point","coordinates":[23.9830928586605,49.8136131318173]},"x":23.9830928586605,"y":49.8136131318173,"street":"Кульпарківська","housenum":"170","editor_id":null,"uid":null,"editor_date":null,"cdate":"2023-08-31T08:25:34","settlement":"Львів","district":"Залізничний","street_type":"вулиця","address_coment":null,"object_type":"дитячий","object_area":"366","object_comment":null,"holder":"ЛКП \"Сигнівка\"","holder_id":"20826452"}},{"type":"Feature","geometry":{"type":"Point","coordinates":[23.982176779,49.81407582]},"properties":{"moid":"3181382204861187608","id":744,"geom":{"type":"Point","coordinates":[23.9821767791448,49.8140758195452]},"x":23.9821767791448,"y":49.8140758195452,"street":"Кульпарківська","housenum":"172","editor_id":null,"uid":null,"editor_date":null,"cdate":"2023-08-31T08:25:34","settlement":"Львів","district":"Залізничний","street_type":"вулиця","address_coment":null,"object_type":"спортивний","object_area":"549","object_comment":null,"holder":"ЛКП \"Сигнівка\"","holder_id":"20826452"}},{"type":"Feature","geometry":{"type":"Point","coordinates":[23.981159558,49.814344027]},"properties":{"moid":"3181382204861187609","id":745,"geom":{"type":"Point","coordinates":[23.9811595580897,49.8143440271805]},"x":23.9811595580897,"y":49.8143440271805,"street":"Кульпарківська","housenum":"174","editor_id":null,"uid":null,"editor_date":null,"cdate":"2023-08-31T08:25:34","settlement":"Львів","district":"Залізничний","street_type":"вулиця","address_coment":null,"object_type":"дитячий","object_area":"803","object_comment":null,"holder":"ЛКП \"Сигнівка\"","holder_id":"20826452"}},{"type":"Feature","geometry":{"type":"Point","coordinates":[23.983006328,49.812781368]},"properties":{"moid":"3181382204861187610","id":746,"geom":{"type":"Point","coordinates":[23.9830063280082,49.8127813678412]},"x":23.9830063280082,"y":49.8127813678412,"street":"Кульпарківська","housenum":"190","editor_id":null,"uid":null,"editor_date":null,"cdate":"2023-08-31T08:25:34","settlement":"Львів","district":"Залізничний","street_type":"вулиця","address_coment":null,"object_type":"дитячий","object_area":"318","object_comment":null,"holder":"ЛКП \"Сигнівка\"","holder_id":"20826452"}},{"type":"Feature","geometry":{"type":"Point","coordinates":[23.98093737,49.820909415]},"properties":{"moid":"3181382204861187611","id":747,"geom":{"type":"Point","coordinates":[23.9809373702566,49.8209094150568]},"x":23.9809373702566,"y":49.8209094150568,"street":"Петлюри С.","housenum":"29","editor_id":null,"uid":null,"editor_date":null,"cdate":"2023-08-31T08:25:34","settlement":"Львів","district":"Залізничний","street_type":"вулиця","address_coment":null,"object_type":"дитячий","object_area":"336","object_comment":null,"holder":"ЛКП \"Сигнівка\"","holder_id":"20826452"}},{"type":"Feature","geometry":{"type":"Point","coordinates":[23.980750872,49.821840879]},"properties":{"moid":"3181382204861187612","id":748,"geom":{"type":"Point","coordinates":[23.980750872177,49.8218408787898]},"x":23.980750872177,"y":49.8218408787898,"street":"Петлюри С.","housenum":"23","editor_id":null,"uid":null,"editor_date":null,"cdate":"2023-08-31T08:25:34","settlement":"Львів","district":"Залізничний","street_type":"вулиця","address_coment":"вул. Петлюри С., 23; вул. Петлюри С., 27; вул. Петлюри С., 27а - вул. Садова, 29","object_type":"дитячо-спортивний","object_area":"1540","object_comment":null,"holder":"ЛКП \"Сигнівка\"","holder_id":"20826452"}},{"type":"Feature","geometry":{"type":"Point","coordinates":[23.980750872,49.821840879]},"properties":{"moid":"3181382204861187613","id":749,"geom":{"type":"Point","coordinates":[23.980750872177,49.8218408787898]},"x":23.980750872177,"y":49.8218408787898,"street":"Петлюри С.","housenum":"23","editor_id":null,"uid":null,"editor_date":null,"cdate":"2023-08-31T08:25:34","settlement":"Львів","district":"Залізничний","street_type":"вулиця","address_coment":"вул. Петлюри С., 23 - вул. Петлюри С., 29","object_type":"дитячий","object_area":"445","object_comment":null,"holder":"ЛКП \"Сигнівка\"","holder_id":"20826452"}},{"type":"Feature","geometry":{"type":"Point","coordinates":[23.981942314,49.817088957]},"properties":{"moid":"3181382204861187614","id":750,"geom":{"type":"Point","coordinates":[23.9819423143078,49.8170889572412]},"x":23.9819423143078,"y":49.8170889572412,"street":"Петлюри С.","housenum":"34","editor_id":null,"uid":null,"editor_date":null,"cdate":"2023-08-31T08:25:34","settlement":"Львів","district":"Залізничний","street_type":"вулиця","address_coment":null,"object_type":"дитячий","object_area":"1217","object_comment":null,"holder":"ЛКП \"Сигнівка\"","holder_id":"20826452"}},{"type":"Feature","geometry":{"type":"Point","coordinates":[23.981930731,49.819521758]},"properties":{"moid":"3181382204861187615","id":751,"geom":{"type":"Point","coordinates":[23.981930731256,49.8195217579888]},"x":23.981930731256,"y":49.8195217579888,"street":"Петлюри С.","housenum":"37","editor_id":null,"uid":null,"editor_date":null,"cdate":"2023-08-31T08:25:34","settlement":"Львів","district":"Залізничний","street_type":"вулиця","address_coment":null,"object_type":"дитячий","object_area":"976","object_comment":null,"holder":"ЛКП \"Сигнівка\"","holder_id":"20826452"}},{"type":"Feature","geometry":{"type":"Point","coordinates":[23.96212042,49.824023523]},"properties":{"moid":"3181382204861187616","id":752,"geom":{"type":"Point","coordinates":[23.9621204196697,49.8240235232939]},"x":23.9621204196697,"y":49.8240235232939,"street":"Полтави П.","housenum":"34","editor_id":null,"uid":null,"editor_date":null,"cdate":"2023-08-31T08:25:34","settlement":"Львів","district":"Залізничний","street_type":"вулиця","address_coment":"вул. Полтави П., 34 - вул. Сигнівка, 9","object_type":"дитячий","object_area":"120","object_comment":null,"holder":"ЛКП \"Сигнівка\"","holder_id":"20826452"}},{"type":"Feature","geometry":{"type":"Point","coordinates":[23.985984701,49.820528892]},"properties":{"moid":"3181382204861187617","id":753,"geom":{"type":"Point","coordinates":[23.9859847008566,49.8205288915044]},"x":23.9859847008566,"y":49.8205288915044,"street":"Садова","housenum":"9","editor_id":null,"uid":null,"editor_date":null,"cdate":"2023-08-31T08:25:34","settlement":"Львів","district":"Залізничний","street_type":"вулиця","address_coment":null,"object_type":"дитячий","object_area":"988","object_comment":null,"holder":"ЛКП \"Сигнівка\"","holder_id":"20826452"}},{"type":"Feature","geometry":{"type":"Point","coordinates":[23.984550341,49.820843447]},"properties":{"moid":"3181382204861187618","id":754,"geom":{"type":"Point","coordinates":[23.9845503408871,49.8208434468714]},"x":23.9845503408871,"y":49.8208434468714,"street":"Садова","housenum":"13","editor_id":null,"uid":null,"editor_date":null,"cdate":"2023-08-31T08:25:34","settlement":"Львів","district":"Залізничний","street_type":"вулиця","address_coment":null,"object_type":"дитячо-спортивний","object_area":"573","object_comment":null,"holder":"ЛКП \"Сигнівка\"","holder_id":"20826452"}},{"type":"Feature","geometry":{"type":"Point","coordinates":[23.986506763,49.821207576]},"properties":{"moid":"3181382204861187619","id":755,"geom":{"type":"Point","coordinates":[23.9865067625498,49.8212075756008]},"x":23.9865067625498,"y":49.8212075756008,"street":"Садова","housenum":"20","editor_id":null,"uid":null,"editor_date":null,"cdate":"2023-08-31T08:25:34","settlement":"Львів","district":"Залізничний","street_type":"вулиця","address_coment":null,"object_type":"дитячий","object_area":"784","object_comment":null,"holder":"ЛКП \"Сигнівка\"","holder_id":"20826452"}},{"type":"Feature","geometry":{"type":"Point","coordinates":[23.984572118,49.821894085]},"properties":{"moid":"3181382204861187620","id":756,"geom":{"type":"Point","coordinates":[23.9845721178786,49.8218940852696]},"x":23.9845721178786,"y":49.8218940852696,"street":"Садова","housenum":"25а","editor_id":null,"uid":null,"editor_date":null,"cdate":"2023-08-31T08:25:34","settlement":"Львів","district":"Залізничний","street_type":"вулиця","address_coment":null,"object_type":"дитячий","object_area":"210","object_comment":null,"holder":"ЛКП \"Сигнівка\"","holder_id":"20826452"}},{"type":"Feature","geometry":{"type":"Point","coordinates":[23.904752,49.872983]},"properties":{"moid":"3181382204861187621","id":757,"geom":{"type":"Point","coordinates":[23.904752,49.872983]},"x":23.904752,"y":49.872983,"street":"Незалежності","housenum":null,"editor_id":null,"uid":null,"editor_date":null,"cdate":"2023-08-31T08:25:34","settlement":"Рясне-Руське","district":"Залізничний","street_type":"площа","address_coment":null,"object_type":"дитячий","object_area":"100","object_comment":null,"holder":"ЛКП \"Левандівка\"","holder_id":"20809229"}},{"type":"Feature","geometry":{"type":"Point","coordinates":[23.8753592,49.8726705]},"properties":{"moid":"3181382204861187622","id":758,"geom":{"type":"Point","coordinates":[23.8753592,49.8726705]},"x":23.8753592,"y":49.8726705,"street":"Червоної Калини","housenum":null,"editor_id":null,"uid":null,"editor_date":null,"cdate":"2023-08-31T08:25:34","settlement":"Підрясне","district":"Залізничний","street_type":"вулиця","address_coment":null,"object_type":"дитячий","object_area":"86","object_comment":null,"holder":"ЛКП \"Левандівка\"","holder_id":"20809229"}},{"type":"Feature","geometry":{"type":"Point","coordinates":[23.8785613,49.8379314]},"properties":{"moid":"3181382204861187623","id":759,"geom":{"type":"Point","coordinates":[23.8785613,49.8379314]},"x":23.8785613,"y":49.8379314,"street":"Грушевського М.","housenum":null,"editor_id":null,"uid":null,"editor_date":null,"cdate":"2023-08-31T08:25:34","settlement":"Рудне","district":"Залізничний","street_type":"вулиця","address_coment":"в ліску","object_type":"дитячий","object_area":"2800","object_comment":null,"holder":"ЛКП \"Левандівка\"","holder_id":"20809229"}},{"type":"Feature","geometry":{"type":"Point","coordinates":[23.8891506,49.8404536]},"properties":{"moid":"3181382204861187624","id":760,"geom":{"type":"Point","coordinates":[23.8891506,49.8404536]},"x":23.8891506,"y":49.8404536,"street":"Мазепи І.","housenum":"76","editor_id":null,"uid":null,"editor_date":null,"cdate":"2023-08-31T08:25:34","settlement":"Рудне","district":"Залізничний","street_type":"вулиця","address_coment":null,"object_type":"дитячий","object_area":"150","object_comment":null,"holder":"ЛКП \"Левандівка\"","holder_id":"20809229"}},{"type":"Feature","geometry":{"type":"Point","coordinates":[23.8627254,49.8407456]},"properties":{"moid":"3181382204861187625","id":761,"geom":{"type":"Point","coordinates":[23.8627254,49.8407456]},"x":23.8627254,"y":49.8407456,"street":"Драгоманова","housenum":null,"editor_id":null,"uid":null,"editor_date":null,"cdate":"2023-08-31T08:25:34","settlement":"Рудне","district":"Залізничний","street_type":"вулиця","address_coment":"вул. Драгоманова - вул. Квіткова","object_type":"дитячий","object_area":"660","object_comment":null,"holder":"ЛКП \"Левандівка\"","holder_id":"20809229"}},{"type":"Feature","geometry":{"type":"Point","coordinates":[23.870372886,49.844719894]},"properties":{"moid":"3181382204861187626","id":762,"geom":{"type":"Point","coordinates":[23.870372886217353,49.84471989417719]},"x":23.870372886217353,"y":49.84471989417719,"street":"Дитяча","housenum":null,"editor_id":null,"uid":null,"editor_date":null,"cdate":"2023-08-31T08:25:34","settlement":"Рудне","district":"Залізничний","street_type":"вулиця","address_coment":"вул. Дитяча - вул. Бічна Лісна","object_type":"дитячий","object_area":"390","object_comment":null,"holder":"ЛКП \"Левандівка\"","holder_id":"20809229"}},{"type":"Feature","geometry":{"type":"Point","coordinates":[23.8671886,49.8373999]},"properties":{"moid":"3181382204861187627","id":763,"geom":{"type":"Point","coordinates":[23.8671886,49.8373999]},"x":23.8671886,"y":49.8373999,"street":"Залізнична","housenum":null,"editor_id":null,"uid":null,"editor_date":null,"cdate":"2023-08-31T08:25:34","settlement":"Рудне","district":"Залізничний","street_type":"вулиця","address_coment":null,"object_type":"дитячий","object_area":"90","object_comment":null,"holder":"ЛКП \"Левандівка\"","holder_id":"20809229"}},{"type":"Feature","geometry":{"type":"Point","coordinates":[23.8725845,49.839314]},"properties":{"moid":"3181382204861187628","id":764,"geom":{"type":"Point","coordinates":[23.8725845,49.839314]},"x":23.8725845,"y":49.839314,"street":"Івасюка","housenum":null,"editor_id":null,"uid":null,"editor_date":null,"cdate":"2023-08-31T08:25:34","settlement":"Рудне","district":"Залізничний","street_type":"вулиця","address_coment":"вул. Івасюка - вул. Шевченка Т.","object_type":"дитячий","object_area":"1600","object_comment":null,"holder":"ЛКП \"Левандівка\"","holder_id":"20809229"}},{"type":"Feature","geometry":{"type":"Point","coordinates":[23.8957654,49.8375656]},"properties":{"moid":"3181382204861187629","id":765,"geom":{"type":"Point","coordinates":[23.8957654,49.8375656]},"x":23.8957654,"y":49.8375656,"street":"Коновальця Є.","housenum":null,"editor_id":null,"uid":null,"editor_date":null,"cdate":"2023-08-31T08:25:34","settlement":"Рудне","district":"Залізничний","street_type":"вулиця","address_coment":null,"object_type":"дитячий","object_area":"650","object_comment":null,"holder":"ЛКП \"Левандівка\"","holder_id":"20809229"}},{"type":"Feature","geometry":{"type":"Point","coordinates":[23.8727911,49.8446826]},"properties":{"moid":"3181382204861187630","id":766,"geom":{"type":"Point","coordinates":[23.8727911,49.8446826]},"x":23.8727911,"y":49.8446826,"street":"Лісна","housenum":null,"editor_id":null,"uid":null,"editor_date":null,"cdate":"2023-08-31T08:25:34","settlement":"Рудне","district":"Залізничний","street_type":"вулиця","address_coment":"вул. Лісна - вул. Піскова","object_type":"дитячий","object_area":"320","object_comment":null,"holder":"ЛКП \"Левандівка\"","holder_id":"20809229"}},{"type":"Feature","geometry":{"type":"Point","coordinates":[23.8748891,49.8440786]},"properties":{"moid":"3181382204861187631","id":767,"geom":{"type":"Point","coordinates":[23.8748891,49.8440786]},"x":23.8748891,"y":49.8440786,"street":"Лісна","housenum":null,"editor_id":null,"uid":null,"editor_date":null,"cdate":"2023-08-31T08:25:34","settlement":"Рудне","district":"Залізничний","street_type":"вулиця","address_coment":"біля каплички","object_type":"дитячий","object_area":"576","object_comment":null,"holder":"ЛКП \"Левандівка\"","holder_id":"20809229"}},{"type":"Feature","geometry":{"type":"Point","coordinates":[23.8956278,49.8354799]},"properties":{"moid":"3181382204861187632","id":768,"geom":{"type":"Point","coordinates":[23.8956278,49.8354799]},"x":23.8956278,"y":49.8354799,"street":"Коновальця Є.","housenum":"60","editor_id":null,"uid":null,"editor_date":null,"cdate":"2023-08-31T08:25:34","settlement":"Рудне","district":"Залізничний","street_type":"вулиця","address_coment":null,"object_type":"дитячий","object_area":"380","object_comment":null,"holder":"ЛКП \"Левандівка\"","holder_id":"20809229"}},{"type":"Feature","geometry":{"type":"Point","coordinates":[23.8811763,49.8351571]},"properties":{"moid":"3181382204861187633","id":769,"geom":{"type":"Point","coordinates":[23.8811763,49.8351571]},"x":23.8811763,"y":49.8351571,"street":"Озерна","housenum":null,"editor_id":null,"uid":null,"editor_date":null,"cdate":"2023-08-31T08:25:34","settlement":"Рудне","district":"Залізничний","street_type":"вулиця","address_coment":null,"object_type":"дитячий","object_area":"449","object_comment":null,"holder":"ЛКП \"Левандівка\"","holder_id":"20809229"}},{"type":"Feature","geometry":{"type":"Point","coordinates":[23.8665663,49.8419297]},"properties":{"moid":"3181382204861187634","id":770,"geom":{"type":"Point","coordinates":[23.8665663,49.8419297]},"x":23.8665663,"y":49.8419297,"street":"Садова","housenum":null,"editor_id":null,"uid":null,"editor_date":null,"cdate":"2023-08-31T08:25:34","settlement":"Рудне","district":"Залізничний","street_type":"вулиця","address_coment":null,"object_type":"дитячий","object_area":"97.5","object_comment":null,"holder":"ЛКП \"Левандівка\"","holder_id":"20809229"}},{"type":"Feature","geometry":{"type":"Point","coordinates":[24.03886099,49.814581305]},"properties":{"moid":"3181382204861187635","id":771,"geom":{"type":"Point","coordinates":[24.0388609895553,49.8145813050103]},"x":24.0388609895553,"y":49.8145813050103,"street":"Тернопільська","housenum":"13а","editor_id":null,"uid":null,"editor_date":null,"cdate":"2023-08-31T08:25:34","settlement":"Львів","district":"Сихівський","street_type":"вулиця","address_coment":null,"object_type":"спортивний","object_area":"1630","object_comment":null,"holder":"ЛКП \"Спортресурс\"","holder_id":"33073600"}},{"type":"Feature","geometry":{"type":"Point","coordinates":[24.030397653,49.845864665]},"properties":{"moid":"3181382204861187636","id":772,"geom":{"type":"Point","coordinates":[24.0303976528209,49.845864665284]},"x":24.0303976528209,"y":49.845864665284,"street":"Чорноморська","housenum":"12","editor_id":null,"uid":null,"editor_date":null,"cdate":"2023-08-31T08:25:34","settlement":"Львів","district":"Галицький","street_type":"вулиця","address_coment":null,"object_type":"дитячо-спортивний","object_area":"1375","object_comment":null,"holder":"ЛКП \"Спортресурс\"","holder_id":"33073600"}},{"type":"Feature","geometry":{"type":"Point","coordinates":[24.035644949,49.839116125]},"properties":{"moid":"3181382204861187637","id":773,"geom":{"type":"Point","coordinates":[24.0356449489839,49.8391161252767]},"x":24.0356449489839,"y":49.8391161252767,"street":"Винниченка В.","housenum":"4","editor_id":null,"uid":null,"editor_date":null,"cdate":"2023-08-31T08:25:34","settlement":"Львів","district":"Галицький","street_type":"вулиця","address_coment":"вул. Винниченка В., 4 - вул. Підвальна, 4","object_type":"дитячо-спортивний","object_area":"3105","object_comment":"(636 + 780 + 864 + 825) м.кв.","holder":"ЛКП \"Спортресурс\"","holder_id":"33073600"}},{"type":"Feature","geometry":{"type":"Point","coordinates":[24.029946383,49.831390188]},"properties":{"moid":"3181382204861187638","id":774,"geom":{"type":"Point","coordinates":[24.0299463832889,49.8313901880047]},"x":24.0299463832889,"y":49.8313901880047,"street":"Кирила і Мефодія","housenum":"27","editor_id":null,"uid":null,"editor_date":null,"cdate":"2023-08-31T08:25:34","settlement":"Львів","district":"Галицький","street_type":"вулиця","address_coment":null,"object_type":"спортивний","object_area":"730","object_comment":null,"holder":"ЛКП \"Спортресурс\"","holder_id":"33073600"}},{"type":"Feature","geometry":{"type":"Point","coordinates":[24.03030598,49.84830827]},"properties":{"moid":"3181382204861187639","id":775,"geom":{"type":"Point","coordinates":[24.030305980300792,49.84830827023798]},"x":24.030305980300792,"y":49.84830827023798,"street":"Замкова","housenum":null,"editor_id":null,"uid":null,"editor_date":null,"cdate":"2023-08-31T08:25:34","settlement":"Львів","district":"Галицький","street_type":"вулиця","address_coment":"вул. Замкова - вул. Смерекова","object_type":"спортивний","object_area":"2662","object_comment":null,"holder":"ЛКП \"Спортресурс\"","holder_id":"33073600"}},{"type":"Feature","geometry":{"type":"Point","coordinates":[24.00737181,49.839561663]},"properties":{"moid":"3181382204861187640","id":776,"geom":{"type":"Point","coordinates":[24.0073718100368,49.8395616628125]},"x":24.0073718100368,"y":49.8395616628125,"street":"Марка Вовчка","housenum":"3","editor_id":null,"uid":null,"editor_date":null,"cdate":"2023-08-31T08:25:34","settlement":"Львів","district":"Залізничний","street_type":"вулиця","address_coment":null,"object_type":"спортивний","object_area":"1367","object_comment":null,"holder":"ЛКП \"Спортресурс\"","holder_id":"33073600"}},{"type":"Feature","geometry":{"type":"Point","coordinates":[24.041839142,49.829090971]},"properties":{"moid":"3181382204861187641","id":777,"geom":{"type":"Point","coordinates":[24.0418391424051,49.8290909710023]},"x":24.0418391424051,"y":49.8290909710023,"street":"Сліпого Й.","housenum":"33","editor_id":null,"uid":null,"editor_date":null,"cdate":"2023-08-31T08:25:34","settlement":"Львів","district":"Личаківський","street_type":"вулиця","address_coment":null,"object_type":"спортивний","object_area":"4795","object_comment":null,"holder":"ЛКП \"Спортресурс\"","holder_id":"33073600"}},{"type":"Feature","geometry":{"type":"Point","coordinates":[24.00155434,49.83176911]},"properties":{"moid":"3181382204861187642","id":778,"geom":{"type":"Point","coordinates":[24.0015543401811,49.831769110338]},"x":24.0015543401811,"y":49.831769110338,"street":"Антоновича В.","housenum":"49","editor_id":null,"uid":null,"editor_date":null,"cdate":"2023-08-31T08:25:34","settlement":"Львів","district":"Франківський","street_type":"вулиця","address_coment":"вул. Антоновича В., 49-53","object_type":"дитячо-спортивний","object_area":"810","object_comment":null,"holder":"ЛКП \"Спортресурс\"","holder_id":"33073600"}},{"type":"Feature","geometry":{"type":"Point","coordinates":[23.997897483,49.815048657]},"properties":{"moid":"3181382204861187643","id":779,"geom":{"type":"Point","coordinates":[23.997897482739095,49.81504865698812]},"x":23.997897482739095,"y":49.81504865698812,"street":"Музики Я.","housenum":null,"editor_id":null,"uid":null,"editor_date":null,"cdate":"2023-08-31T08:25:34","settlement":"Львів","district":"Франківський","street_type":"вулиця","address_coment":"вул. Музики Я. - вул. Керамічна","object_type":"спортивний","object_area":"750","object_comment":null,"holder":"ЛКП \"Спортресурс\"","holder_id":"33073600"}},{"type":"Feature","geometry":{"type":"Point","coordinates":[24.007117293,49.808579846]},"properties":{"moid":"3181382204861187644","id":780,"geom":{"type":"Point","coordinates":[24.0071172931695,49.8085798455298]},"x":24.0071172931695,"y":49.8085798455298,"street":"Тролейбусна","housenum":"2","editor_id":null,"uid":null,"editor_date":null,"cdate":"2023-08-31T08:25:34","settlement":"Львів","district":"Франківський","street_type":"вулиця","address_coment":null,"object_type":"спортивний","object_area":"1520","object_comment":"(1200 + 320) м.кв.","holder":"ЛКП \"Спортресурс\"","holder_id":"33073600"}},{"type":"Feature","geometry":{"type":"Point","coordinates":[24.033690891,49.877756239]},"properties":{"moid":"3181382204861187645","id":781,"geom":{"type":"Point","coordinates":[24.0336908908684,49.87775623881]},"x":24.0336908908684,"y":49.87775623881,"street":"Орлика П.","housenum":"5б","editor_id":null,"uid":null,"editor_date":null,"cdate":"2023-08-31T08:25:34","settlement":"Львів","district":"Шевченківський","street_type":"вулиця","address_coment":null,"object_type":"спортивний","object_area":"970","object_comment":null,"holder":"ЛКП \"Спортресурс\"","holder_id":"33073600"}},{"type":"Feature","geometry":{"type":"Point","coordinates":[24.014143018,49.830984214]},"properties":{"moid":"3181382204861187646","id":782,"geom":{"type":"Point","coordinates":[24.0141430182401,49.8309842143781]},"x":24.0141430182401,"y":49.8309842143781,"street":"Кастелівка","housenum":"8","editor_id":null,"uid":null,"editor_date":null,"cdate":"2023-08-31T08:25:34","settlement":"Львів","district":"Франківський","street_type":"вулиця","address_coment":null,"object_type":"спортивний комплекс","object_area":"11558","object_comment":null,"holder":"ЛКП \"Спортресурс\"","holder_id":"33073600"}},{"type":"Feature","geometry":{"type":"Point","coordinates":[24.016930662,49.859009823]},"properties":{"moid":"3181382204861187647","id":783,"geom":{"type":"Point","coordinates":[24.0169306619434,49.8590098226486]},"x":24.0169306619434,"y":49.8590098226486,"street":"Кошиця О.","housenum":"4","editor_id":null,"uid":null,"editor_date":null,"cdate":"2023-08-31T08:25:34","settlement":"Львів","district":"Шевченківський","street_type":"вулиця","address_coment":null,"object_type":"спортивний","object_area":"1035","object_comment":null,"holder":"ЛКП \"Спортресурс\"","holder_id":"33073600"}},{"type":"Feature","geometry":{"type":"Point","coordinates":[24.022073319,49.854995195]},"properties":{"moid":"3181382204861187648","id":784,"geom":{"type":"Point","coordinates":[24.0220733189803,49.8549951948352]},"x":24.0220733189803,"y":49.8549951948352,"street":"Чорновола В., просп.","housenum":"45","editor_id":null,"uid":null,"editor_date":null,"cdate":"2023-08-31T08:25:34","settlement":"Львів","district":"Шевченківський","street_type":"проспект","address_coment":null,"object_type":"дитячо-спортивний","object_area":"1340","object_comment":null,"holder":"ЛКП \"Спортресурс\"","holder_id":"33073600"}},{"type":"Feature","geometry":{"type":"Point","coordinates":[23.934843671,49.87565187]},"properties":{"moid":"3181382204869576257","id":785,"geom":{"type":"Point","coordinates":[23.9348436705917,49.8756518696275]},"x":23.9348436705917,"y":49.8756518696275,"street":"Величковського І.","housenum":"30а","editor_id":null,"uid":null,"editor_date":null,"cdate":"2023-08-31T08:25:34","settlement":"Львів","district":"Шевченківський","street_type":"вулиця","address_coment":null,"object_type":"спортивний","object_area":"800","object_comment":null,"holder":"ЛКП \"Спортресурс\"","holder_id":"33073600"}},{"type":"Feature","geometry":{"type":"Point","coordinates":[23.934445671,49.878122424]},"properties":{"moid":"3181382204869576258","id":786,"geom":{"type":"Point","coordinates":[23.9344456714175,49.878122423749]},"x":23.9344456714175,"y":49.878122423749,"street":"Величковського І.","housenum":"10","editor_id":null,"uid":null,"editor_date":null,"cdate":"2023-08-31T08:25:34","settlement":"Львів","district":"Шевченківський","street_type":"вулиця","address_coment":null,"object_type":"дитячо-спортивний","object_area":"920","object_comment":null,"holder":"ЛКП \"Спортресурс\"","holder_id":"33073600"}},{"type":"Feature","geometry":{"type":"Point","coordinates":[24.060678813,49.861025845]},"properties":{"moid":"3181382204869576259","id":787,"geom":{"type":"Point","coordinates":[24.0606788131448,49.8610258451331]},"x":24.0606788131448,"y":49.8610258451331,"street":"Ковельська","housenum":"67","editor_id":null,"uid":null,"editor_date":null,"cdate":"2023-08-31T08:25:34","settlement":"Львів","district":"Личаківський","street_type":"вулиця","address_coment":null,"object_type":"спортивний","object_area":"3000","object_comment":null,"holder":"ЛКП \"Спортресурс\"","holder_id":"33073600"}},{"type":"Feature","geometry":{"type":"Point","coordinates":[23.926019682,49.844122387]},"properties":{"moid":"3181382204869576260","id":788,"geom":{"type":"Point","coordinates":[23.926019681968025,49.84412238655651]},"x":23.926019681968025,"y":49.84412238655651,"street":"Лаврівського І.","housenum":null,"editor_id":null,"uid":null,"editor_date":null,"cdate":"2023-08-31T08:25:34","settlement":"Львів","district":"Шевченківський","street_type":"вулиця","address_coment":"вул. Лаврівського І. - вул. Білогорща","object_type":"спортивний","object_area":"13500","object_comment":null,"holder":"ЛКП \"Спортресурс\"","holder_id":"33073600"}},{"type":"Feature","geometry":{"type":"Point","coordinates":[24.075277414,49.827185945]},"properties":{"moid":"3181382204869576261","id":789,"geom":{"type":"Point","coordinates":[24.0752774143268,49.8271859447796]},"x":24.0752774143268,"y":49.8271859447796,"street":"Медової Печери","housenum":"7","editor_id":null,"uid":null,"editor_date":null,"cdate":"2023-08-31T08:25:34","settlement":"Львів","district":"Личаківський","street_type":"вулиця","address_coment":"вул. Медової Печери, 7-9","object_type":"спортивний","object_area":"1125","object_comment":null,"holder":"ЛКП \"Спортресурс\"","holder_id":"33073600"}},{"type":"Feature","geometry":{"type":"Point","coordinates":[23.973944975,49.821526622]},"properties":{"moid":"3181382204869576262","id":790,"geom":{"type":"Point","coordinates":[23.9739449752071,49.8215266218611]},"x":23.9739449752071,"y":49.8215266218611,"street":"Любінська","housenum":"93","editor_id":null,"uid":null,"editor_date":null,"cdate":"2023-08-31T08:25:34","settlement":"Львів","district":"Шевченківський","street_type":"вулиця","address_coment":null,"object_type":"спортивний","object_area":"1000","object_comment":null,"holder":"ЛКП \"Спортресурс\"","holder_id":"33073600"}},{"type":"Feature","geometry":{"type":"Point","coordinates":[24.03735367,49.858887202]},"properties":{"moid":"3181382204869576263","id":791,"geom":{"type":"Point","coordinates":[24.0373536699383,49.8588872016633]},"x":24.0373536699383,"y":49.8588872016633,"street":"Жовківська","housenum":"57","editor_id":null,"uid":null,"editor_date":null,"cdate":"2023-08-31T08:25:34","settlement":"Львів","district":"Шевченківський","street_type":"вулиця","address_coment":null,"object_type":"дитячо-спортивний","object_area":"1250","object_comment":null,"holder":"ЛКП \"Спортресурс\"","holder_id":"33073600"}},{"type":"Feature","geometry":{"type":"Point","coordinates":[24.090101237,49.848591424]},"properties":{"moid":"3181382204869576264","id":792,"geom":{"type":"Point","coordinates":[24.0901012370711,49.8485914236056]},"x":24.0901012370711,"y":49.8485914236056,"street":"Тарасівська","housenum":"39а","editor_id":null,"uid":null,"editor_date":null,"cdate":"2023-08-31T08:25:34","settlement":"Львів","district":"Личаківський","street_type":"вулиця","address_coment":null,"object_type":"спортивний","object_area":"9384","object_comment":null,"holder":"ЛКП \"Спортресурс\"","holder_id":"33073600"}},{"type":"Feature","geometry":{"type":"Point","coordinates":[24.097538728,49.843277746]},"properties":{"moid":"3181382204869576265","id":793,"geom":{"type":"Point","coordinates":[24.0975387278165,49.8432777463727]},"x":24.0975387278165,"y":49.8432777463727,"street":"Глинянський Тракт","housenum":"147а","editor_id":null,"uid":null,"editor_date":null,"cdate":"2023-08-31T08:25:34","settlement":"Львів","district":"Личаківський","street_type":"вулиця","address_coment":null,"object_type":"спортивний","object_area":"2421","object_comment":null,"holder":"ЛКП \"Спортресурс\"","holder_id":"33073600"}},{"type":"Feature","geometry":{"type":"Point","coordinates":[23.935892436,49.875908139]},"properties":{"moid":"3181382204869576266","id":794,"geom":{"type":"Point","coordinates":[23.9358924355491,49.8759081392051]},"x":23.9358924355491,"y":49.8759081392051,"street":"Величковського І.","housenum":"16","editor_id":null,"uid":null,"editor_date":null,"cdate":"2023-08-31T08:25:34","settlement":"Львів","district":"Шевченківський","street_type":"вулиця","address_coment":"вул. Величковського І., 16-18","object_type":"спортивний","object_area":"4275","object_comment":null,"holder":"ЛКП \"Спортресурс\"","holder_id":"33073600"}},{"type":"Feature","geometry":{"type":"Point","coordinates":[24.052591982,49.799356558]},"properties":{"moid":"3181382204869576267","id":795,"geom":{"type":"Point","coordinates":[24.0525919816055,49.7993565582268]},"x":24.0525919816055,"y":49.7993565582268,"street":"Довженка О.","housenum":"3","editor_id":null,"uid":null,"editor_date":null,"cdate":"2023-08-31T08:25:34","settlement":"Львів","district":"Сихівський","street_type":"вулиця","address_coment":null,"object_type":"дитячо-спортивний","object_area":"1850","object_comment":null,"holder":"ЛКП \"Спортресурс\"","holder_id":"33073600"}},{"type":"Feature","geometry":{"type":"Point","coordinates":[23.95327745,49.869223395]},"properties":{"moid":"3181382204869576268","id":796,"geom":{"type":"Point","coordinates":[23.9532774504934,49.8692233952481]},"x":23.9532774504934,"y":49.8692233952481,"street":"Шевченка Т.","housenum":"360","editor_id":null,"uid":null,"editor_date":null,"cdate":"2023-08-31T08:25:34","settlement":"Львів","district":"Шевченківський","street_type":"вулиця","address_coment":null,"object_type":"спортивний","object_area":"1008","object_comment":null,"holder":"ЛКП \"Спортресурс\"","holder_id":"33073600"}},{"type":"Feature","geometry":{"type":"Point","coordinates":[24.042449188,49.795522964]},"properties":{"moid":"3181382204869576269","id":797,"geom":{"type":"Point","coordinates":[24.0424491877623,49.7955229644224]},"x":24.0424491877623,"y":49.7955229644224,"street":"Хоткевича Г.","housenum":"40","editor_id":null,"uid":null,"editor_date":null,"cdate":"2023-08-31T08:25:34","settlement":"Львів","district":"Сихівський","street_type":"вулиця","address_coment":"вул. Хоткевича Г., 40-44","object_type":"спортивний","object_area":"615","object_comment":null,"holder":"ЛКП \"Спортресурс\"","holder_id":"33073600"}},{"type":"Feature","geometry":{"type":"Point","coordinates":[24.0650627,49.795376251]},"properties":{"moid":"3181382204869576270","id":798,"geom":{"type":"Point","coordinates":[24.0650626995815,49.7953762513515]},"x":24.0650626995815,"y":49.7953762513515,"street":"Сихівська","housenum":"8","editor_id":null,"uid":null,"editor_date":null,"cdate":"2023-08-31T08:25:34","settlement":"Львів","district":"Сихівський","street_type":"вулиця","address_coment":null,"object_type":"дитячо-спортивний","object_area":"900","object_comment":null,"holder":"ЛКП \"Спортресурс\"","holder_id":"33073600"}},{"type":"Feature","geometry":{"type":"Point","coordinates":[23.980299274,49.814133063]},"properties":{"moid":"3181382204869576271","id":799,"geom":{"type":"Point","coordinates":[23.9802992739724,49.8141330632783]},"x":23.9802992739724,"y":49.8141330632783,"street":"Виговського І.","housenum":"73","editor_id":null,"uid":null,"editor_date":null,"cdate":"2023-08-31T08:25:34","settlement":"Львів","district":"Залізничний","street_type":"вулиця","address_coment":null,"object_type":"дитячо-спортивний","object_area":"1660","object_comment":null,"holder":"ЛКП \"Спортресурс\"","holder_id":"33073600"}},{"type":"Feature","geometry":{"type":"Point","coordinates":[24.047289248,49.830080098]},"properties":{"moid":"3181382204869576272","id":800,"geom":{"type":"Point","coordinates":[24.0472892476197,49.8300800983312]},"x":24.0472892476197,"y":49.8300800983312,"street":"Студентська","housenum":"6","editor_id":null,"uid":null,"editor_date":null,"cdate":"2023-08-31T08:25:34","settlement":"Львів","district":"Личаківський","street_type":"вулиця","address_coment":null,"object_type":"спортивний","object_area":"800","object_comment":null,"holder":"ЛКП \"Спортресурс\"","holder_id":"33073600"}},{"type":"Feature","geometry":{"type":"Point","coordinates":[24.06671749,49.795491187]},"properties":{"moid":"3181382204869576273","id":801,"geom":{"type":"Point","coordinates":[24.066717490106,49.7954911865105]},"x":24.066717490106,"y":49.7954911865105,"street":"Сихівська","housenum":"2","editor_id":null,"uid":null,"editor_date":null,"cdate":"2023-08-31T08:25:34","settlement":"Львів","district":"Сихівський","street_type":"вулиця","address_coment":null,"object_type":"дитячо-спортивний","object_area":"779","object_comment":null,"holder":"ЛКП \"Спортресурс\"","holder_id":"33073600"}},{"type":"Feature","geometry":{"type":"Point","coordinates":[23.931184622,49.909087456]},"properties":{"moid":"3181382204869576274","id":802,"geom":{"type":"Point","coordinates":[23.931184621551683,49.909087455726414]},"x":23.931184621551683,"y":49.909087455726414,"street":"Незалежності України","housenum":null,"editor_id":null,"uid":null,"editor_date":null,"cdate":"2023-08-31T08:25:34","settlement":"Брюховичі","district":"Шевченківський","street_type":"вулиця","address_coment":null,"object_type":"спортивний","object_area":null,"object_comment":null,"holder":"ЛКП \"Спортресурс\"","holder_id":"33073600"}},{"type":"Feature","geometry":{"type":"Point","coordinates":[23.9372864,49.8963782]},"properties":{"moid":"3181382204869576275","id":803,"geom":{"type":"Point","coordinates":[23.9372864,49.8963782]},"x":23.9372864,"y":49.8963782,"street":"Житня","housenum":null,"editor_id":null,"uid":null,"editor_date":null,"cdate":"2023-08-31T08:25:34","settlement":"Брюховичі","district":"Шевченківський","street_type":"вулиця","address_coment":"вул. Житня - вул. Пшенична","object_type":"спортивний","object_area":null,"object_comment":null,"holder":"ЛКП \"Спортресурс\"","holder_id":"33073600"}},{"type":"Feature","geometry":{"type":"Point","coordinates":[23.94652235,49.899824382]},"properties":{"moid":"3181382204869576276","id":804,"geom":{"type":"Point","coordinates":[23.946522349973776,49.89982438234203]},"x":23.946522349973776,"y":49.89982438234203,"street":"Малинова","housenum":null,"editor_id":null,"uid":null,"editor_date":null,"cdate":"2023-08-31T08:25:34","settlement":"Брюховичі","district":"Шевченківський","street_type":"вулиця","address_coment":null,"object_type":"спортивний","object_area":null,"object_comment":null,"holder":"ЛКП \"Спортресурс\"","holder_id":"33073600"}},{"type":"Feature","geometry":{"type":"Point","coordinates":[23.931143454,49.903802804]},"properties":{"moid":"3181382204869576277","id":805,"geom":{"type":"Point","coordinates":[23.931143454077915,49.903802803557056]},"x":23.931143454077915,"y":49.903802803557056,"street":"Ягідна","housenum":null,"editor_id":null,"uid":null,"editor_date":null,"cdate":"2023-08-31T08:25:34","settlement":"Брюховичі","district":"Шевченківський","street_type":"вулиця","address_coment":null,"object_type":"спортивний","object_area":null,"object_comment":null,"holder":"ЛКП \"Спортресурс\"","holder_id":"33073600"}},{"type":"Feature","geometry":{"type":"Point","coordinates":[23.928726135,49.911392407]},"properties":{"moid":"3181382204869576278","id":806,"geom":{"type":"Point","coordinates":[23.928726135140376,49.91139240741603]},"x":23.928726135140376,"y":49.91139240741603,"street":"Незалежності України","housenum":null,"editor_id":null,"uid":null,"editor_date":null,"cdate":"2023-08-31T08:25:34","settlement":"Брюховичі","district":"Шевченківський","street_type":"вулиця","address_coment":"вул. Незалежності України - вул. Широка","object_type":"спортивний","object_area":null,"object_comment":null,"holder":"ЛКП \"Спортресурс\"","holder_id":"33073600"}},{"type":"Feature","geometry":{"type":"Point","coordinates":[23.9595144,49.9010934]},"properties":{"moid":"3181382204869576279","id":807,"geom":{"type":"Point","coordinates":[23.9595144,49.9010934]},"x":23.9595144,"y":49.9010934,"street":"Ясна","housenum":null,"editor_id":null,"uid":null,"editor_date":null,"cdate":"2023-08-31T08:25:34","settlement":"Брюховичі","district":"Шевченківський","street_type":"вулиця","address_coment":"вул. Ясна - вул. Крута","object_type":"спортивний","object_area":null,"object_comment":null,"holder":"ЛКП \"Спортресурс\"","holder_id":"33073600"}},{"type":"Feature","geometry":{"type":"Point","coordinates":[23.979581,49.9207913]},"properties":{"moid":"3181382204869576280","id":808,"geom":{"type":"Point","coordinates":[23.979581,49.9207913]},"x":23.979581,"y":49.9207913,"street":"Під Осовою","housenum":null,"editor_id":null,"uid":null,"editor_date":null,"cdate":"2023-08-31T08:25:34","settlement":"Брюховичі","district":"Шевченківський","street_type":"вулиця","address_coment":null,"object_type":"спортивний","object_area":null,"object_comment":null,"holder":"ЛКП \"Спортресурс\"","holder_id":"33073600"}},{"type":"Feature","geometry":{"type":"Point","coordinates":[23.9327671,49.9004473]},"properties":{"moid":"3181382204869576281","id":809,"geom":{"type":"Point","coordinates":[23.9327671,49.9004473]},"x":23.9327671,"y":49.9004473,"street":"Проліскова","housenum":null,"editor_id":null,"uid":null,"editor_date":null,"cdate":"2023-08-31T08:25:34","settlement":"Брюховичі","district":"Шевченківський","street_type":"вулиця","address_coment":null,"object_type":"спортивний","object_area":null,"object_comment":null,"holder":"ЛКП \"Спортресурс\"","holder_id":"33073600"}},{"type":"Feature","geometry":{"type":"Point","coordinates":[24.070454941,49.886387587]},"properties":{"moid":"3181382204869576282","id":810,"geom":{"type":"Point","coordinates":[24.070454940584263,49.88638758662406]},"x":24.070454940584263,"y":49.88638758662406,"street":"Шевченка","housenum":"1","editor_id":null,"uid":null,"editor_date":null,"cdate":"2023-08-31T08:25:34","settlement":"Малехів","district":"Шевченківський","street_type":"вулиця","address_coment":null,"object_type":"спортивний","object_area":null,"object_comment":null,"holder":"ЛКП \"Спортресурс\"","holder_id":"33073600"}},{"type":"Feature","geometry":{"type":"Point","coordinates":[24.0699593,49.8750708]},"properties":{"moid":"3181382204869576283","id":811,"geom":{"type":"Point","coordinates":[24.0699593,49.8750708]},"x":24.0699593,"y":49.8750708,"street":"Галицька","housenum":null,"editor_id":null,"uid":null,"editor_date":null,"cdate":"2023-08-31T08:25:34","settlement":"Малехів","district":"Шевченківський","street_type":"вулиця","address_coment":null,"object_type":"спортивний","object_area":null,"object_comment":null,"holder":"ЛКП \"Спортресурс\"","holder_id":"33073600"}},{"type":"Feature","geometry":{"type":"Point","coordinates":[24.0924136,49.9047949]},"properties":{"moid":"3181382204869576284","id":812,"geom":{"type":"Point","coordinates":[24.0924136,49.9047949]},"x":24.0924136,"y":49.9047949,"street":"Тараса Шевченка","housenum":"21","editor_id":null,"uid":null,"editor_date":null,"cdate":"2023-08-31T08:25:34","settlement":"Дубляни","district":"Шевченківський","street_type":"вулиця","address_coment":null,"object_type":"спортивний","object_area":null,"object_comment":null,"holder":"ЛКП \"Спортресурс\"","holder_id":"33073600"}},{"type":"Feature","geometry":{"type":"Point","coordinates":[24.1645502,49.9171321]},"properties":{"moid":"3181382204869576285","id":813,"geom":{"type":"Point","coordinates":[24.1645502,49.9171321]},"x":24.1645502,"y":49.9171321,"street":"Нова","housenum":null,"editor_id":null,"uid":null,"editor_date":null,"cdate":"2023-08-31T08:25:34","settlement":"Малі Підліски","district":"Шевченківський","street_type":"вулиця","address_coment":null,"object_type":"спортивний","object_area":null,"object_comment":null,"holder":"ЛКП \"Спортресурс\"","holder_id":"33073600"}},{"type":"Feature","geometry":{"type":"Point","coordinates":[24.123434035,49.838042135]},"properties":{"moid":"3181382204869576286","id":814,"geom":{"type":"Point","coordinates":[24.123434035150158,49.83804213515609]},"x":24.123434035150158,"y":49.83804213515609,"street":"Спортивна","housenum":null,"editor_id":null,"uid":null,"editor_date":null,"cdate":"2023-08-31T08:25:34","settlement":"Лисиничі","district":"Личаківський","street_type":"вулиця","address_coment":null,"object_type":"спортивний","object_area":null,"object_comment":null,"holder":"ЛКП \"Спортресурс\"","holder_id":"33073600"}},{"type":"Feature","geometry":{"type":"Point","coordinates":[23.9056875,49.8835381]},"properties":{"moid":"3181382204869576287","id":815,"geom":{"type":"Point","coordinates":[23.9056875,49.8835381]},"x":23.9056875,"y":49.8835381,"street":"Володимира Великого","housenum":"8","editor_id":null,"uid":null,"editor_date":null,"cdate":"2023-08-31T08:25:34","settlement":"Рясне-Руське","district":"Залізничний","street_type":"вулиця","address_coment":null,"object_type":"спортивний","object_area":null,"object_comment":null,"holder":"ЛКП \"Спортресурс\"","holder_id":"33073600"}},{"type":"Feature","geometry":{"type":"Point","coordinates":[24.0397446,49.9346059]},"properties":{"moid":"3181382204869576288","id":816,"geom":{"type":"Point","coordinates":[24.0397446,49.9346059]},"x":24.0397446,"y":49.9346059,"street":"Т. Шевченка","housenum":"40","editor_id":null,"uid":null,"editor_date":null,"cdate":"2023-08-31T08:25:34","settlement":"Гряда","district":"Шевченківський","street_type":"вулиця","address_coment":null,"object_type":"спортивний","object_area":null,"object_comment":null,"holder":"ЛКП \"Спортресурс\"","holder_id":"33073600"}}]}
